2025-09-26 14:55:54,864 - gen_cards.py - INFO - Running in debug mode. Just printing one card.
2025-09-26 14:55:55,142 - gen_cards.py - DEBUG - Success image pull for Abraham J. Hamadeh
2025-09-26 14:55:55,240 - gen_cards.py - WARNING - No congressional stats found for Abraham J. Hamadeh. Skip.
2025-09-26 14:55:55,240 - gen_cards.py - WARNING - No awards found for Abraham J. Hamadeh. Skip.
2025-09-26 14:55:55,988 - gen_cards.py - INFO - Card generation complete!
2025-09-26 14:57:22,289 - gen_cards.py - INFO - Running in debug mode. Just printing one card.
2025-09-26 14:57:22,585 - gen_cards.py - DEBUG - Success image pull for Abraham J. Hamadeh
2025-09-26 14:57:22,682 - gen_cards.py - WARNING - No congressional stats found for Abraham J. Hamadeh. Skip.
2025-09-26 14:57:22,682 - gen_cards.py - WARNING - No awards found for Abraham J. Hamadeh. Skip.
2025-09-26 14:57:23,454 - gen_cards.py - INFO - Card generation complete!
2025-09-26 15:00:50,764 - gen_cards.py - INFO - Running in debug mode. Just printing one card.
2025-09-26 15:00:51,152 - gen_cards.py - DEBUG - Success image pull for Abraham J. Hamadeh
2025-09-26 15:00:51,251 - gen_cards.py - WARNING - No congressional stats found for Abraham J. Hamadeh. Skip.
2025-09-26 15:00:51,251 - gen_cards.py - WARNING - No awards found for Abraham J. Hamadeh. Skip.
2025-09-26 15:00:52,010 - gen_cards.py - INFO - Card generation complete!
2025-09-26 15:08:32,496 - gen_cards.py - INFO - Running in debug mode. Just printing one card.
2025-09-26 15:08:32,777 - gen_cards.py - DEBUG - Success image pull for Abraham J. Hamadeh
2025-09-26 15:08:32,882 - gen_cards.py - WARNING - No congressional stats found for Abraham J. Hamadeh. Skip.
2025-09-26 15:08:32,882 - gen_cards.py - WARNING - No awards found for Abraham J. Hamadeh. Skip.
2025-09-26 15:08:33,656 - gen_cards.py - INFO - Card generation complete!
2025-09-26 15:08:56,429 - gen_cards.py - INFO - Running in debug mode. Just printing one card.
2025-09-26 15:08:56,713 - gen_cards.py - DEBUG - Success image pull for Abraham J. Hamadeh
2025-09-26 15:08:56,815 - gen_cards.py - WARNING - No congressional stats found for Abraham J. Hamadeh. Skip.
2025-09-26 15:08:56,815 - gen_cards.py - WARNING - No awards found for Abraham J. Hamadeh. Skip.
2025-09-26 15:08:57,574 - gen_cards.py - INFO - Card generation complete!
2025-09-26 15:09:24,161 - gen_cards.py - INFO - Running in debug mode. Just printing one card.
2025-09-26 15:09:24,441 - gen_cards.py - DEBUG - Success image pull for Abraham J. Hamadeh
2025-09-26 15:09:24,542 - gen_cards.py - WARNING - No congressional stats found for Abraham J. Hamadeh. Skip.
2025-09-26 15:09:24,543 - gen_cards.py - WARNING - No awards found for Abraham J. Hamadeh. Skip.
2025-09-26 15:09:25,277 - gen_cards.py - INFO - Card generation complete!
2025-09-26 15:12:02,659 - gen_cards.py - INFO - Running in debug mode. Just printing one card.
2025-09-26 15:12:02,924 - gen_cards.py - DEBUG - Success image pull for Abraham J. Hamadeh
2025-09-26 15:12:03,028 - gen_cards.py - WARNING - No congressional stats found for Abraham J. Hamadeh. Skip.
2025-09-26 15:12:03,029 - gen_cards.py - WARNING - No awards found for Abraham J. Hamadeh. Skip.
2025-09-26 15:12:03,782 - gen_cards.py - INFO - Card generation complete!
2025-09-26 15:12:18,007 - gen_cards.py - INFO - Running in debug mode. Just printing one card.
2025-09-26 15:12:18,297 - gen_cards.py - DEBUG - Success image pull for Abraham J. Hamadeh
2025-09-26 15:12:18,398 - gen_cards.py - WARNING - No congressional stats found for Abraham J. Hamadeh. Skip.
2025-09-26 15:12:18,398 - gen_cards.py - WARNING - No awards found for Abraham J. Hamadeh. Skip.
2025-09-26 15:12:19,178 - gen_cards.py - INFO - Card generation complete!
2025-09-26 15:16:37,357 - gen_cards.py - INFO - Running in debug mode. Just printing one card.
2025-09-26 15:16:39,338 - gen_cards.py - DEBUG - Success image pull for Abraham J. Hamadeh
2025-09-26 15:16:39,441 - gen_cards.py - WARNING - No congressional stats found for Abraham J. Hamadeh. Skip.
2025-09-26 15:16:39,441 - gen_cards.py - WARNING - No awards found for Abraham J. Hamadeh. Skip.
2025-09-26 15:16:40,179 - gen_cards.py - INFO - Card generation complete!
2025-09-26 15:17:51,462 - modify_votes.py - INFO - Success getting senate bioguide to senate_id dict
2025-09-26 15:17:51,584 - modify_votes.py - INFO - 282 house votes, 530 senate votes, for total of 812 votes
2025-09-26 15:17:51,644 - modify_votes.py - INFO - 444 house reps, 102 senators, for total of 546 people
2025-09-26 15:17:52,128 - modify_votes.py - WARNING - Some congressmen are missing voter information unexpectedly: ['H001104' 'J000312' 'M001244' 'W000831']
2025-09-26 15:17:52,613 - gen_committees.py - INFO - Success getting list of comcodes per bioguideID for House
2025-09-26 15:17:52,613 - gen_committees.py - INFO - Success getting list of (sub)committee names for comcode
2025-09-26 15:17:52,614 - gen_committees.py - WARNING - Comcode not found for None, Nonetype returned.
2025-09-26 15:17:52,614 - gen_committees.py - WARNING - Comcode not found for P000197, Nonetype returned.
2025-09-26 15:17:52,614 - gen_committees.py - WARNING - Comcode not found for S001176, Nonetype returned.
2025-09-26 15:17:52,615 - gen_committees.py - WARNING - Comcode not found for J000299, Nonetype returned.
2025-09-26 15:17:52,615 - gen_committees.py - WARNING - Comcode not found for C001101, Nonetype returned.
2025-09-26 15:17:52,615 - gen_committees.py - WARNING - Comcode not found for J000294, Nonetype returned.
2025-09-26 15:17:52,678 - gen_committees.py - INFO - Success getting list of comcodes per bioguideID for senate
2025-09-26 15:18:02,057 - gen_cards.py - DEBUG - Success image pull for Mark B. Messmer
2025-09-26 15:18:02,149 - gen_cards.py - WARNING - No military record for Mark B. Messmer. Skip.
2025-09-26 15:18:02,149 - gen_cards.py - WARNING - No congressional stats found for Mark B. Messmer. Skip.
2025-09-26 15:18:02,149 - gen_cards.py - WARNING - No awards found for Mark B. Messmer. Skip.
2025-09-26 15:18:02,284 - gen_cards.py - ERROR - Text box 2 for Mark B. Messmer exceeds card dimensions by 159.0 pixels
2025-09-26 15:18:02,441 - gen_cards.py - INFO - Created card: cards\mark_b_messmer_card.png
2025-09-26 15:18:02,958 - gen_cards.py - DEBUG - Success image pull for Delia C. Ramirez
2025-09-26 15:18:03,387 - gen_cards.py - WARNING - No military record for Delia C. Ramirez. Skip.
2025-09-26 15:18:03,387 - gen_cards.py - WARNING - No congressional stats found for Delia C. Ramirez. Skip.
2025-09-26 15:18:03,387 - gen_cards.py - WARNING - No awards found for Delia C. Ramirez. Skip.
2025-09-26 15:18:03,656 - gen_cards.py - INFO - Created card: cards\delia_c_ramirez_card.png
2025-09-26 15:18:03,971 - gen_cards.py - DEBUG - Success image pull for Tim Sheehy
2025-09-26 15:18:03,974 - gen_cards.py - WARNING - Having to expand picture, could be poor quality. Original photo: (180, 225)
2025-09-26 15:18:04,007 - gen_cards.py - INFO - Tim Sheehy has never disagreed
2025-09-26 15:18:04,038 - gen_cards.py - WARNING - No work history found for Tim Sheehy. Skip.
2025-09-26 15:18:04,038 - gen_cards.py - WARNING - No congressional stats found for Tim Sheehy. Skip.
2025-09-26 15:18:04,038 - gen_cards.py - WARNING - No awards found for Tim Sheehy. Skip.
2025-09-26 15:18:04,214 - gen_cards.py - INFO - Created card: cards\tim_sheehy_card.png
2025-09-26 15:18:04,699 - gen_cards.py - DEBUG - Success image pull for Ben Ray Luján
2025-09-26 15:18:05,051 - gen_cards.py - WARNING - Birthdate unknown for Ben Ray Luján
2025-09-26 15:18:05,113 - gen_cards.py - WARNING - No military record for Ben Ray Luján. Skip.
2025-09-26 15:18:05,113 - gen_cards.py - WARNING - No work history found for Ben Ray Luján. Skip.
2025-09-26 15:18:05,114 - gen_cards.py - WARNING - No awards found for Ben Ray Luján. Skip.
2025-09-26 15:18:05,317 - gen_cards.py - INFO - Created card: cards\ben_ray_luján_card.png
2025-09-26 15:18:05,467 - gen_cards.py - DEBUG - Success image pull for Josh Hawley
2025-09-26 15:18:05,469 - gen_cards.py - WARNING - Having to expand picture, could be poor quality. Original photo: (180, 225)
2025-09-26 15:18:05,480 - gen_cards.py - WARNING - Birthdate unknown for Josh Hawley
2025-09-26 15:18:05,532 - gen_cards.py - WARNING - No military record for Josh Hawley. Skip.
2025-09-26 15:18:05,533 - gen_cards.py - WARNING - No congressional stats found for Josh Hawley. Skip.
2025-09-26 15:18:05,533 - gen_cards.py - WARNING - No awards found for Josh Hawley. Skip.
2025-09-26 15:18:05,782 - gen_cards.py - INFO - Created card: cards\josh_hawley_card.png
2025-09-26 15:18:06,016 - gen_cards.py - DEBUG - Success image pull for Peter Welch
2025-09-26 15:18:06,340 - gen_cards.py - WARNING - Having to expand picture, could be poor quality. Original photo: (173, 216)
2025-09-26 15:18:06,408 - gen_cards.py - WARNING - No military record for Peter Welch. Skip.
2025-09-26 15:18:06,408 - gen_cards.py - WARNING - No congressional stats found for Peter Welch. Skip.
2025-09-26 15:18:06,408 - gen_cards.py - WARNING - No awards found for Peter Welch. Skip.
2025-09-26 15:18:06,611 - gen_cards.py - INFO - Created card: cards\peter_welch_card.png
2025-09-26 15:18:06,818 - gen_cards.py - DEBUG - Success image pull for Bernie Moreno
2025-09-26 15:18:06,821 - gen_cards.py - WARNING - Having to expand picture, could be poor quality. Original photo: (180, 225)
2025-09-26 15:18:06,849 - gen_cards.py - INFO - Bernie Moreno has never been absent
2025-09-26 15:18:06,875 - gen_cards.py - WARNING - No military record for Bernie Moreno. Skip.
2025-09-26 15:18:06,875 - gen_cards.py - WARNING - No work history found for Bernie Moreno. Skip.
2025-09-26 15:18:06,875 - gen_cards.py - WARNING - No congressional stats found for Bernie Moreno. Skip.
2025-09-26 15:18:06,876 - gen_cards.py - WARNING - No awards found for Bernie Moreno. Skip.
2025-09-26 15:18:07,076 - gen_cards.py - INFO - Created card: cards\bernie_moreno_card.png
2025-09-26 15:18:07,557 - gen_cards.py - DEBUG - Success image pull for LaMonica McIver
2025-09-26 15:18:07,943 - gen_cards.py - INFO - LaMonica McIver has never been absent
2025-09-26 15:18:07,968 - gen_cards.py - WARNING - No military record for LaMonica McIver. Skip.
2025-09-26 15:18:07,968 - gen_cards.py - WARNING - No congressional stats found for LaMonica McIver. Skip.
2025-09-26 15:18:07,969 - gen_cards.py - WARNING - No awards found for LaMonica McIver. Skip.
2025-09-26 15:18:08,092 - gen_cards.py - ERROR - Text box 2 for LaMonica McIver exceeds card dimensions by 152.0 pixels
2025-09-26 15:18:08,245 - gen_cards.py - INFO - Created card: cards\lamonica_mciver_card.png
2025-09-26 15:18:08,791 - gen_cards.py - DEBUG - Success image pull for Chrissy Houlahan
2025-09-26 15:18:09,180 - gen_cards.py - INFO - Chrissy Houlahan has never disagreed
2025-09-26 15:18:09,202 - gen_cards.py - WARNING - No congressional stats found for Chrissy Houlahan. Skip.
2025-09-26 15:18:09,203 - gen_cards.py - WARNING - No awards found for Chrissy Houlahan. Skip.
2025-09-26 15:18:09,302 - gen_cards.py - ERROR - Text box 2 for Chrissy Houlahan exceeds card dimensions by 94.0 pixels
2025-09-26 15:18:09,455 - gen_cards.py - INFO - Created card: cards\chrissy_houlahan_card.png
2025-09-26 15:18:09,455 - gen_cards.py - INFO - Trying backup image for Ashley Moody
2025-09-26 15:18:09,456 - gen_cards.py - DEBUG - No image found for Ashley Moody
2025-09-26 15:18:09,506 - gen_cards.py - INFO - Ashley Moody has never been absent
2025-09-26 15:18:09,531 - gen_cards.py - WARNING - No military record for Ashley Moody. Skip.
2025-09-26 15:18:09,532 - gen_cards.py - WARNING - No congressional stats found for Ashley Moody. Skip.
2025-09-26 15:18:09,532 - gen_cards.py - WARNING - No awards found for Ashley Moody. Skip.
2025-09-26 15:18:09,602 - gen_cards.py - ERROR - Text box 2 for Ashley Moody exceeds card dimensions by 50.0 pixels
2025-09-26 15:18:09,675 - gen_cards.py - INFO - Created card: cards\ashley_moody_card.png
2025-09-26 15:18:10,224 - gen_cards.py - DEBUG - Success image pull for Robert Menendez
2025-09-26 15:18:10,603 - gen_cards.py - INFO - Robert Menendez has never been absent
2025-09-26 15:18:10,628 - gen_cards.py - WARNING - No military record for Robert Menendez. Skip.
2025-09-26 15:18:10,628 - gen_cards.py - WARNING - No congressional stats found for Robert Menendez. Skip.
2025-09-26 15:18:10,628 - gen_cards.py - WARNING - No awards found for Robert Menendez. Skip.
2025-09-26 15:18:10,840 - gen_cards.py - INFO - Created card: cards\robert_menendez_card.png
2025-09-26 15:18:11,131 - gen_cards.py - DEBUG - Success image pull for Valerie P. Foushee
2025-09-26 15:18:11,528 - gen_cards.py - WARNING - No military record for Valerie P. Foushee. Skip.
2025-09-26 15:18:11,529 - gen_cards.py - WARNING - No congressional stats found for Valerie P. Foushee. Skip.
2025-09-26 15:18:11,529 - gen_cards.py - WARNING - No awards found for Valerie P. Foushee. Skip.
2025-09-26 15:18:11,800 - gen_cards.py - INFO - Created card: cards\valerie_p_foushee_card.png
2025-09-26 15:18:12,039 - gen_cards.py - DEBUG - Success image pull for Shri Thanedar
2025-09-26 15:18:12,452 - gen_cards.py - WARNING - No military record for Shri Thanedar. Skip.
2025-09-26 15:18:12,452 - gen_cards.py - WARNING - No congressional stats found for Shri Thanedar. Skip.
2025-09-26 15:18:12,452 - gen_cards.py - WARNING - No awards found for Shri Thanedar. Skip.
2025-09-26 15:18:12,523 - gen_cards.py - ERROR - Text box 2 for Shri Thanedar exceeds card dimensions by 41.0 pixels
2025-09-26 15:18:12,686 - gen_cards.py - INFO - Created card: cards\shri_thanedar_card.png
2025-09-26 15:18:13,099 - gen_cards.py - DEBUG - Success image pull for Jimmy Patronis
2025-09-26 15:18:13,162 - gen_cards.py - INFO - Jimmy Patronis has never been absent
2025-09-26 15:18:13,188 - gen_cards.py - WARNING - No military record for Jimmy Patronis. Skip.
2025-09-26 15:18:13,188 - gen_cards.py - WARNING - No congressional stats found for Jimmy Patronis. Skip.
2025-09-26 15:18:13,188 - gen_cards.py - WARNING - No awards found for Jimmy Patronis. Skip.
2025-09-26 15:18:13,313 - gen_cards.py - ERROR - Text box 2 for Jimmy Patronis exceeds card dimensions by 108.0 pixels
2025-09-26 15:18:13,485 - gen_cards.py - INFO - Created card: cards\jimmy_patronis_card.png
2025-09-26 15:18:13,918 - gen_cards.py - DEBUG - Success image pull for Randy Fine
2025-09-26 15:18:13,993 - gen_cards.py - WARNING - No military record for Randy Fine. Skip.
2025-09-26 15:18:13,993 - gen_cards.py - WARNING - No congressional stats found for Randy Fine. Skip.
2025-09-26 15:18:13,993 - gen_cards.py - WARNING - No awards found for Randy Fine. Skip.
2025-09-26 15:18:14,238 - gen_cards.py - INFO - Created card: cards\randy_fine_card.png
2025-09-26 15:18:14,580 - gen_cards.py - DEBUG - Success image pull for Hillary J. Scholten
2025-09-26 15:18:14,902 - gen_cards.py - WARNING - Having to expand picture, could be poor quality. Original photo: (175, 219)
2025-09-26 15:18:14,941 - gen_cards.py - INFO - Hillary J. Scholten has never disagreed
2025-09-26 15:18:14,962 - gen_cards.py - WARNING - No military record for Hillary J. Scholten. Skip.
2025-09-26 15:18:14,963 - gen_cards.py - WARNING - No congressional stats found for Hillary J. Scholten. Skip.
2025-09-26 15:18:14,963 - gen_cards.py - WARNING - No awards found for Hillary J. Scholten. Skip.
2025-09-26 15:18:15,100 - gen_cards.py - ERROR - Text box 2 for Hillary J. Scholten exceeds card dimensions by 89.0 pixels
2025-09-26 15:18:15,276 - gen_cards.py - INFO - Created card: cards\hillary_j_scholten_card.png
2025-09-26 15:18:15,683 - gen_cards.py - DEBUG - Success image pull for Mike Johnson
2025-09-26 15:18:15,731 - gen_cards.py - INFO - Mike Johnson has never disagreed
2025-09-26 15:18:15,731 - gen_cards.py - INFO - Mike Johnson has never been absent
2025-09-26 15:18:15,750 - gen_cards.py - WARNING - No military record for Mike Johnson. Skip.
2025-09-26 15:18:15,750 - gen_cards.py - WARNING - No awards found for Mike Johnson. Skip.
2025-09-26 15:18:15,750 - gen_cards.py - WARNING - No committees found for Mike Johnson. Skip.
2025-09-26 15:18:15,943 - gen_cards.py - INFO - Created card: cards\mike_johnson_card.png
2025-09-26 15:18:16,499 - gen_cards.py - DEBUG - Success image pull for Emily Randall
2025-09-26 15:18:16,937 - gen_cards.py - WARNING - No military record for Emily Randall. Skip.
2025-09-26 15:18:16,937 - gen_cards.py - WARNING - No congressional stats found for Emily Randall. Skip.
2025-09-26 15:18:16,937 - gen_cards.py - WARNING - No awards found for Emily Randall. Skip.
2025-09-26 15:18:17,204 - gen_cards.py - INFO - Created card: cards\emily_randall_card.png
2025-09-26 15:18:17,881 - gen_cards.py - DEBUG - Success image pull for Riley M. Moore
2025-09-26 15:18:17,998 - gen_cards.py - WARNING - No military record for Riley M. Moore. Skip.
2025-09-26 15:18:17,998 - gen_cards.py - WARNING - No congressional stats found for Riley M. Moore. Skip.
2025-09-26 15:18:17,999 - gen_cards.py - WARNING - No awards found for Riley M. Moore. Skip.
2025-09-26 15:18:18,284 - gen_cards.py - INFO - Created card: cards\riley_m_moore_card.png
2025-09-26 15:18:18,859 - gen_cards.py - DEBUG - Success image pull for Michael Baumgartner
2025-09-26 15:18:18,934 - gen_cards.py - INFO - Michael Baumgartner has never disagreed
2025-09-26 15:18:18,955 - gen_cards.py - WARNING - No military record for Michael Baumgartner. Skip.
2025-09-26 15:18:18,956 - gen_cards.py - WARNING - No congressional stats found for Michael Baumgartner. Skip.
2025-09-26 15:18:18,956 - gen_cards.py - WARNING - No awards found for Michael Baumgartner. Skip.
2025-09-26 15:18:19,097 - gen_cards.py - ERROR - Text box 2 for Michael Baumgartner exceeds card dimensions by 89.0 pixels
2025-09-26 15:18:19,273 - gen_cards.py - INFO - Created card: cards\michael_baumgartner_card.png
2025-09-26 15:18:19,796 - gen_cards.py - DEBUG - Success image pull for Tony Wied
2025-09-26 15:18:19,856 - gen_cards.py - INFO - Tony Wied has never been absent
2025-09-26 15:18:19,881 - gen_cards.py - WARNING - No military record for Tony Wied. Skip.
2025-09-26 15:18:19,881 - gen_cards.py - WARNING - No congressional stats found for Tony Wied. Skip.
2025-09-26 15:18:19,882 - gen_cards.py - WARNING - No awards found for Tony Wied. Skip.
2025-09-26 15:18:20,011 - gen_cards.py - ERROR - Text box 2 for Tony Wied exceeds card dimensions by 53.0 pixels
2025-09-26 15:18:20,139 - gen_cards.py - INFO - Created card: cards\tony_wied_card.png
2025-09-26 15:18:20,455 - gen_cards.py - DEBUG - Success image pull for Derrick Van Orden
2025-09-26 15:18:20,458 - gen_cards.py - WARNING - Having to expand picture, could be poor quality. Original photo: (175, 219)
2025-09-26 15:18:20,519 - gen_cards.py - WARNING - No congressional stats found for Derrick Van Orden. Skip.
2025-09-26 15:18:20,519 - gen_cards.py - WARNING - No awards found for Derrick Van Orden. Skip.
2025-09-26 15:18:20,619 - gen_cards.py - ERROR - Text box 2 for Derrick Van Orden exceeds card dimensions by 18.0 pixels
2025-09-26 15:18:20,780 - gen_cards.py - INFO - Created card: cards\derrick_van_orden_card.png
2025-09-26 15:18:20,917 - gen_cards.py - DEBUG - Success image pull for Marie Gluesenkamp Perez
2025-09-26 15:18:21,242 - gen_cards.py - WARNING - Having to expand picture, could be poor quality. Original photo: (175, 219)
2025-09-26 15:18:21,277 - gen_cards.py - INFO - Marie Gluesenkamp Perez has never disagreed
2025-09-26 15:18:21,299 - gen_cards.py - WARNING - No military record for Marie Gluesenkamp Perez. Skip.
2025-09-26 15:18:21,299 - gen_cards.py - WARNING - No congressional stats found for Marie Gluesenkamp Perez. Skip.
2025-09-26 15:18:21,300 - gen_cards.py - WARNING - No awards found for Marie Gluesenkamp Perez. Skip.
2025-09-26 15:18:21,497 - gen_cards.py - INFO - Created card: cards\marie_gluesenkamp_perez_card.png
2025-09-26 15:18:21,854 - gen_cards.py - DEBUG - Success image pull for Harriet M. Hageman
2025-09-26 15:18:21,856 - gen_cards.py - WARNING - Having to expand picture, could be poor quality. Original photo: (175, 219)
2025-09-26 15:18:21,906 - gen_cards.py - INFO - Harriet M. Hageman has never been absent
2025-09-26 15:18:21,931 - gen_cards.py - WARNING - No military record for Harriet M. Hageman. Skip.
2025-09-26 15:18:21,931 - gen_cards.py - WARNING - No awards found for Harriet M. Hageman. Skip.
2025-09-26 15:18:22,104 - gen_cards.py - ERROR - Text box 2 for Harriet M. Hageman exceeds card dimensions by 313.0 pixels
2025-09-26 15:18:22,257 - gen_cards.py - INFO - Created card: cards\harriet_m_hageman_card.png
2025-09-26 15:18:22,651 - gen_cards.py - DEBUG - Success image pull for Becca Balint
2025-09-26 15:18:22,974 - gen_cards.py - WARNING - Having to expand picture, could be poor quality. Original photo: (175, 219)
2025-09-26 15:18:23,055 - gen_cards.py - WARNING - No military record for Becca Balint. Skip.
2025-09-26 15:18:23,055 - gen_cards.py - WARNING - No congressional stats found for Becca Balint. Skip.
2025-09-26 15:18:23,055 - gen_cards.py - WARNING - No awards found for Becca Balint. Skip.
2025-09-26 15:18:23,130 - gen_cards.py - ERROR - Text box 2 for Becca Balint exceeds card dimensions by 75.0 pixels
2025-09-26 15:18:23,299 - gen_cards.py - INFO - Created card: cards\becca_balint_card.png
2025-09-26 15:18:23,672 - gen_cards.py - DEBUG - Success image pull for Marilyn Strickland
2025-09-26 15:18:24,000 - gen_cards.py - WARNING - Having to expand picture, could be poor quality. Original photo: (175, 219)
2025-09-26 15:18:24,041 - gen_cards.py - INFO - Marilyn Strickland has never disagreed
2025-09-26 15:18:24,063 - gen_cards.py - WARNING - No military record for Marilyn Strickland. Skip.
2025-09-26 15:18:24,064 - gen_cards.py - WARNING - No congressional stats found for Marilyn Strickland. Skip.
2025-09-26 15:18:24,064 - gen_cards.py - WARNING - No awards found for Marilyn Strickland. Skip.
2025-09-26 15:18:24,308 - gen_cards.py - INFO - Created card: cards\marilyn_strickland_card.png
2025-09-26 15:18:24,652 - gen_cards.py - DEBUG - Success image pull for Scott Fitzgerald
2025-09-26 15:18:24,654 - gen_cards.py - WARNING - Having to expand picture, could be poor quality. Original photo: (175, 219)
2025-09-26 15:18:24,717 - gen_cards.py - WARNING - No congressional stats found for Scott Fitzgerald. Skip.
2025-09-26 15:18:24,717 - gen_cards.py - WARNING - No awards found for Scott Fitzgerald. Skip.
2025-09-26 15:18:24,986 - gen_cards.py - INFO - Created card: cards\scott_fitzgerald_card.png
2025-09-26 15:18:25,334 - gen_cards.py - DEBUG - Success image pull for Thomas P. Tiffany
2025-09-26 15:18:25,336 - gen_cards.py - WARNING - Having to expand picture, could be poor quality. Original photo: (175, 219)
2025-09-26 15:18:25,401 - gen_cards.py - WARNING - No military record for Thomas P. Tiffany. Skip.
2025-09-26 15:18:25,402 - gen_cards.py - WARNING - No congressional stats found for Thomas P. Tiffany. Skip.
2025-09-26 15:18:25,402 - gen_cards.py - WARNING - No awards found for Thomas P. Tiffany. Skip.
2025-09-26 15:18:25,652 - gen_cards.py - INFO - Created card: cards\thomas_p_tiffany_card.png
2025-09-26 15:18:25,953 - gen_cards.py - DEBUG - Success image pull for Carol D. Miller
2025-09-26 15:18:25,956 - gen_cards.py - WARNING - Having to expand picture, could be poor quality. Original photo: (175, 263)
2025-09-26 15:18:26,018 - gen_cards.py - WARNING - No military record for Carol D. Miller. Skip.
2025-09-26 15:18:26,018 - gen_cards.py - WARNING - No work history found for Carol D. Miller. Skip.
2025-09-26 15:18:26,019 - gen_cards.py - WARNING - No congressional stats found for Carol D. Miller. Skip.
2025-09-26 15:18:26,019 - gen_cards.py - WARNING - No awards found for Carol D. Miller. Skip.
2025-09-26 15:18:26,220 - gen_cards.py - INFO - Created card: cards\carol_d_miller_card.png
2025-09-26 15:18:26,432 - gen_cards.py - DEBUG - Success image pull for Bryan Steil
2025-09-26 15:18:26,435 - gen_cards.py - WARNING - Having to expand picture, could be poor quality. Original photo: (175, 235)
2025-09-26 15:18:26,476 - gen_cards.py - INFO - Bryan Steil has never disagreed
2025-09-26 15:18:26,476 - gen_cards.py - INFO - Bryan Steil has never been absent
2025-09-26 15:18:26,496 - gen_cards.py - WARNING - No military record for Bryan Steil. Skip.
2025-09-26 15:18:26,497 - gen_cards.py - WARNING - No awards found for Bryan Steil. Skip.
2025-09-26 15:18:26,771 - gen_cards.py - INFO - Created card: cards\bryan_steil_card.png
2025-09-26 15:18:27,181 - gen_cards.py - DEBUG - Success image pull for Kim Schrier
2025-09-26 15:18:27,510 - gen_cards.py - WARNING - Having to expand picture, could be poor quality. Original photo: (175, 263)
2025-09-26 15:18:27,553 - gen_cards.py - INFO - Kim Schrier has never disagreed
2025-09-26 15:18:27,576 - gen_cards.py - WARNING - No military record for Kim Schrier. Skip.
2025-09-26 15:18:27,577 - gen_cards.py - WARNING - No work history found for Kim Schrier. Skip.
2025-09-26 15:18:27,577 - gen_cards.py - WARNING - No congressional stats found for Kim Schrier. Skip.
2025-09-26 15:18:27,577 - gen_cards.py - WARNING - No awards found for Kim Schrier. Skip.
2025-09-26 15:18:27,770 - gen_cards.py - INFO - Created card: cards\kim_schrier_card.png
2025-09-26 15:18:28,086 - gen_cards.py - DEBUG - Success image pull for Pramila Jayapal
2025-09-26 15:18:28,406 - gen_cards.py - WARNING - Having to expand picture, could be poor quality. Original photo: (175, 263)
2025-09-26 15:18:28,470 - gen_cards.py - WARNING - No military record for Pramila Jayapal. Skip.
2025-09-26 15:18:28,470 - gen_cards.py - WARNING - No congressional stats found for Pramila Jayapal. Skip.
2025-09-26 15:18:28,470 - gen_cards.py - WARNING - No awards found for Pramila Jayapal. Skip.
2025-09-26 15:18:28,726 - gen_cards.py - INFO - Created card: cards\pramila_jayapal_card.png
2025-09-26 15:18:29,106 - gen_cards.py - DEBUG - Success image pull for Glenn Grothman
2025-09-26 15:18:29,109 - gen_cards.py - WARNING - Having to expand picture, could be poor quality. Original photo: (175, 219)
2025-09-26 15:18:29,182 - gen_cards.py - WARNING - No military record for Glenn Grothman. Skip.
2025-09-26 15:18:29,182 - gen_cards.py - WARNING - No congressional stats found for Glenn Grothman. Skip.
2025-09-26 15:18:29,182 - gen_cards.py - WARNING - No awards found for Glenn Grothman. Skip.
2025-09-26 15:18:29,309 - gen_cards.py - ERROR - Text box 2 for Glenn Grothman exceeds card dimensions by 217.0 pixels
2025-09-26 15:18:29,465 - gen_cards.py - INFO - Created card: cards\glenn_grothman_card.png
2025-09-26 15:18:29,779 - gen_cards.py - DEBUG - Success image pull for Dan Newhouse
2025-09-26 15:18:29,781 - gen_cards.py - WARNING - Having to expand picture, could be poor quality. Original photo: (175, 263)
2025-09-26 15:18:29,818 - gen_cards.py - INFO - Dan Newhouse has never disagreed
2025-09-26 15:18:29,840 - gen_cards.py - WARNING - No military record for Dan Newhouse. Skip.
2025-09-26 15:18:29,841 - gen_cards.py - WARNING - No congressional stats found for Dan Newhouse. Skip.
2025-09-26 15:18:29,841 - gen_cards.py - WARNING - No awards found for Dan Newhouse. Skip.
2025-09-26 15:18:30,136 - gen_cards.py - INFO - Created card: cards\dan_newhouse_card.png
2025-09-26 15:18:30,457 - gen_cards.py - DEBUG - Success image pull for Stacey E. Plaskett
2025-09-26 15:18:30,775 - gen_cards.py - WARNING - Having to expand picture, could be poor quality. Original photo: (175, 194)
2025-09-26 15:18:30,816 - gen_cards.py - INFO - Stacey E. Plaskett has never disagreed
2025-09-26 15:18:30,838 - gen_cards.py - WARNING - No military record for Stacey E. Plaskett. Skip.
2025-09-26 15:18:30,839 - gen_cards.py - WARNING - No awards found for Stacey E. Plaskett. Skip.
2025-09-26 15:18:31,005 - gen_cards.py - ERROR - Text box 2 for Stacey E. Plaskett exceeds card dimensions by 226.0 pixels
2025-09-26 15:18:31,108 - gen_cards.py - INFO - Created card: cards\stacey_e_plaskett_card.png
2025-09-26 15:18:31,469 - gen_cards.py - DEBUG - Success image pull for Mark Pocan
2025-09-26 15:18:31,788 - gen_cards.py - WARNING - Having to expand picture, could be poor quality. Original photo: (175, 263)
2025-09-26 15:18:31,850 - gen_cards.py - WARNING - No military record for Mark Pocan. Skip.
2025-09-26 15:18:31,850 - gen_cards.py - WARNING - No congressional stats found for Mark Pocan. Skip.
2025-09-26 15:18:31,850 - gen_cards.py - WARNING - No awards found for Mark Pocan. Skip.
2025-09-26 15:18:32,074 - gen_cards.py - INFO - Created card: cards\mark_pocan_card.png
2025-09-26 15:18:32,447 - gen_cards.py - DEBUG - Success image pull for Suzan K. DelBene
2025-09-26 15:18:32,766 - gen_cards.py - WARNING - Having to expand picture, could be poor quality. Original photo: (175, 263)
2025-09-26 15:18:32,807 - gen_cards.py - INFO - Suzan K. DelBene has never disagreed
2025-09-26 15:18:32,828 - gen_cards.py - WARNING - No military record for Suzan K. DelBene. Skip.
2025-09-26 15:18:32,829 - gen_cards.py - WARNING - No awards found for Suzan K. DelBene. Skip.
2025-09-26 15:18:33,043 - gen_cards.py - INFO - Created card: cards\suzan_k_delbene_card.png
2025-09-26 15:18:33,399 - gen_cards.py - DEBUG - Success image pull for Adam Smith
2025-09-26 15:18:33,722 - gen_cards.py - WARNING - Having to expand picture, could be poor quality. Original photo: (175, 232)
2025-09-26 15:18:33,759 - gen_cards.py - INFO - Adam Smith has never disagreed
2025-09-26 15:18:33,781 - gen_cards.py - WARNING - No military record for Adam Smith. Skip.
2025-09-26 15:18:33,781 - gen_cards.py - WARNING - No awards found for Adam Smith. Skip.
2025-09-26 15:18:33,979 - gen_cards.py - INFO - Created card: cards\adam_smith_card.png
2025-09-26 15:18:34,462 - gen_cards.py - DEBUG - Success image pull for Gwen Moore
2025-09-26 15:18:34,792 - gen_cards.py - WARNING - Having to expand picture, could be poor quality. Original photo: (175, 222)
2025-09-26 15:18:34,852 - gen_cards.py - WARNING - No military record for Gwen Moore. Skip.
2025-09-26 15:18:34,853 - gen_cards.py - WARNING - No congressional stats found for Gwen Moore. Skip.
2025-09-26 15:18:34,853 - gen_cards.py - WARNING - No awards found for Gwen Moore. Skip.
2025-09-26 15:18:35,085 - gen_cards.py - INFO - Created card: cards\gwen_moore_card.png
2025-09-26 15:18:35,377 - gen_cards.py - DEBUG - Success image pull for Rick Larsen
2025-09-26 15:18:35,699 - gen_cards.py - WARNING - Having to expand picture, could be poor quality. Original photo: (175, 219)
2025-09-26 15:18:35,741 - gen_cards.py - INFO - Rick Larsen has never disagreed
2025-09-26 15:18:35,763 - gen_cards.py - WARNING - No military record for Rick Larsen. Skip.
2025-09-26 15:18:35,764 - gen_cards.py - WARNING - No work history found for Rick Larsen. Skip.
2025-09-26 15:18:35,764 - gen_cards.py - WARNING - No congressional stats found for Rick Larsen. Skip.
2025-09-26 15:18:35,764 - gen_cards.py - WARNING - No awards found for Rick Larsen. Skip.
2025-09-26 15:18:35,929 - gen_cards.py - INFO - Created card: cards\rick_larsen_card.png
2025-09-26 15:18:36,274 - gen_cards.py - DEBUG - Success image pull for Eugene Simon Vindman
2025-09-26 15:18:36,676 - gen_cards.py - INFO - Eugene Simon Vindman has never disagreed
2025-09-26 15:18:36,699 - gen_cards.py - WARNING - No congressional stats found for Eugene Simon Vindman. Skip.
2025-09-26 15:18:36,699 - gen_cards.py - WARNING - No awards found for Eugene Simon Vindman. Skip.
2025-09-26 15:18:36,784 - gen_cards.py - ERROR - Text box 2 for Eugene Simon Vindman exceeds card dimensions by 6.0 pixels
2025-09-26 15:18:36,948 - gen_cards.py - INFO - Created card: cards\eugene_simon_vindman_card.png
2025-09-26 15:18:37,390 - gen_cards.py - DEBUG - Success image pull for Suhas Subramanyam
2025-09-26 15:18:37,763 - gen_cards.py - INFO - Suhas Subramanyam has never disagreed
2025-09-26 15:18:37,785 - gen_cards.py - WARNING - No military record for Suhas Subramanyam. Skip.
2025-09-26 15:18:37,785 - gen_cards.py - WARNING - No congressional stats found for Suhas Subramanyam. Skip.
2025-09-26 15:18:37,785 - gen_cards.py - WARNING - No awards found for Suhas Subramanyam. Skip.
2025-09-26 15:18:37,915 - gen_cards.py - ERROR - Text box 2 for Suhas Subramanyam exceeds card dimensions by 89.0 pixels
2025-09-26 15:18:38,079 - gen_cards.py - INFO - Created card: cards\suhas_subramanyam_card.png
2025-09-26 15:18:38,659 - gen_cards.py - DEBUG - Success image pull for John J. McGuire
2025-09-26 15:18:38,755 - gen_cards.py - WARNING - No congressional stats found for John J. McGuire. Skip.
2025-09-26 15:18:38,755 - gen_cards.py - WARNING - No awards found for John J. McGuire. Skip.
2025-09-26 15:18:38,877 - gen_cards.py - ERROR - Text box 2 for John J. McGuire exceeds card dimensions by 134.0 pixels
2025-09-26 15:18:39,044 - gen_cards.py - INFO - Created card: cards\john_j_mcguire_card.png
2025-09-26 15:18:39,558 - gen_cards.py - DEBUG - Success image pull for Mike Kennedy
2025-09-26 15:18:39,663 - gen_cards.py - WARNING - No military record for Mike Kennedy. Skip.
2025-09-26 15:18:39,663 - gen_cards.py - WARNING - No congressional stats found for Mike Kennedy. Skip.
2025-09-26 15:18:39,663 - gen_cards.py - WARNING - No awards found for Mike Kennedy. Skip.
2025-09-26 15:18:39,827 - gen_cards.py - ERROR - Text box 2 for Mike Kennedy exceeds card dimensions by 383.0 pixels
2025-09-26 15:18:39,997 - gen_cards.py - INFO - Created card: cards\mike_kennedy_card.png
2025-09-26 15:18:40,468 - gen_cards.py - DEBUG - Success image pull for Julie Johnson
2025-09-26 15:18:40,871 - gen_cards.py - INFO - Julie Johnson has never disagreed
2025-09-26 15:18:40,894 - gen_cards.py - WARNING - No military record for Julie Johnson. Skip.
2025-09-26 15:18:40,894 - gen_cards.py - WARNING - No congressional stats found for Julie Johnson. Skip.
2025-09-26 15:18:40,894 - gen_cards.py - WARNING - No awards found for Julie Johnson. Skip.
2025-09-26 15:18:41,156 - gen_cards.py - INFO - Created card: cards\julie_johnson_card.png
2025-09-26 15:18:41,613 - gen_cards.py - DEBUG - Success image pull for Brandon Gill
2025-09-26 15:18:41,706 - gen_cards.py - WARNING - No military record for Brandon Gill. Skip.
2025-09-26 15:18:41,706 - gen_cards.py - WARNING - No congressional stats found for Brandon Gill. Skip.
2025-09-26 15:18:41,706 - gen_cards.py - WARNING - No awards found for Brandon Gill. Skip.
2025-09-26 15:18:41,819 - gen_cards.py - ERROR - Text box 2 for Brandon Gill exceeds card dimensions by 85.0 pixels
2025-09-26 15:18:41,989 - gen_cards.py - INFO - Created card: cards\brandon_gill_card.png
2025-09-26 15:18:42,420 - gen_cards.py - DEBUG - Success image pull for Celeste Maloy
2025-09-26 15:18:42,422 - gen_cards.py - WARNING - Having to expand picture, could be poor quality. Original photo: (175, 263)
2025-09-26 15:18:42,500 - gen_cards.py - WARNING - No military record for Celeste Maloy. Skip.
2025-09-26 15:18:42,500 - gen_cards.py - WARNING - No congressional stats found for Celeste Maloy. Skip.
2025-09-26 15:18:42,500 - gen_cards.py - WARNING - No awards found for Celeste Maloy. Skip.
2025-09-26 15:18:42,634 - gen_cards.py - ERROR - Text box 2 for Celeste Maloy exceeds card dimensions by 173.0 pixels
2025-09-26 15:18:42,785 - gen_cards.py - INFO - Created card: cards\celeste_maloy_card.png
2025-09-26 15:18:43,117 - gen_cards.py - DEBUG - Success image pull for Jennifer L. McClellan
2025-09-26 15:18:43,441 - gen_cards.py - WARNING - Having to expand picture, could be poor quality. Original photo: (175, 219)
2025-09-26 15:18:43,480 - gen_cards.py - INFO - Jennifer L. McClellan has never disagreed
2025-09-26 15:18:43,480 - gen_cards.py - INFO - Jennifer L. McClellan has never been absent
2025-09-26 15:18:43,499 - gen_cards.py - WARNING - No military record for Jennifer L. McClellan. Skip.
2025-09-26 15:18:43,500 - gen_cards.py - WARNING - No congressional stats found for Jennifer L. McClellan. Skip.
2025-09-26 15:18:43,500 - gen_cards.py - WARNING - No awards found for Jennifer L. McClellan. Skip.
2025-09-26 15:18:43,678 - gen_cards.py - INFO - Created card: cards\jennifer_l_mcclellan_card.png
2025-09-26 15:18:44,082 - gen_cards.py - DEBUG - Success image pull for Jennifer A. Kiggans
2025-09-26 15:18:44,085 - gen_cards.py - WARNING - Having to expand picture, could be poor quality. Original photo: (480, 600)
2025-09-26 15:18:44,136 - gen_cards.py - INFO - Jennifer A. Kiggans has never disagreed
2025-09-26 15:18:44,159 - gen_cards.py - WARNING - No congressional stats found for Jennifer A. Kiggans. Skip.
2025-09-26 15:18:44,159 - gen_cards.py - WARNING - No awards found for Jennifer A. Kiggans. Skip.
2025-09-26 15:18:44,283 - gen_cards.py - ERROR - Text box 2 for Jennifer A. Kiggans exceeds card dimensions by 192.0 pixels
2025-09-26 15:18:44,454 - gen_cards.py - INFO - Created card: cards\jennifer_a_kiggans_card.png
2025-09-26 15:18:44,836 - gen_cards.py - DEBUG - Success image pull for Wesley Hunt
2025-09-26 15:18:44,839 - gen_cards.py - WARNING - Having to expand picture, could be poor quality. Original photo: (175, 219)
2025-09-26 15:18:44,916 - gen_cards.py - WARNING - No work history found for Wesley Hunt. Skip.
2025-09-26 15:18:44,916 - gen_cards.py - WARNING - No congressional stats found for Wesley Hunt. Skip.
2025-09-26 15:18:44,916 - gen_cards.py - WARNING - No awards found for Wesley Hunt. Skip.
2025-09-26 15:18:44,993 - gen_cards.py - ERROR - Text box 2 for Wesley Hunt exceeds card dimensions by 7.0 pixels
2025-09-26 15:18:45,156 - gen_cards.py - INFO - Created card: cards\wesley_hunt_card.png
2025-09-26 15:18:45,559 - gen_cards.py - DEBUG - Success image pull for Jasmine Crockett
2025-09-26 15:18:45,880 - gen_cards.py - WARNING - Having to expand picture, could be poor quality. Original photo: (175, 219)
2025-09-26 15:18:45,962 - gen_cards.py - WARNING - No military record for Jasmine Crockett. Skip.
2025-09-26 15:18:45,962 - gen_cards.py - WARNING - No congressional stats found for Jasmine Crockett. Skip.
2025-09-26 15:18:45,962 - gen_cards.py - WARNING - No awards found for Jasmine Crockett. Skip.
2025-09-26 15:18:46,058 - gen_cards.py - ERROR - Text box 2 for Jasmine Crockett exceeds card dimensions by 85.0 pixels
2025-09-26 15:18:46,211 - gen_cards.py - INFO - Created card: cards\jasmine_crockett_card.png
2025-09-26 15:18:46,553 - gen_cards.py - DEBUG - Success image pull for Greg Casar
2025-09-26 15:18:46,872 - gen_cards.py - WARNING - Having to expand picture, could be poor quality. Original photo: (175, 219)
2025-09-26 15:18:46,936 - gen_cards.py - WARNING - No military record for Greg Casar. Skip.
2025-09-26 15:18:46,937 - gen_cards.py - WARNING - No congressional stats found for Greg Casar. Skip.
2025-09-26 15:18:46,937 - gen_cards.py - WARNING - No awards found for Greg Casar. Skip.
2025-09-26 15:18:47,207 - gen_cards.py - INFO - Created card: cards\greg_casar_card.png
2025-09-26 15:18:47,775 - gen_cards.py - DEBUG - Success image pull for Beth Van Duyne
2025-09-26 15:18:47,834 - gen_cards.py - INFO - Beth Van Duyne has never been absent
2025-09-26 15:18:47,860 - gen_cards.py - WARNING - No military record for Beth Van Duyne. Skip.
2025-09-26 15:18:47,860 - gen_cards.py - WARNING - No congressional stats found for Beth Van Duyne. Skip.
2025-09-26 15:18:47,860 - gen_cards.py - WARNING - No awards found for Beth Van Duyne. Skip.
2025-09-26 15:18:48,129 - gen_cards.py - INFO - Created card: cards\beth_van_duyne_card.png
2025-09-26 15:18:48,479 - gen_cards.py - DEBUG - Success image pull for Burgess Owens
2025-09-26 15:18:48,482 - gen_cards.py - WARNING - Having to expand picture, could be poor quality. Original photo: (175, 219)
2025-09-26 15:18:48,544 - gen_cards.py - WARNING - No military record for Burgess Owens. Skip.
2025-09-26 15:18:48,544 - gen_cards.py - WARNING - No congressional stats found for Burgess Owens. Skip.
2025-09-26 15:18:48,545 - gen_cards.py - WARNING - No awards found for Burgess Owens. Skip.
2025-09-26 15:18:48,666 - gen_cards.py - ERROR - Text box 2 for Burgess Owens exceeds card dimensions by 129.0 pixels
2025-09-26 15:18:48,828 - gen_cards.py - INFO - Created card: cards\burgess_owens_card.png
2025-09-26 15:18:49,213 - gen_cards.py - DEBUG - Success image pull for Troy E. Nehls
2025-09-26 15:18:49,215 - gen_cards.py - WARNING - Having to expand picture, could be poor quality. Original photo: (175, 219)
2025-09-26 15:18:49,282 - gen_cards.py - WARNING - No congressional stats found for Troy E. Nehls. Skip.
2025-09-26 15:18:49,283 - gen_cards.py - WARNING - No awards found for Troy E. Nehls. Skip.
2025-09-26 15:18:49,419 - gen_cards.py - ERROR - Text box 2 for Troy E. Nehls exceeds card dimensions by 368.0 pixels
2025-09-26 15:18:49,577 - gen_cards.py - INFO - Created card: cards\troy_e_nehls_card.png
2025-09-26 15:18:49,892 - gen_cards.py - DEBUG - Success image pull for Blake D. Moore
2025-09-26 15:18:49,894 - gen_cards.py - WARNING - Having to expand picture, could be poor quality. Original photo: (175, 219)
2025-09-26 15:18:49,941 - gen_cards.py - INFO - Blake D. Moore has never disagreed
2025-09-26 15:18:49,941 - gen_cards.py - INFO - Blake D. Moore has never been absent
2025-09-26 15:18:49,961 - gen_cards.py - WARNING - No military record for Blake D. Moore. Skip.
2025-09-26 15:18:49,961 - gen_cards.py - WARNING - No congressional stats found for Blake D. Moore. Skip.
2025-09-26 15:18:49,961 - gen_cards.py - WARNING - No awards found for Blake D. Moore. Skip.
2025-09-26 15:18:50,166 - gen_cards.py - INFO - Created card: cards\blake_d_moore_card.png
2025-09-26 15:18:50,490 - gen_cards.py - DEBUG - Success image pull for Tony Gonzales
2025-09-26 15:18:50,492 - gen_cards.py - WARNING - Having to expand picture, could be poor quality. Original photo: (175, 219)
2025-09-26 15:18:50,541 - gen_cards.py - INFO - Tony Gonzales has never disagreed
2025-09-26 15:18:50,564 - gen_cards.py - WARNING - No congressional stats found for Tony Gonzales. Skip.
2025-09-26 15:18:50,564 - gen_cards.py - WARNING - No awards found for Tony Gonzales. Skip.
2025-09-26 15:18:50,693 - gen_cards.py - ERROR - Text box 2 for Tony Gonzales exceeds card dimensions by 216.0 pixels
2025-09-26 15:18:50,866 - gen_cards.py - INFO - Created card: cards\tony_gonzales_card.png
2025-09-26 15:18:51,180 - gen_cards.py - DEBUG - Success image pull for Ben Cline
2025-09-26 15:18:51,182 - gen_cards.py - WARNING - Having to expand picture, could be poor quality. Original photo: (175, 263)
2025-09-26 15:18:51,225 - gen_cards.py - INFO - Ben Cline has never been absent
2025-09-26 15:18:51,252 - gen_cards.py - WARNING - No military record for Ben Cline. Skip.
2025-09-26 15:18:51,252 - gen_cards.py - WARNING - No awards found for Ben Cline. Skip.
2025-09-26 15:18:51,475 - gen_cards.py - ERROR - Text box 2 for Ben Cline exceeds card dimensions by 513.0 pixels
2025-09-26 15:18:51,644 - gen_cards.py - INFO - Created card: cards\ben_cline_card.png
2025-09-26 15:18:51,962 - gen_cards.py - DEBUG - Success image pull for Sylvia R. Garcia
2025-09-26 15:18:52,290 - gen_cards.py - WARNING - Having to expand picture, could be poor quality. Original photo: (175, 219)
2025-09-26 15:18:52,361 - gen_cards.py - WARNING - No military record for Sylvia R. Garcia. Skip.
2025-09-26 15:18:52,361 - gen_cards.py - WARNING - No awards found for Sylvia R. Garcia. Skip.
2025-09-26 15:18:52,467 - gen_cards.py - ERROR - Text box 2 for Sylvia R. Garcia exceeds card dimensions by 56.0 pixels
2025-09-26 15:18:52,644 - gen_cards.py - INFO - Created card: cards\sylvia_r_garcia_card.png
2025-09-26 15:18:52,954 - gen_cards.py - DEBUG - Success image pull for Chip Roy
2025-09-26 15:18:52,956 - gen_cards.py - WARNING - Having to expand picture, could be poor quality. Original photo: (175, 262)
2025-09-26 15:18:53,033 - gen_cards.py - WARNING - No military record for Chip Roy. Skip.
2025-09-26 15:18:53,033 - gen_cards.py - WARNING - No congressional stats found for Chip Roy. Skip.
2025-09-26 15:18:53,033 - gen_cards.py - WARNING - No awards found for Chip Roy. Skip.
2025-09-26 15:18:53,178 - gen_cards.py - ERROR - Text box 2 for Chip Roy exceeds card dimensions by 339.0 pixels
2025-09-26 15:18:53,352 - gen_cards.py - INFO - Created card: cards\chip_roy_card.png
2025-09-26 15:18:53,353 - gen_cards.py - INFO - Trying backup image for Michael Cloud
2025-09-26 15:18:53,504 - gen_cards.py - DEBUG - Success image pull for Michael Cloud
2025-09-26 15:18:53,506 - gen_cards.py - WARNING - Having to expand picture, could be poor quality. Original photo: (200, 244)
2025-09-26 15:18:53,520 - gen_cards.py - WARNING - Birthdate unknown for Michael Cloud
2025-09-26 15:18:53,520 - gen_cards.py - WARNING - No education for Michael Cloud. Skip this section.
2025-09-26 15:18:53,564 - gen_cards.py - WARNING - No military record for Michael Cloud. Skip.
2025-09-26 15:18:53,564 - gen_cards.py - WARNING - No work history found for Michael Cloud. Skip.
2025-09-26 15:18:53,564 - gen_cards.py - WARNING - No congressional stats found for Michael Cloud. Skip.
2025-09-26 15:18:53,564 - gen_cards.py - WARNING - No awards found for Michael Cloud. Skip.
2025-09-26 15:18:53,801 - gen_cards.py - INFO - Created card: cards\michael_cloud_card.png
2025-09-26 15:18:54,253 - gen_cards.py - DEBUG - Success image pull for Vicente Gonzalez
2025-09-26 15:18:54,625 - gen_cards.py - INFO - Vicente Gonzalez has never disagreed
2025-09-26 15:18:54,647 - gen_cards.py - WARNING - No military record for Vicente Gonzalez. Skip.
2025-09-26 15:18:54,647 - gen_cards.py - WARNING - No congressional stats found for Vicente Gonzalez. Skip.
2025-09-26 15:18:54,648 - gen_cards.py - WARNING - No awards found for Vicente Gonzalez. Skip.
2025-09-26 15:18:54,831 - gen_cards.py - INFO - Created card: cards\vicente_gonzalez_card.png
2025-09-26 15:18:55,177 - gen_cards.py - DEBUG - Success image pull for Donald S. Beyer
2025-09-26 15:18:55,502 - gen_cards.py - WARNING - Having to expand picture, could be poor quality. Original photo: (175, 219)
2025-09-26 15:18:55,562 - gen_cards.py - WARNING - No military record for Donald S. Beyer. Skip.
2025-09-26 15:18:55,562 - gen_cards.py - WARNING - No work history found for Donald S. Beyer. Skip.
2025-09-26 15:18:55,563 - gen_cards.py - WARNING - No awards found for Donald S. Beyer. Skip.
2025-09-26 15:18:55,763 - gen_cards.py - INFO - Created card: cards\donald_s_beyer_card.png
2025-09-26 15:18:56,053 - gen_cards.py - DEBUG - Success image pull for Brian Babin
2025-09-26 15:18:56,056 - gen_cards.py - WARNING - Having to expand picture, could be poor quality. Original photo: (175, 214)
2025-09-26 15:18:56,123 - gen_cards.py - WARNING - No awards found for Brian Babin. Skip.
2025-09-26 15:18:56,219 - gen_cards.py - ERROR - Text box 2 for Brian Babin exceeds card dimensions by 115.0 pixels
2025-09-26 15:18:56,364 - gen_cards.py - INFO - Created card: cards\brian_babin_card.png
2025-09-26 15:18:56,672 - gen_cards.py - DEBUG - Success image pull for Marc A. Veasey
2025-09-26 15:18:56,999 - gen_cards.py - WARNING - Having to expand picture, could be poor quality. Original photo: (175, 263)
2025-09-26 15:18:57,035 - gen_cards.py - INFO - Marc A. Veasey has never disagreed
2025-09-26 15:18:57,035 - gen_cards.py - INFO - Marc A. Veasey has never been absent
2025-09-26 15:18:57,054 - gen_cards.py - WARNING - No military record for Marc A. Veasey. Skip.
2025-09-26 15:18:57,054 - gen_cards.py - WARNING - No congressional stats found for Marc A. Veasey. Skip.
2025-09-26 15:18:57,054 - gen_cards.py - WARNING - No awards found for Marc A. Veasey. Skip.
2025-09-26 15:18:57,290 - gen_cards.py - INFO - Created card: cards\marc_a_veasey_card.png
2025-09-26 15:18:57,627 - gen_cards.py - DEBUG - Success image pull for Roger Williams
2025-09-26 15:18:57,630 - gen_cards.py - WARNING - Having to expand picture, could be poor quality. Original photo: (175, 222)
2025-09-26 15:18:57,695 - gen_cards.py - WARNING - No military record for Roger Williams. Skip.
2025-09-26 15:18:57,695 - gen_cards.py - WARNING - No awards found for Roger Williams. Skip.
2025-09-26 15:18:57,921 - gen_cards.py - INFO - Created card: cards\roger_williams_card.png
2025-09-26 15:18:58,265 - gen_cards.py - DEBUG - Success image pull for Robert J. Wittman
2025-09-26 15:18:58,268 - gen_cards.py - WARNING - Having to expand picture, could be poor quality. Original photo: (175, 219)
2025-09-26 15:18:58,311 - gen_cards.py - INFO - Robert J. Wittman has never disagreed
2025-09-26 15:18:58,336 - gen_cards.py - WARNING - No military record for Robert J. Wittman. Skip.
2025-09-26 15:18:58,337 - gen_cards.py - WARNING - No congressional stats found for Robert J. Wittman. Skip.
2025-09-26 15:18:58,337 - gen_cards.py - WARNING - No awards found for Robert J. Wittman. Skip.
2025-09-26 15:18:58,594 - gen_cards.py - INFO - Created card: cards\robert_j_wittman_card.png
2025-09-26 15:18:59,052 - gen_cards.py - DEBUG - Success image pull for H. Morgan Griffith
2025-09-26 15:18:59,113 - gen_cards.py - INFO - H. Morgan Griffith has never been absent
2025-09-26 15:18:59,137 - gen_cards.py - WARNING - No military record for H. Morgan Griffith. Skip.
2025-09-26 15:18:59,138 - gen_cards.py - WARNING - No congressional stats found for H. Morgan Griffith. Skip.
2025-09-26 15:18:59,138 - gen_cards.py - WARNING - No awards found for H. Morgan Griffith. Skip.
2025-09-26 15:18:59,400 - gen_cards.py - INFO - Created card: cards\h_morgan_griffith_card.png
2025-09-26 15:18:59,694 - gen_cards.py - DEBUG - Success image pull for Robert C. "Bobby" Scott
2025-09-26 15:19:00,024 - gen_cards.py - WARNING - Having to expand picture, could be poor quality. Original photo: (175, 263)
2025-09-26 15:19:00,100 - gen_cards.py - WARNING - No awards found for Robert C. "Bobby" Scott. Skip.
2025-09-26 15:19:00,332 - gen_cards.py - INFO - Created card: cards\robert_c_bobby_scott_card.png
2025-09-26 15:19:00,625 - gen_cards.py - DEBUG - Success image pull for Henry Cuellar
2025-09-26 15:19:00,956 - gen_cards.py - WARNING - Having to expand picture, could be poor quality. Original photo: (175, 269)
2025-09-26 15:19:01,016 - gen_cards.py - INFO - Henry Cuellar has never disagreed
2025-09-26 15:19:01,039 - gen_cards.py - WARNING - No military record for Henry Cuellar. Skip.
2025-09-26 15:19:01,039 - gen_cards.py - WARNING - No congressional stats found for Henry Cuellar. Skip.
2025-09-26 15:19:01,039 - gen_cards.py - WARNING - No awards found for Henry Cuellar. Skip.
2025-09-26 15:19:01,276 - gen_cards.py - INFO - Created card: cards\henry_cuellar_card.png
2025-09-26 15:19:01,686 - gen_cards.py - DEBUG - Success image pull for John R. Carter
2025-09-26 15:19:01,690 - gen_cards.py - WARNING - Having to expand picture, could be poor quality. Original photo: (175, 263)
2025-09-26 15:19:01,743 - gen_cards.py - INFO - John R. Carter has never disagreed
2025-09-26 15:19:01,765 - gen_cards.py - WARNING - No military record for John R. Carter. Skip.
2025-09-26 15:19:01,765 - gen_cards.py - WARNING - No congressional stats found for John R. Carter. Skip.
2025-09-26 15:19:01,765 - gen_cards.py - WARNING - No awards found for John R. Carter. Skip.
2025-09-26 15:19:01,999 - gen_cards.py - INFO - Created card: cards\john_r_carter_card.png
2025-09-26 15:19:02,350 - gen_cards.py - DEBUG - Success image pull for Lloyd Doggett
2025-09-26 15:19:02,668 - gen_cards.py - WARNING - Having to expand picture, could be poor quality. Original photo: (175, 214)
2025-09-26 15:19:02,736 - gen_cards.py - WARNING - No military record for Lloyd Doggett. Skip.
2025-09-26 15:19:02,736 - gen_cards.py - WARNING - No congressional stats found for Lloyd Doggett. Skip.
2025-09-26 15:19:02,736 - gen_cards.py - WARNING - No awards found for Lloyd Doggett. Skip.
2025-09-26 15:19:02,927 - gen_cards.py - INFO - Created card: cards\lloyd_doggett_card.png
2025-09-26 15:19:03,472 - gen_cards.py - DEBUG - Success image pull for Craig A. Goldman
2025-09-26 15:19:03,537 - gen_cards.py - INFO - Craig A. Goldman has never been absent
2025-09-26 15:19:03,564 - gen_cards.py - WARNING - No military record for Craig A. Goldman. Skip.
2025-09-26 15:19:03,564 - gen_cards.py - WARNING - No congressional stats found for Craig A. Goldman. Skip.
2025-09-26 15:19:03,564 - gen_cards.py - WARNING - No awards found for Craig A. Goldman. Skip.
2025-09-26 15:19:03,812 - gen_cards.py - INFO - Created card: cards\craig_a_goldman_card.png
2025-09-26 15:19:04,325 - gen_cards.py - DEBUG - Success image pull for Sheri Biggs
2025-09-26 15:19:04,395 - gen_cards.py - INFO - Sheri Biggs has never been absent
2025-09-26 15:19:04,421 - gen_cards.py - WARNING - No work history found for Sheri Biggs. Skip.
2025-09-26 15:19:04,421 - gen_cards.py - WARNING - No congressional stats found for Sheri Biggs. Skip.
2025-09-26 15:19:04,422 - gen_cards.py - WARNING - No awards found for Sheri Biggs. Skip.
2025-09-26 15:19:04,695 - gen_cards.py - INFO - Created card: cards\sheri_biggs_card.png
2025-09-26 15:19:05,036 - gen_cards.py - DEBUG - Success image pull for Keith Self
2025-09-26 15:19:05,039 - gen_cards.py - WARNING - Having to expand picture, could be poor quality. Original photo: (175, 219)
2025-09-26 15:19:05,115 - gen_cards.py - WARNING - No congressional stats found for Keith Self. Skip.
2025-09-26 15:19:05,116 - gen_cards.py - WARNING - No awards found for Keith Self. Skip.
2025-09-26 15:19:05,240 - gen_cards.py - ERROR - Text box 2 for Keith Self exceeds card dimensions by 222.0 pixels
2025-09-26 15:19:05,397 - gen_cards.py - INFO - Created card: cards\keith_self_card.png
2025-09-26 15:19:05,739 - gen_cards.py - DEBUG - Success image pull for Andrew Ogles
2025-09-26 15:19:05,742 - gen_cards.py - WARNING - Having to expand picture, could be poor quality. Original photo: (175, 219)
2025-09-26 15:19:05,810 - gen_cards.py - WARNING - No military record for Andrew Ogles. Skip.
2025-09-26 15:19:05,810 - gen_cards.py - WARNING - No congressional stats found for Andrew Ogles. Skip.
2025-09-26 15:19:05,810 - gen_cards.py - WARNING - No awards found for Andrew Ogles. Skip.
2025-09-26 15:19:05,943 - gen_cards.py - ERROR - Text box 2 for Andrew Ogles exceeds card dimensions by 217.0 pixels
2025-09-26 15:19:06,105 - gen_cards.py - INFO - Created card: cards\andrew_ogles_card.png
2025-09-26 15:19:06,536 - gen_cards.py - DEBUG - Success image pull for Nathaniel Moran
2025-09-26 15:19:06,631 - gen_cards.py - WARNING - No military record for Nathaniel Moran. Skip.
2025-09-26 15:19:06,632 - gen_cards.py - WARNING - No congressional stats found for Nathaniel Moran. Skip.
2025-09-26 15:19:06,632 - gen_cards.py - WARNING - No awards found for Nathaniel Moran. Skip.
2025-09-26 15:19:06,719 - gen_cards.py - ERROR - Text box 2 for Nathaniel Moran exceeds card dimensions by 173.0 pixels
2025-09-26 15:19:06,887 - gen_cards.py - INFO - Created card: cards\nathaniel_moran_card.png
2025-09-26 15:19:07,592 - gen_cards.py - DEBUG - Success image pull for Morgan Luttrell
2025-09-26 15:19:07,594 - gen_cards.py - WARNING - Having to expand picture, could be poor quality. Original photo: (175, 219)
2025-09-26 15:19:07,676 - gen_cards.py - WARNING - No congressional stats found for Morgan Luttrell. Skip.
2025-09-26 15:19:07,676 - gen_cards.py - WARNING - No awards found for Morgan Luttrell. Skip.
2025-09-26 15:19:07,817 - gen_cards.py - ERROR - Text box 2 for Morgan Luttrell exceeds card dimensions by 432.0 pixels
2025-09-26 15:19:07,972 - gen_cards.py - INFO - Created card: cards\morgan_luttrell_card.png
2025-09-26 15:19:08,336 - gen_cards.py - DEBUG - Success image pull for Russell Fry
2025-09-26 15:19:08,338 - gen_cards.py - WARNING - Having to expand picture, could be poor quality. Original photo: (175, 219)
2025-09-26 15:19:08,382 - gen_cards.py - INFO - Russell Fry has never been absent
2025-09-26 15:19:08,408 - gen_cards.py - WARNING - No military record for Russell Fry. Skip.
2025-09-26 15:19:08,408 - gen_cards.py - WARNING - No congressional stats found for Russell Fry. Skip.
2025-09-26 15:19:08,409 - gen_cards.py - WARNING - No awards found for Russell Fry. Skip.
2025-09-26 15:19:08,520 - gen_cards.py - ERROR - Text box 2 for Russell Fry exceeds card dimensions by 30.0 pixels
2025-09-26 15:19:08,696 - gen_cards.py - INFO - Created card: cards\russell_fry_card.png
2025-09-26 15:19:09,182 - gen_cards.py - DEBUG - Success image pull for Monica De La Cruz
2025-09-26 15:19:09,265 - gen_cards.py - WARNING - No military record for Monica De La Cruz. Skip.
2025-09-26 15:19:09,266 - gen_cards.py - WARNING - No congressional stats found for Monica De La Cruz. Skip.
2025-09-26 15:19:09,266 - gen_cards.py - WARNING - No awards found for Monica De La Cruz. Skip.
2025-09-26 15:19:09,507 - gen_cards.py - INFO - Created card: cards\monica_de_la_cruz_card.png
2025-09-26 15:19:09,878 - gen_cards.py - DEBUG - Success image pull for Jake Ellzey
2025-09-26 15:19:09,880 - gen_cards.py - WARNING - Having to expand picture, could be poor quality. Original photo: (175, 219)
2025-09-26 15:19:09,913 - gen_cards.py - INFO - Jake Ellzey has never disagreed
2025-09-26 15:19:09,936 - gen_cards.py - WARNING - No congressional stats found for Jake Ellzey. Skip.
2025-09-26 15:19:09,936 - gen_cards.py - WARNING - No awards found for Jake Ellzey. Skip.
2025-09-26 15:19:10,198 - gen_cards.py - INFO - Created card: cards\jake_ellzey_card.png
2025-09-26 15:19:10,330 - gen_cards.py - DEBUG - Success image pull for August Pfluger
2025-09-26 15:19:10,332 - gen_cards.py - WARNING - Having to expand picture, could be poor quality. Original photo: (175, 219)
2025-09-26 15:19:10,390 - gen_cards.py - INFO - August Pfluger has never disagreed
2025-09-26 15:19:10,414 - gen_cards.py - WARNING - No awards found for August Pfluger. Skip.
2025-09-26 15:19:10,541 - gen_cards.py - ERROR - Text box 2 for August Pfluger exceeds card dimensions by 289.0 pixels
2025-09-26 15:19:10,718 - gen_cards.py - INFO - Created card: cards\august_pfluger_card.png
2025-09-26 15:19:10,948 - gen_cards.py - DEBUG - Success image pull for Ronny Jackson
2025-09-26 15:19:10,950 - gen_cards.py - WARNING - Having to expand picture, could be poor quality. Original photo: (175, 219)
2025-09-26 15:19:11,032 - gen_cards.py - WARNING - No congressional stats found for Ronny Jackson. Skip.
2025-09-26 15:19:11,032 - gen_cards.py - WARNING - No awards found for Ronny Jackson. Skip.
2025-09-26 15:19:11,200 - gen_cards.py - ERROR - Text box 2 for Ronny Jackson exceeds card dimensions by 632.0 pixels
2025-09-26 15:19:11,357 - gen_cards.py - INFO - Created card: cards\ronny_jackson_card.png
2025-09-26 15:19:11,681 - gen_cards.py - DEBUG - Success image pull for Diana Harshbarger
2025-09-26 15:19:11,683 - gen_cards.py - WARNING - Having to expand picture, could be poor quality. Original photo: (175, 219)
2025-09-26 15:19:11,748 - gen_cards.py - WARNING - No military record for Diana Harshbarger. Skip.
2025-09-26 15:19:11,749 - gen_cards.py - WARNING - No congressional stats found for Diana Harshbarger. Skip.
2025-09-26 15:19:11,749 - gen_cards.py - WARNING - No awards found for Diana Harshbarger. Skip.
2025-09-26 15:19:11,965 - gen_cards.py - INFO - Created card: cards\diana_harshbarger_card.png
2025-09-26 15:19:12,289 - gen_cards.py - DEBUG - Success image pull for Pat Fallon
2025-09-26 15:19:12,291 - gen_cards.py - WARNING - Having to expand picture, could be poor quality. Original photo: (175, 219)
2025-09-26 15:19:12,365 - gen_cards.py - WARNING - No congressional stats found for Pat Fallon. Skip.
2025-09-26 15:19:12,365 - gen_cards.py - WARNING - No awards found for Pat Fallon. Skip.
2025-09-26 15:19:12,516 - gen_cards.py - ERROR - Text box 2 for Pat Fallon exceeds card dimensions by 388.0 pixels
2025-09-26 15:19:12,696 - gen_cards.py - INFO - Created card: cards\pat_fallon_card.png
2025-09-26 15:19:13,019 - gen_cards.py - DEBUG - Success image pull for Veronica Escobar
2025-09-26 15:19:13,345 - gen_cards.py - WARNING - Having to expand picture, could be poor quality. Original photo: (175, 219)
2025-09-26 15:19:13,417 - gen_cards.py - WARNING - No military record for Veronica Escobar. Skip.
2025-09-26 15:19:13,417 - gen_cards.py - WARNING - No congressional stats found for Veronica Escobar. Skip.
2025-09-26 15:19:13,417 - gen_cards.py - WARNING - No awards found for Veronica Escobar. Skip.
2025-09-26 15:19:13,633 - gen_cards.py - INFO - Created card: cards\veronica_escobar_card.png
2025-09-26 15:19:13,982 - gen_cards.py - DEBUG - Success image pull for Lizzie Fletcher
2025-09-26 15:19:14,371 - gen_cards.py - WARNING - No military record for Lizzie Fletcher. Skip.
2025-09-26 15:19:14,372 - gen_cards.py - WARNING - No congressional stats found for Lizzie Fletcher. Skip.
2025-09-26 15:19:14,372 - gen_cards.py - WARNING - No awards found for Lizzie Fletcher. Skip.
2025-09-26 15:19:14,589 - gen_cards.py - INFO - Created card: cards\lizzie_fletcher_card.png
2025-09-26 15:19:14,969 - gen_cards.py - DEBUG - Success image pull for Lance Gooden
2025-09-26 15:19:14,972 - gen_cards.py - WARNING - Having to expand picture, could be poor quality. Original photo: (175, 219)
2025-09-26 15:19:15,039 - gen_cards.py - WARNING - No military record for Lance Gooden. Skip.
2025-09-26 15:19:15,040 - gen_cards.py - WARNING - No congressional stats found for Lance Gooden. Skip.
2025-09-26 15:19:15,040 - gen_cards.py - WARNING - No awards found for Lance Gooden. Skip.
2025-09-26 15:19:15,152 - gen_cards.py - ERROR - Text box 2 for Lance Gooden exceeds card dimensions by 85.0 pixels
2025-09-26 15:19:15,306 - gen_cards.py - INFO - Created card: cards\lance_gooden_card.png
2025-09-26 15:19:15,734 - gen_cards.py - DEBUG - Success image pull for Dan Crenshaw
2025-09-26 15:19:15,737 - gen_cards.py - WARNING - Having to expand picture, could be poor quality. Original photo: (175, 263)
2025-09-26 15:19:15,771 - gen_cards.py - INFO - Dan Crenshaw has never disagreed
2025-09-26 15:19:15,793 - gen_cards.py - WARNING - No work history found for Dan Crenshaw. Skip.
2025-09-26 15:19:15,793 - gen_cards.py - WARNING - No congressional stats found for Dan Crenshaw. Skip.
2025-09-26 15:19:15,793 - gen_cards.py - WARNING - No awards found for Dan Crenshaw. Skip.
2025-09-26 15:19:16,069 - gen_cards.py - INFO - Created card: cards\dan_crenshaw_card.png
2025-09-26 15:19:16,462 - gen_cards.py - DEBUG - Success image pull for John W. Rose
2025-09-26 15:19:16,464 - gen_cards.py - WARNING - Having to expand picture, could be poor quality. Original photo: (175, 263)
2025-09-26 15:19:16,542 - gen_cards.py - WARNING - No military record for John W. Rose. Skip.
2025-09-26 15:19:16,543 - gen_cards.py - WARNING - No congressional stats found for John W. Rose. Skip.
2025-09-26 15:19:16,543 - gen_cards.py - WARNING - No awards found for John W. Rose. Skip.
2025-09-26 15:19:16,653 - gen_cards.py - ERROR - Text box 2 for John W. Rose exceeds card dimensions by 207.0 pixels
2025-09-26 15:19:16,838 - gen_cards.py - INFO - Created card: cards\john_w_rose_card.png
2025-09-26 15:19:17,132 - gen_cards.py - DEBUG - Success image pull for Tim Burchett
2025-09-26 15:19:17,135 - gen_cards.py - WARNING - Having to expand picture, could be poor quality. Original photo: (175, 263)
2025-09-26 15:19:17,200 - gen_cards.py - WARNING - No military record for Tim Burchett. Skip.
2025-09-26 15:19:17,200 - gen_cards.py - WARNING - No congressional stats found for Tim Burchett. Skip.
2025-09-26 15:19:17,200 - gen_cards.py - WARNING - No awards found for Tim Burchett. Skip.
2025-09-26 15:19:17,361 - gen_cards.py - ERROR - Text box 2 for Tim Burchett exceeds card dimensions by 227.0 pixels
2025-09-26 15:19:17,544 - gen_cards.py - INFO - Created card: cards\tim_burchett_card.png
2025-09-26 15:19:17,894 - gen_cards.py - DEBUG - Success image pull for Dusty Johnson
2025-09-26 15:19:17,897 - gen_cards.py - WARNING - Having to expand picture, could be poor quality. Original photo: (175, 219)
2025-09-26 15:19:17,940 - gen_cards.py - INFO - Dusty Johnson has never disagreed
2025-09-26 15:19:17,964 - gen_cards.py - WARNING - No military record for Dusty Johnson. Skip.
2025-09-26 15:19:17,964 - gen_cards.py - WARNING - No congressional stats found for Dusty Johnson. Skip.
2025-09-26 15:19:17,964 - gen_cards.py - WARNING - No awards found for Dusty Johnson. Skip.
2025-09-26 15:19:18,125 - gen_cards.py - ERROR - Text box 2 for Dusty Johnson exceeds card dimensions by 113.0 pixels
2025-09-26 15:19:18,298 - gen_cards.py - INFO - Created card: cards\dusty_johnson_card.png
2025-09-26 15:19:18,629 - gen_cards.py - DEBUG - Success image pull for William R. Timmons
2025-09-26 15:19:18,632 - gen_cards.py - WARNING - Having to expand picture, could be poor quality. Original photo: (175, 219)
2025-09-26 15:19:18,727 - gen_cards.py - WARNING - No congressional stats found for William R. Timmons. Skip.
2025-09-26 15:19:18,727 - gen_cards.py - WARNING - No awards found for William R. Timmons. Skip.
2025-09-26 15:19:18,859 - gen_cards.py - ERROR - Text box 2 for William R. Timmons exceeds card dimensions by 422.0 pixels
2025-09-26 15:19:19,009 - gen_cards.py - INFO - Created card: cards\william_r_timmons_card.png
2025-09-26 15:19:19,360 - gen_cards.py - DEBUG - Success image pull for Ralph Norman
2025-09-26 15:19:19,363 - gen_cards.py - WARNING - Having to expand picture, could be poor quality. Original photo: (175, 263)
2025-09-26 15:19:19,428 - gen_cards.py - WARNING - No military record for Ralph Norman. Skip.
2025-09-26 15:19:19,428 - gen_cards.py - WARNING - No congressional stats found for Ralph Norman. Skip.
2025-09-26 15:19:19,428 - gen_cards.py - WARNING - No awards found for Ralph Norman. Skip.
2025-09-26 15:19:19,646 - gen_cards.py - INFO - Created card: cards\ralph_norman_card.png
2025-09-26 15:19:19,792 - gen_cards.py - DEBUG - Success image pull for Jodey C. Arrington
2025-09-26 15:19:19,794 - gen_cards.py - WARNING - Having to expand picture, could be poor quality. Original photo: (175, 233)
2025-09-26 15:19:19,866 - gen_cards.py - WARNING - No military record for Jodey C. Arrington. Skip.
2025-09-26 15:19:19,866 - gen_cards.py - WARNING - No awards found for Jodey C. Arrington. Skip.
2025-09-26 15:19:20,098 - gen_cards.py - INFO - Created card: cards\jodey_c_arrington_card.png
2025-09-26 15:19:20,416 - gen_cards.py - DEBUG - Success image pull for David Kustoff
2025-09-26 15:19:20,419 - gen_cards.py - WARNING - Having to expand picture, could be poor quality. Original photo: (175, 263)
2025-09-26 15:19:20,489 - gen_cards.py - WARNING - No military record for David Kustoff. Skip.
2025-09-26 15:19:20,489 - gen_cards.py - WARNING - No congressional stats found for David Kustoff. Skip.
2025-09-26 15:19:20,489 - gen_cards.py - WARNING - No awards found for David Kustoff. Skip.
2025-09-26 15:19:20,675 - gen_cards.py - INFO - Created card: cards\david_kustoff_card.png
2025-09-26 15:19:21,058 - gen_cards.py - DEBUG - Success image pull for Joaquin Castro
2025-09-26 15:19:21,379 - gen_cards.py - WARNING - Having to expand picture, could be poor quality. Original photo: (175, 221)
2025-09-26 15:19:21,446 - gen_cards.py - WARNING - No military record for Joaquin Castro. Skip.
2025-09-26 15:19:21,447 - gen_cards.py - WARNING - No awards found for Joaquin Castro. Skip.
2025-09-26 15:19:21,596 - gen_cards.py - ERROR - Text box 2 for Joaquin Castro exceeds card dimensions by 212.0 pixels
2025-09-26 15:19:21,760 - gen_cards.py - INFO - Created card: cards\joaquin_castro_card.png
2025-09-26 15:19:21,978 - gen_cards.py - DEBUG - Success image pull for Randy K. Sr. Weber
2025-09-26 15:19:21,981 - gen_cards.py - WARNING - Having to expand picture, could be poor quality. Original photo: (175, 219)
2025-09-26 15:19:22,050 - gen_cards.py - WARNING - No military record for Randy K. Sr. Weber. Skip.
2025-09-26 15:19:22,050 - gen_cards.py - WARNING - No congressional stats found for Randy K. Sr. Weber. Skip.
2025-09-26 15:19:22,051 - gen_cards.py - WARNING - No awards found for Randy K. Sr. Weber. Skip.
2025-09-26 15:19:22,306 - gen_cards.py - INFO - Created card: cards\randy_k_sr_weber_card.png
2025-09-26 15:19:22,611 - gen_cards.py - DEBUG - Success image pull for Scott DesJarlais
2025-09-26 15:19:22,613 - gen_cards.py - WARNING - Having to expand picture, could be poor quality. Original photo: (175, 228)
2025-09-26 15:19:22,689 - gen_cards.py - WARNING - No military record for Scott DesJarlais. Skip.
2025-09-26 15:19:22,689 - gen_cards.py - WARNING - No congressional stats found for Scott DesJarlais. Skip.
2025-09-26 15:19:22,690 - gen_cards.py - WARNING - No awards found for Scott DesJarlais. Skip.
2025-09-26 15:19:22,893 - gen_cards.py - INFO - Created card: cards\scott_desjarlais_card.png
2025-09-26 15:19:23,104 - gen_cards.py - DEBUG - Success image pull for Charles J. "Chuck" Fleischmann
2025-09-26 15:19:23,107 - gen_cards.py - WARNING - Having to expand picture, could be poor quality. Original photo: (175, 263)
2025-09-26 15:19:23,157 - gen_cards.py - INFO - Charles J. "Chuck" Fleischmann has never disagreed
2025-09-26 15:19:23,157 - gen_cards.py - INFO - Charles J. "Chuck" Fleischmann has never been absent
2025-09-26 15:19:23,177 - gen_cards.py - WARNING - No military record for Charles J. "Chuck" Fleischmann. Skip.
2025-09-26 15:19:23,177 - gen_cards.py - WARNING - No congressional stats found for Charles J. "Chuck" Fleischmann. Skip.
2025-09-26 15:19:23,178 - gen_cards.py - WARNING - No awards found for Charles J. "Chuck" Fleischmann. Skip.
2025-09-26 15:19:23,437 - gen_cards.py - INFO - Created card: cards\charles_j_chuck_fleischmann_card.png
2025-09-26 15:19:23,816 - gen_cards.py - DEBUG - Success image pull for Steve Cohen
2025-09-26 15:19:24,138 - gen_cards.py - WARNING - Having to expand picture, could be poor quality. Original photo: (175, 204)
2025-09-26 15:19:24,189 - gen_cards.py - INFO - Steve Cohen has never disagreed
2025-09-26 15:19:24,211 - gen_cards.py - WARNING - No military record for Steve Cohen. Skip.
2025-09-26 15:19:24,211 - gen_cards.py - WARNING - No congressional stats found for Steve Cohen. Skip.
2025-09-26 15:19:24,212 - gen_cards.py - WARNING - No awards found for Steve Cohen. Skip.
2025-09-26 15:19:24,331 - gen_cards.py - ERROR - Text box 2 for Steve Cohen exceeds card dimensions by 147.0 pixels
2025-09-26 15:19:24,472 - gen_cards.py - INFO - Created card: cards\steve_cohen_card.png
2025-09-26 15:19:24,827 - gen_cards.py - DEBUG - Success image pull for Pete Sessions
2025-09-26 15:19:24,830 - gen_cards.py - WARNING - Having to expand picture, could be poor quality. Original photo: (175, 245)
2025-09-26 15:19:24,864 - gen_cards.py - INFO - Pete Sessions has never been absent
2025-09-26 15:19:24,891 - gen_cards.py - WARNING - No military record for Pete Sessions. Skip.
2025-09-26 15:19:24,892 - gen_cards.py - WARNING - No awards found for Pete Sessions. Skip.
2025-09-26 15:19:25,187 - gen_cards.py - INFO - Created card: cards\pete_sessions_card.png
2025-09-26 15:19:25,507 - gen_cards.py - DEBUG - Success image pull for Michael T. McCaul
2025-09-26 15:19:25,510 - gen_cards.py - WARNING - Having to expand picture, could be poor quality. Original photo: (175, 235)
2025-09-26 15:19:25,550 - gen_cards.py - INFO - Michael T. McCaul has never disagreed
2025-09-26 15:19:25,573 - gen_cards.py - WARNING - No military record for Michael T. McCaul. Skip.
2025-09-26 15:19:25,573 - gen_cards.py - WARNING - No awards found for Michael T. McCaul. Skip.
2025-09-26 15:19:25,865 - gen_cards.py - INFO - Created card: cards\michael_t_mccaul_card.png
2025-09-26 15:19:26,124 - gen_cards.py - DEBUG - Success image pull for Al Green
2025-09-26 15:19:26,453 - gen_cards.py - WARNING - Having to expand picture, could be poor quality. Original photo: (175, 198)
2025-09-26 15:19:26,526 - gen_cards.py - WARNING - No military record for Al Green. Skip.
2025-09-26 15:19:26,527 - gen_cards.py - WARNING - No congressional stats found for Al Green. Skip.
2025-09-26 15:19:26,527 - gen_cards.py - WARNING - No awards found for Al Green. Skip.
2025-09-26 15:19:26,703 - gen_cards.py - INFO - Created card: cards\al_green_card.png
2025-09-26 15:19:26,926 - gen_cards.py - DEBUG - Success image pull for James E. Clyburn
2025-09-26 15:19:27,286 - gen_cards.py - WARNING - Having to expand picture, could be poor quality. Original photo: (175, 245)
2025-09-26 15:19:27,354 - gen_cards.py - WARNING - No military record for James E. Clyburn. Skip.
2025-09-26 15:19:27,483 - gen_cards.py - ERROR - Text box 2 for James E. Clyburn exceeds card dimensions by 227.0 pixels
2025-09-26 15:19:27,660 - gen_cards.py - INFO - Created card: cards\james_e_clyburn_card.png
2025-09-26 15:19:28,122 - gen_cards.py - DEBUG - Success image pull for Ryan Mackenzie
2025-09-26 15:19:28,192 - gen_cards.py - INFO - Ryan Mackenzie has never been absent
2025-09-26 15:19:28,218 - gen_cards.py - WARNING - No military record for Ryan Mackenzie. Skip.
2025-09-26 15:19:28,218 - gen_cards.py - WARNING - No congressional stats found for Ryan Mackenzie. Skip.
2025-09-26 15:19:28,219 - gen_cards.py - WARNING - No awards found for Ryan Mackenzie. Skip.
2025-09-26 15:19:28,386 - gen_cards.py - ERROR - Text box 2 for Ryan Mackenzie exceeds card dimensions by 274.0 pixels
2025-09-26 15:19:28,567 - gen_cards.py - INFO - Created card: cards\ryan_mackenzie_card.png
2025-09-26 15:19:29,084 - gen_cards.py - DEBUG - Success image pull for Pablo Jose Hernández
2025-09-26 15:19:29,471 - gen_cards.py - INFO - Pablo Jose Hernández has never disagreed
2025-09-26 15:19:29,495 - gen_cards.py - WARNING - No military record for Pablo Jose Hernández. Skip.
2025-09-26 15:19:29,495 - gen_cards.py - WARNING - No congressional stats found for Pablo Jose Hernández. Skip.
2025-09-26 15:19:29,495 - gen_cards.py - WARNING - No awards found for Pablo Jose Hernández. Skip.
2025-09-26 15:19:29,734 - gen_cards.py - INFO - Created card: cards\pablo_jose_hernández_card.png
2025-09-26 15:19:30,367 - gen_cards.py - DEBUG - Success image pull for Maxine Dexter
2025-09-26 15:19:30,787 - gen_cards.py - WARNING - No military record for Maxine Dexter. Skip.
2025-09-26 15:19:30,787 - gen_cards.py - WARNING - No congressional stats found for Maxine Dexter. Skip.
2025-09-26 15:19:30,787 - gen_cards.py - WARNING - No awards found for Maxine Dexter. Skip.
2025-09-26 15:19:31,023 - gen_cards.py - INFO - Created card: cards\maxine_dexter_card.png
2025-09-26 15:19:31,800 - gen_cards.py - DEBUG - Success image pull for Robert P. Bresnahan
2025-09-26 15:19:31,869 - gen_cards.py - INFO - Robert P. Bresnahan has never disagreed
2025-09-26 15:19:31,891 - gen_cards.py - WARNING - No military record for Robert P. Bresnahan. Skip.
2025-09-26 15:19:31,891 - gen_cards.py - WARNING - No congressional stats found for Robert P. Bresnahan. Skip.
2025-09-26 15:19:31,891 - gen_cards.py - WARNING - No awards found for Robert P. Bresnahan. Skip.
2025-09-26 15:19:32,032 - gen_cards.py - ERROR - Text box 2 for Robert P. Bresnahan exceeds card dimensions by 79.0 pixels
2025-09-26 15:19:32,185 - gen_cards.py - INFO - Created card: cards\robert_p_bresnahan_card.png
2025-09-26 15:19:32,808 - gen_cards.py - DEBUG - Success image pull for Janelle S. Bynum
2025-09-26 15:19:33,209 - gen_cards.py - INFO - Janelle S. Bynum has never disagreed
2025-09-26 15:19:33,209 - gen_cards.py - INFO - Janelle S. Bynum has never been absent
2025-09-26 15:19:33,228 - gen_cards.py - WARNING - No military record for Janelle S. Bynum. Skip.
2025-09-26 15:19:33,228 - gen_cards.py - WARNING - No congressional stats found for Janelle S. Bynum. Skip.
2025-09-26 15:19:33,228 - gen_cards.py - WARNING - No awards found for Janelle S. Bynum. Skip.
2025-09-26 15:19:33,420 - gen_cards.py - INFO - Created card: cards\janelle_s_bynum_card.png
2025-09-26 15:19:33,942 - gen_cards.py - DEBUG - Success image pull for Gabe Amo
2025-09-26 15:19:34,346 - gen_cards.py - INFO - Gabe Amo has never disagreed
2025-09-26 15:19:34,347 - gen_cards.py - INFO - Gabe Amo has never been absent
2025-09-26 15:19:34,367 - gen_cards.py - WARNING - No military record for Gabe Amo. Skip.
2025-09-26 15:19:34,368 - gen_cards.py - WARNING - No congressional stats found for Gabe Amo. Skip.
2025-09-26 15:19:34,368 - gen_cards.py - WARNING - No awards found for Gabe Amo. Skip.
2025-09-26 15:19:34,636 - gen_cards.py - INFO - Created card: cards\gabe_amo_card.png
2025-09-26 15:19:34,948 - gen_cards.py - DEBUG - Success image pull for Andrea Salinas
2025-09-26 15:19:35,269 - gen_cards.py - WARNING - Having to expand picture, could be poor quality. Original photo: (175, 219)
2025-09-26 15:19:35,306 - gen_cards.py - INFO - Andrea Salinas has never disagreed
2025-09-26 15:19:35,328 - gen_cards.py - WARNING - No military record for Andrea Salinas. Skip.
2025-09-26 15:19:35,328 - gen_cards.py - WARNING - No congressional stats found for Andrea Salinas. Skip.
2025-09-26 15:19:35,329 - gen_cards.py - WARNING - No awards found for Andrea Salinas. Skip.
2025-09-26 15:19:35,470 - gen_cards.py - ERROR - Text box 2 for Andrea Salinas exceeds card dimensions by 11.0 pixels
2025-09-26 15:19:35,638 - gen_cards.py - INFO - Created card: cards\andrea_salinas_card.png
2025-09-26 15:19:35,955 - gen_cards.py - DEBUG - Success image pull for Seth Magaziner
2025-09-26 15:19:36,290 - gen_cards.py - WARNING - Having to expand picture, could be poor quality. Original photo: (175, 219)
2025-09-26 15:19:36,331 - gen_cards.py - INFO - Seth Magaziner has never disagreed
2025-09-26 15:19:36,353 - gen_cards.py - WARNING - No military record for Seth Magaziner. Skip.
2025-09-26 15:19:36,353 - gen_cards.py - WARNING - No congressional stats found for Seth Magaziner. Skip.
2025-09-26 15:19:36,353 - gen_cards.py - WARNING - No awards found for Seth Magaziner. Skip.
2025-09-26 15:19:36,601 - gen_cards.py - INFO - Created card: cards\seth_magaziner_card.png
2025-09-26 15:19:36,847 - gen_cards.py - DEBUG - Success image pull for Summer L. Lee
2025-09-26 15:19:37,209 - gen_cards.py - WARNING - Having to expand picture, could be poor quality. Original photo: (175, 219)
2025-09-26 15:19:37,252 - gen_cards.py - INFO - Summer L. Lee has never been absent
2025-09-26 15:19:37,279 - gen_cards.py - WARNING - No military record for Summer L. Lee. Skip.
2025-09-26 15:19:37,280 - gen_cards.py - WARNING - No congressional stats found for Summer L. Lee. Skip.
2025-09-26 15:19:37,280 - gen_cards.py - WARNING - No awards found for Summer L. Lee. Skip.
2025-09-26 15:19:37,551 - gen_cards.py - INFO - Created card: cards\summer_l_lee_card.png
2025-09-26 15:19:37,921 - gen_cards.py - DEBUG - Success image pull for Val T. Hoyle
2025-09-26 15:19:38,238 - gen_cards.py - WARNING - Having to expand picture, could be poor quality. Original photo: (175, 219)
2025-09-26 15:19:38,278 - gen_cards.py - INFO - Val T. Hoyle has never disagreed
2025-09-26 15:19:38,302 - gen_cards.py - WARNING - No military record for Val T. Hoyle. Skip.
2025-09-26 15:19:38,302 - gen_cards.py - WARNING - No congressional stats found for Val T. Hoyle. Skip.
2025-09-26 15:19:38,302 - gen_cards.py - WARNING - No awards found for Val T. Hoyle. Skip.
2025-09-26 15:19:38,576 - gen_cards.py - INFO - Created card: cards\val_t_hoyle_card.png
2025-09-26 15:19:38,895 - gen_cards.py - DEBUG - Success image pull for Christopher R. Deluzio
2025-09-26 15:19:39,212 - gen_cards.py - WARNING - Having to expand picture, could be poor quality. Original photo: (175, 219)
2025-09-26 15:19:39,255 - gen_cards.py - INFO - Christopher R. Deluzio has never disagreed
2025-09-26 15:19:39,255 - gen_cards.py - INFO - Christopher R. Deluzio has never been absent
2025-09-26 15:19:39,274 - gen_cards.py - WARNING - No congressional stats found for Christopher R. Deluzio. Skip.
2025-09-26 15:19:39,275 - gen_cards.py - WARNING - No awards found for Christopher R. Deluzio. Skip.
2025-09-26 15:19:39,516 - gen_cards.py - INFO - Created card: cards\christopher_r_deluzio_card.png
2025-09-26 15:19:39,930 - gen_cards.py - DEBUG - Success image pull for Josh Brecheen
2025-09-26 15:19:39,933 - gen_cards.py - WARNING - Having to expand picture, could be poor quality. Original photo: (175, 219)
2025-09-26 15:19:40,006 - gen_cards.py - WARNING - No military record for Josh Brecheen. Skip.
2025-09-26 15:19:40,006 - gen_cards.py - WARNING - No congressional stats found for Josh Brecheen. Skip.
2025-09-26 15:19:40,006 - gen_cards.py - WARNING - No awards found for Josh Brecheen. Skip.
2025-09-26 15:19:40,086 - gen_cards.py - ERROR - Text box 2 for Josh Brecheen exceeds card dimensions by 41.0 pixels
2025-09-26 15:19:40,251 - gen_cards.py - INFO - Created card: cards\josh_brecheen_card.png
2025-09-26 15:19:40,595 - gen_cards.py - DEBUG - Success image pull for Nancy Mace
2025-09-26 15:19:40,598 - gen_cards.py - WARNING - Having to expand picture, could be poor quality. Original photo: (175, 219)
2025-09-26 15:19:40,686 - gen_cards.py - WARNING - No military record for Nancy Mace. Skip.
2025-09-26 15:19:40,687 - gen_cards.py - WARNING - No congressional stats found for Nancy Mace. Skip.
2025-09-26 15:19:40,687 - gen_cards.py - WARNING - No awards found for Nancy Mace. Skip.
2025-09-26 15:19:40,841 - gen_cards.py - ERROR - Text box 2 for Nancy Mace exceeds card dimensions by 505.0 pixels
2025-09-26 15:19:41,009 - gen_cards.py - INFO - Created card: cards\nancy_mace_card.png
2025-09-26 15:19:41,398 - gen_cards.py - DEBUG - Success image pull for Stephanie I. Bice
2025-09-26 15:19:41,400 - gen_cards.py - WARNING - Having to expand picture, could be poor quality. Original photo: (175, 219)
2025-09-26 15:19:41,437 - gen_cards.py - INFO - Stephanie I. Bice has never disagreed
2025-09-26 15:19:41,459 - gen_cards.py - WARNING - No military record for Stephanie I. Bice. Skip.
2025-09-26 15:19:41,460 - gen_cards.py - WARNING - No congressional stats found for Stephanie I. Bice. Skip.
2025-09-26 15:19:41,460 - gen_cards.py - WARNING - No awards found for Stephanie I. Bice. Skip.
2025-09-26 15:19:41,750 - gen_cards.py - INFO - Created card: cards\stephanie_i_bice_card.png
2025-09-26 15:19:42,055 - gen_cards.py - DEBUG - Success image pull for Cliff Bentz
2025-09-26 15:19:42,057 - gen_cards.py - WARNING - Having to expand picture, could be poor quality. Original photo: (175, 219)
2025-09-26 15:19:42,100 - gen_cards.py - INFO - Cliff Bentz has never disagreed
2025-09-26 15:19:42,100 - gen_cards.py - INFO - Cliff Bentz has never been absent
2025-09-26 15:19:42,122 - gen_cards.py - WARNING - No military record for Cliff Bentz. Skip.
2025-09-26 15:19:42,122 - gen_cards.py - WARNING - No congressional stats found for Cliff Bentz. Skip.
2025-09-26 15:19:42,122 - gen_cards.py - WARNING - No awards found for Cliff Bentz. Skip.
2025-09-26 15:19:42,377 - gen_cards.py - INFO - Created card: cards\cliff_bentz_card.png
2025-09-26 15:19:42,538 - gen_cards.py - DEBUG - Success image pull for Guy Reschenthaler
2025-09-26 15:19:42,540 - gen_cards.py - WARNING - Having to expand picture, could be poor quality. Original photo: (175, 219)
2025-09-26 15:19:42,617 - gen_cards.py - WARNING - No congressional stats found for Guy Reschenthaler. Skip.
2025-09-26 15:19:42,617 - gen_cards.py - WARNING - No awards found for Guy Reschenthaler. Skip.
2025-09-26 15:19:42,708 - gen_cards.py - ERROR - Text box 2 for Guy Reschenthaler exceeds card dimensions by 46.0 pixels
2025-09-26 15:19:42,881 - gen_cards.py - INFO - Created card: cards\guy_reschenthaler_card.png
2025-09-26 15:19:43,262 - gen_cards.py - DEBUG - Success image pull for John Joyce
2025-09-26 15:19:43,264 - gen_cards.py - WARNING - Having to expand picture, could be poor quality. Original photo: (175, 219)
2025-09-26 15:19:43,320 - gen_cards.py - INFO - John Joyce has never been absent
2025-09-26 15:19:43,348 - gen_cards.py - WARNING - No military record for John Joyce. Skip.
2025-09-26 15:19:43,348 - gen_cards.py - WARNING - No work history found for John Joyce. Skip.
2025-09-26 15:19:43,348 - gen_cards.py - WARNING - No congressional stats found for John Joyce. Skip.
2025-09-26 15:19:43,348 - gen_cards.py - WARNING - No awards found for John Joyce. Skip.
2025-09-26 15:19:43,557 - gen_cards.py - INFO - Created card: cards\john_joyce_card.png
2025-09-26 15:19:44,093 - gen_cards.py - DEBUG - Success image pull for Daniel Meuser
2025-09-26 15:19:44,169 - gen_cards.py - INFO - Daniel Meuser has never disagreed
2025-09-26 15:19:44,192 - gen_cards.py - WARNING - No military record for Daniel Meuser. Skip.
2025-09-26 15:19:44,192 - gen_cards.py - WARNING - No congressional stats found for Daniel Meuser. Skip.
2025-09-26 15:19:44,192 - gen_cards.py - WARNING - No awards found for Daniel Meuser. Skip.
2025-09-26 15:19:44,460 - gen_cards.py - INFO - Created card: cards\daniel_meuser_card.png
2025-09-26 15:19:44,984 - gen_cards.py - DEBUG - Success image pull for Madeleine Dean
2025-09-26 15:19:45,325 - gen_cards.py - WARNING - Having to expand picture, could be poor quality. Original photo: (175, 219)
2025-09-26 15:19:45,392 - gen_cards.py - INFO - Madeleine Dean has never disagreed
2025-09-26 15:19:45,415 - gen_cards.py - WARNING - No military record for Madeleine Dean. Skip.
2025-09-26 15:19:45,416 - gen_cards.py - WARNING - No awards found for Madeleine Dean. Skip.
2025-09-26 15:19:45,563 - gen_cards.py - ERROR - Text box 2 for Madeleine Dean exceeds card dimensions by 264.0 pixels
2025-09-26 15:19:45,722 - gen_cards.py - INFO - Created card: cards\madeleine_dean_card.png
2025-09-26 15:19:46,051 - gen_cards.py - DEBUG - Success image pull for Kevin Hern
2025-09-26 15:19:46,053 - gen_cards.py - WARNING - Having to expand picture, could be poor quality. Original photo: (175, 227)
2025-09-26 15:19:46,124 - gen_cards.py - WARNING - No military record for Kevin Hern. Skip.
2025-09-26 15:19:46,125 - gen_cards.py - WARNING - "b" not a registered number, adding whatever number we've found up until now.
2025-09-26 15:19:46,125 - gen_cards.py - WARNING - "november" not a registered number, adding whatever number we've found up until now.
2025-09-26 15:19:46,125 - gen_cards.py - WARNING - "13" not a registered number, adding whatever number we've found up until now.
2025-09-26 15:19:46,125 - gen_cards.py - WARNING - "2018-present" not a registered number, adding whatever number we've found up until now.
2025-09-26 15:19:46,126 - gen_cards.py - WARNING - No awards found for Kevin Hern. Skip.
2025-09-26 15:19:46,251 - gen_cards.py - ERROR - Text box 2 for Kevin Hern exceeds card dimensions by 56.0 pixels
2025-09-26 15:19:46,425 - gen_cards.py - INFO - Created card: cards\kevin_hern_card.png
2025-09-26 15:19:46,729 - gen_cards.py - DEBUG - Success image pull for Mary Gay Scanlon
2025-09-26 15:19:47,068 - gen_cards.py - WARNING - Having to expand picture, could be poor quality. Original photo: (175, 263)
2025-09-26 15:19:47,139 - gen_cards.py - WARNING - No military record for Mary Gay Scanlon. Skip.
2025-09-26 15:19:47,139 - gen_cards.py - WARNING - No congressional stats found for Mary Gay Scanlon. Skip.
2025-09-26 15:19:47,139 - gen_cards.py - WARNING - No awards found for Mary Gay Scanlon. Skip.
2025-09-26 15:19:47,397 - gen_cards.py - INFO - Created card: cards\mary_gay_scanlon_card.png
2025-09-26 15:19:47,753 - gen_cards.py - DEBUG - Success image pull for Lloyd Smucker
2025-09-26 15:19:47,755 - gen_cards.py - WARNING - Having to expand picture, could be poor quality. Original photo: (175, 263)
2025-09-26 15:19:47,794 - gen_cards.py - INFO - Lloyd Smucker has never disagreed
2025-09-26 15:19:47,818 - gen_cards.py - WARNING - No military record for Lloyd Smucker. Skip.
2025-09-26 15:19:47,818 - gen_cards.py - WARNING - No congressional stats found for Lloyd Smucker. Skip.
2025-09-26 15:19:47,818 - gen_cards.py - WARNING - No awards found for Lloyd Smucker. Skip.
2025-09-26 15:19:48,043 - gen_cards.py - INFO - Created card: cards\lloyd_smucker_card.png
2025-09-26 15:19:48,310 - gen_cards.py - DEBUG - Success image pull for Brian K. Fitzpatrick
2025-09-26 15:19:48,313 - gen_cards.py - WARNING - Having to expand picture, could be poor quality. Original photo: (175, 263)
2025-09-26 15:19:48,371 - gen_cards.py - INFO - Brian K. Fitzpatrick has never disagreed
2025-09-26 15:19:48,393 - gen_cards.py - WARNING - No military record for Brian K. Fitzpatrick. Skip.
2025-09-26 15:19:48,394 - gen_cards.py - WARNING - No congressional stats found for Brian K. Fitzpatrick. Skip.
2025-09-26 15:19:48,394 - gen_cards.py - WARNING - No awards found for Brian K. Fitzpatrick. Skip.
2025-09-26 15:19:48,489 - gen_cards.py - ERROR - Text box 2 for Brian K. Fitzpatrick exceeds card dimensions by 25.0 pixels
2025-09-26 15:19:48,640 - gen_cards.py - INFO - Created card: cards\brian_k_fitzpatrick_card.png
2025-09-26 15:19:48,934 - gen_cards.py - DEBUG - Success image pull for Dwight Evans
2025-09-26 15:19:49,259 - gen_cards.py - WARNING - Having to expand picture, could be poor quality. Original photo: (175, 262)
2025-09-26 15:19:49,336 - gen_cards.py - WARNING - No military record for Dwight Evans. Skip.
2025-09-26 15:19:49,336 - gen_cards.py - WARNING - No congressional stats found for Dwight Evans. Skip.
2025-09-26 15:19:49,336 - gen_cards.py - WARNING - No awards found for Dwight Evans. Skip.
2025-09-26 15:19:49,541 - gen_cards.py - INFO - Created card: cards\dwight_evans_card.png
2025-09-26 15:19:49,857 - gen_cards.py - DEBUG - Success image pull for Brendan F. Boyle
2025-09-26 15:19:50,181 - gen_cards.py - WARNING - Having to expand picture, could be poor quality. Original photo: (175, 263)
2025-09-26 15:19:50,232 - gen_cards.py - INFO - Brendan F. Boyle has never disagreed
2025-09-26 15:19:50,256 - gen_cards.py - WARNING - No military record for Brendan F. Boyle. Skip.
2025-09-26 15:19:50,256 - gen_cards.py - WARNING - No congressional stats found for Brendan F. Boyle. Skip.
2025-09-26 15:19:50,256 - gen_cards.py - WARNING - No awards found for Brendan F. Boyle. Skip.
2025-09-26 15:19:50,471 - gen_cards.py - INFO - Created card: cards\brendan_f_boyle_card.png
2025-09-26 15:19:50,957 - gen_cards.py - DEBUG - Success image pull for Scott Perry
2025-09-26 15:19:51,041 - gen_cards.py - WARNING - No congressional stats found for Scott Perry. Skip.
2025-09-26 15:19:51,042 - gen_cards.py - WARNING - No awards found for Scott Perry. Skip.
2025-09-26 15:19:51,237 - gen_cards.py - ERROR - Text box 2 for Scott Perry exceeds card dimensions by 456.0 pixels
2025-09-26 15:19:51,396 - gen_cards.py - INFO - Created card: cards\scott_perry_card.png
2025-09-26 15:19:51,793 - gen_cards.py - DEBUG - Success image pull for Suzanne Bonamici
2025-09-26 15:19:52,113 - gen_cards.py - WARNING - Having to expand picture, could be poor quality. Original photo: (175, 263)
2025-09-26 15:19:52,184 - gen_cards.py - WARNING - No military record for Suzanne Bonamici. Skip.
2025-09-26 15:19:52,185 - gen_cards.py - WARNING - No congressional stats found for Suzanne Bonamici. Skip.
2025-09-26 15:19:52,185 - gen_cards.py - WARNING - No awards found for Suzanne Bonamici. Skip.
2025-09-26 15:19:52,314 - gen_cards.py - ERROR - Text box 2 for Suzanne Bonamici exceeds card dimensions by 139.0 pixels
2025-09-26 15:19:52,481 - gen_cards.py - INFO - Created card: cards\suzanne_bonamici_card.png
2025-09-26 15:19:52,817 - gen_cards.py - DEBUG - Success image pull for Mike Kelly
2025-09-26 15:19:52,820 - gen_cards.py - WARNING - Having to expand picture, could be poor quality. Original photo: (175, 263)
2025-09-26 15:19:52,855 - gen_cards.py - INFO - Mike Kelly has never disagreed
2025-09-26 15:19:52,877 - gen_cards.py - WARNING - No military record for Mike Kelly. Skip.
2025-09-26 15:19:52,878 - gen_cards.py - WARNING - No congressional stats found for Mike Kelly. Skip.
2025-09-26 15:19:52,878 - gen_cards.py - WARNING - No awards found for Mike Kelly. Skip.
2025-09-26 15:19:53,077 - gen_cards.py - INFO - Created card: cards\mike_kelly_card.png
2025-09-26 15:19:53,366 - gen_cards.py - DEBUG - Success image pull for Glenn Thompson
2025-09-26 15:19:53,369 - gen_cards.py - WARNING - Having to expand picture, could be poor quality. Original photo: (175, 260)
2025-09-26 15:19:53,405 - gen_cards.py - INFO - Glenn Thompson has never disagreed
2025-09-26 15:19:53,428 - gen_cards.py - WARNING - No military record for Glenn Thompson. Skip.
2025-09-26 15:19:53,429 - gen_cards.py - WARNING - No awards found for Glenn Thompson. Skip.
2025-09-26 15:19:53,677 - gen_cards.py - INFO - Created card: cards\glenn_thompson_card.png
2025-09-26 15:19:54,035 - gen_cards.py - DEBUG - Success image pull for Frank D. Lucas
2025-09-26 15:19:54,038 - gen_cards.py - WARNING - Having to expand picture, could be poor quality. Original photo: (175, 175)
2025-09-26 15:19:54,073 - gen_cards.py - INFO - Frank D. Lucas has never disagreed
2025-09-26 15:19:54,094 - gen_cards.py - WARNING - No military record for Frank D. Lucas. Skip.
2025-09-26 15:19:54,095 - gen_cards.py - WARNING - No awards found for Frank D. Lucas. Skip.
2025-09-26 15:19:54,361 - gen_cards.py - INFO - Created card: cards\frank_d_lucas_card.png
2025-09-26 15:19:54,751 - gen_cards.py - DEBUG - Success image pull for Tom Cole
2025-09-26 15:19:54,754 - gen_cards.py - WARNING - Having to expand picture, could be poor quality. Original photo: (175, 263)
2025-09-26 15:19:54,814 - gen_cards.py - INFO - Tom Cole has never disagreed
2025-09-26 15:19:54,838 - gen_cards.py - WARNING - No military record for Tom Cole. Skip.
2025-09-26 15:19:54,839 - gen_cards.py - WARNING - No awards found for Tom Cole. Skip.
2025-09-26 15:19:54,930 - gen_cards.py - ERROR - Text box 2 for Tom Cole exceeds card dimensions by 60.0 pixels
2025-09-26 15:19:55,087 - gen_cards.py - INFO - Created card: cards\tom_cole_card.png
2025-09-26 15:19:55,377 - gen_cards.py - DEBUG - Success image pull for Joe Wilson
2025-09-26 15:19:55,380 - gen_cards.py - WARNING - Having to expand picture, could be poor quality. Original photo: (175, 217)
2025-09-26 15:19:55,450 - gen_cards.py - WARNING - No congressional stats found for Joe Wilson. Skip.
2025-09-26 15:19:55,450 - gen_cards.py - WARNING - No awards found for Joe Wilson. Skip.
2025-09-26 15:19:55,600 - gen_cards.py - ERROR - Text box 2 for Joe Wilson exceeds card dimensions by 296.0 pixels
2025-09-26 15:19:55,772 - gen_cards.py - INFO - Created card: cards\joe_wilson_card.png
2025-09-26 15:19:56,276 - gen_cards.py - DEBUG - Success image pull for David J. Taylor
2025-09-26 15:19:56,346 - gen_cards.py - INFO - David J. Taylor has never been absent
2025-09-26 15:19:56,373 - gen_cards.py - WARNING - No military record for David J. Taylor. Skip.
2025-09-26 15:19:56,374 - gen_cards.py - WARNING - No congressional stats found for David J. Taylor. Skip.
2025-09-26 15:19:56,374 - gen_cards.py - WARNING - No awards found for David J. Taylor. Skip.
2025-09-26 15:19:56,672 - gen_cards.py - INFO - Created card: cards\david_j_taylor_card.png
2025-09-26 15:19:57,132 - gen_cards.py - DEBUG - Success image pull for Josh Riley
2025-09-26 15:19:57,557 - gen_cards.py - INFO - Josh Riley has never disagreed
2025-09-26 15:19:57,581 - gen_cards.py - WARNING - No military record for Josh Riley. Skip.
2025-09-26 15:19:57,581 - gen_cards.py - WARNING - No congressional stats found for Josh Riley. Skip.
2025-09-26 15:19:57,581 - gen_cards.py - WARNING - No awards found for Josh Riley. Skip.
2025-09-26 15:19:57,817 - gen_cards.py - INFO - Created card: cards\josh_riley_card.png
2025-09-26 15:19:58,260 - gen_cards.py - DEBUG - Success image pull for John W. Mannion
2025-09-26 15:19:58,689 - gen_cards.py - INFO - John W. Mannion has never disagreed
2025-09-26 15:19:58,711 - gen_cards.py - WARNING - No military record for John W. Mannion. Skip.
2025-09-26 15:19:58,711 - gen_cards.py - WARNING - No congressional stats found for John W. Mannion. Skip.
2025-09-26 15:19:58,711 - gen_cards.py - WARNING - No awards found for John W. Mannion. Skip.
2025-09-26 15:19:58,974 - gen_cards.py - INFO - Created card: cards\john_w_mannion_card.png
2025-09-26 15:19:59,257 - gen_cards.py - DEBUG - Success image pull for George Latimer
2025-09-26 15:19:59,670 - gen_cards.py - INFO - George Latimer has never disagreed
2025-09-26 15:19:59,697 - gen_cards.py - WARNING - No military record for George Latimer. Skip.
2025-09-26 15:19:59,697 - gen_cards.py - WARNING - No congressional stats found for George Latimer. Skip.
2025-09-26 15:19:59,697 - gen_cards.py - WARNING - No awards found for George Latimer. Skip.
2025-09-26 15:19:59,969 - gen_cards.py - INFO - Created card: cards\george_latimer_card.png
2025-09-26 15:20:00,307 - gen_cards.py - DEBUG - Success image pull for Michael A. Rulli
2025-09-26 15:20:00,310 - gen_cards.py - WARNING - Having to expand picture, could be poor quality. Original photo: (175, 263)
2025-09-26 15:20:00,372 - gen_cards.py - WARNING - No military record for Michael A. Rulli. Skip.
2025-09-26 15:20:00,372 - gen_cards.py - WARNING - No congressional stats found for Michael A. Rulli. Skip.
2025-09-26 15:20:00,373 - gen_cards.py - WARNING - No awards found for Michael A. Rulli. Skip.
2025-09-26 15:20:00,593 - gen_cards.py - INFO - Created card: cards\michael_a_rulli_card.png
2025-09-26 15:20:01,200 - gen_cards.py - DEBUG - Success image pull for Timothy M. Kennedy
2025-09-26 15:20:01,603 - gen_cards.py - INFO - Timothy M. Kennedy has never disagreed
2025-09-26 15:20:01,603 - gen_cards.py - INFO - Timothy M. Kennedy has never been absent
2025-09-26 15:20:01,624 - gen_cards.py - WARNING - No military record for Timothy M. Kennedy. Skip.
2025-09-26 15:20:01,624 - gen_cards.py - WARNING - No congressional stats found for Timothy M. Kennedy. Skip.
2025-09-26 15:20:01,625 - gen_cards.py - WARNING - No awards found for Timothy M. Kennedy. Skip.
2025-09-26 15:20:01,876 - gen_cards.py - INFO - Created card: cards\timothy_m_kennedy_card.png
2025-09-26 15:20:02,223 - gen_cards.py - DEBUG - Success image pull for Emilia Strong Sykes
2025-09-26 15:20:02,553 - gen_cards.py - WARNING - Having to expand picture, could be poor quality. Original photo: (175, 252)
2025-09-26 15:20:02,596 - gen_cards.py - INFO - Emilia Strong Sykes has never disagreed
2025-09-26 15:20:02,596 - gen_cards.py - INFO - Emilia Strong Sykes has never been absent
2025-09-26 15:20:02,617 - gen_cards.py - WARNING - No military record for Emilia Strong Sykes. Skip.
2025-09-26 15:20:02,617 - gen_cards.py - WARNING - No congressional stats found for Emilia Strong Sykes. Skip.
2025-09-26 15:20:02,617 - gen_cards.py - WARNING - No awards found for Emilia Strong Sykes. Skip.
2025-09-26 15:20:02,969 - gen_cards.py - INFO - Created card: cards\emilia_strong_sykes_card.png
2025-09-26 15:20:03,357 - gen_cards.py - DEBUG - Success image pull for Max L. Miller
2025-09-26 15:20:03,410 - gen_cards.py - INFO - Max L. Miller has never disagreed
2025-09-26 15:20:03,431 - gen_cards.py - WARNING - No congressional stats found for Max L. Miller. Skip.
2025-09-26 15:20:03,431 - gen_cards.py - WARNING - No awards found for Max L. Miller. Skip.
2025-09-26 15:20:03,668 - gen_cards.py - INFO - Created card: cards\max_l_miller_card.png
2025-09-26 15:20:03,904 - gen_cards.py - DEBUG - Success image pull for Michael Lawler
2025-09-26 15:20:03,909 - gen_cards.py - WARNING - Having to expand picture, could be poor quality. Original photo: (175, 219)
2025-09-26 15:20:03,967 - gen_cards.py - INFO - Michael Lawler has never disagreed
2025-09-26 15:20:03,993 - gen_cards.py - WARNING - No military record for Michael Lawler. Skip.
2025-09-26 15:20:03,993 - gen_cards.py - WARNING - No congressional stats found for Michael Lawler. Skip.
2025-09-26 15:20:03,993 - gen_cards.py - WARNING - No awards found for Michael Lawler. Skip.
2025-09-26 15:20:04,266 - gen_cards.py - INFO - Created card: cards\michael_lawler_card.png
2025-09-26 15:20:04,821 - gen_cards.py - DEBUG - Success image pull for Nicholas A. Langworthy
2025-09-26 15:20:04,899 - gen_cards.py - WARNING - No military record for Nicholas A. Langworthy. Skip.
2025-09-26 15:20:04,899 - gen_cards.py - WARNING - No congressional stats found for Nicholas A. Langworthy. Skip.
2025-09-26 15:20:04,900 - gen_cards.py - WARNING - No awards found for Nicholas A. Langworthy. Skip.
2025-09-26 15:20:05,031 - gen_cards.py - ERROR - Text box 2 for Nicholas A. Langworthy exceeds card dimensions by 27.0 pixels
2025-09-26 15:20:05,193 - gen_cards.py - INFO - Created card: cards\nicholas_a_langworthy_card.png
2025-09-26 15:20:05,514 - gen_cards.py - DEBUG - Success image pull for Greg Landsman
2025-09-26 15:20:05,833 - gen_cards.py - WARNING - Having to expand picture, could be poor quality. Original photo: (175, 219)
2025-09-26 15:20:05,871 - gen_cards.py - INFO - Greg Landsman has never disagreed
2025-09-26 15:20:05,895 - gen_cards.py - WARNING - No military record for Greg Landsman. Skip.
2025-09-26 15:20:05,895 - gen_cards.py - WARNING - No congressional stats found for Greg Landsman. Skip.
2025-09-26 15:20:05,895 - gen_cards.py - WARNING - No awards found for Greg Landsman. Skip.
2025-09-26 15:20:06,122 - gen_cards.py - INFO - Created card: cards\greg_landsman_card.png
2025-09-26 15:20:06,326 - gen_cards.py - DEBUG - Success image pull for Patrick Ryan
2025-09-26 15:20:06,647 - gen_cards.py - WARNING - Having to expand picture, could be poor quality. Original photo: (175, 219)
2025-09-26 15:20:06,690 - gen_cards.py - INFO - Patrick Ryan has never disagreed
2025-09-26 15:20:06,690 - gen_cards.py - INFO - Patrick Ryan has never been absent
2025-09-26 15:20:06,709 - gen_cards.py - WARNING - No congressional stats found for Patrick Ryan. Skip.
2025-09-26 15:20:06,709 - gen_cards.py - WARNING - No awards found for Patrick Ryan. Skip.
2025-09-26 15:20:06,977 - gen_cards.py - INFO - Created card: cards\patrick_ryan_card.png
2025-09-26 15:20:07,337 - gen_cards.py - DEBUG - Success image pull for Mike Carey
2025-09-26 15:20:07,341 - gen_cards.py - WARNING - Having to expand picture, could be poor quality. Original photo: (175, 262)
2025-09-26 15:20:07,381 - gen_cards.py - INFO - Mike Carey has never disagreed
2025-09-26 15:20:07,404 - gen_cards.py - WARNING - No congressional stats found for Mike Carey. Skip.
2025-09-26 15:20:07,404 - gen_cards.py - WARNING - No awards found for Mike Carey. Skip.
2025-09-26 15:20:07,507 - gen_cards.py - ERROR - Text box 2 for Mike Carey exceeds card dimensions by 36.0 pixels
2025-09-26 15:20:07,685 - gen_cards.py - INFO - Created card: cards\mike_carey_card.png
2025-09-26 15:20:07,899 - gen_cards.py - DEBUG - Success image pull for Shontel M. Brown
2025-09-26 15:20:08,218 - gen_cards.py - WARNING - Having to expand picture, could be poor quality. Original photo: (175, 219)
2025-09-26 15:20:08,251 - gen_cards.py - INFO - Shontel M. Brown has never been absent
2025-09-26 15:20:08,276 - gen_cards.py - WARNING - No military record for Shontel M. Brown. Skip.
2025-09-26 15:20:08,276 - gen_cards.py - WARNING - No congressional stats found for Shontel M. Brown. Skip.
2025-09-26 15:20:08,277 - gen_cards.py - WARNING - No awards found for Shontel M. Brown. Skip.
2025-09-26 15:20:08,530 - gen_cards.py - INFO - Created card: cards\shontel_m_brown_card.png
2025-09-26 15:20:08,810 - gen_cards.py - DEBUG - Success image pull for Ritchie Torres
2025-09-26 15:20:09,169 - gen_cards.py - WARNING - Having to expand picture, could be poor quality. Original photo: (175, 219)
2025-09-26 15:20:09,204 - gen_cards.py - INFO - Ritchie Torres has never disagreed
2025-09-26 15:20:09,229 - gen_cards.py - WARNING - No military record for Ritchie Torres. Skip.
2025-09-26 15:20:09,229 - gen_cards.py - WARNING - No congressional stats found for Ritchie Torres. Skip.
2025-09-26 15:20:09,229 - gen_cards.py - WARNING - No awards found for Ritchie Torres. Skip.
2025-09-26 15:20:09,496 - gen_cards.py - INFO - Created card: cards\ritchie_torres_card.png
2025-09-26 15:20:09,714 - gen_cards.py - DEBUG - Success image pull for Alexandria Ocasio-Cortez
2025-09-26 15:20:10,033 - gen_cards.py - WARNING - Having to expand picture, could be poor quality. Original photo: (175, 219)
2025-09-26 15:20:10,097 - gen_cards.py - WARNING - No military record for Alexandria Ocasio-Cortez. Skip.
2025-09-26 15:20:10,098 - gen_cards.py - WARNING - No work history found for Alexandria Ocasio-Cortez. Skip.
2025-09-26 15:20:10,098 - gen_cards.py - WARNING - No congressional stats found for Alexandria Ocasio-Cortez. Skip.
2025-09-26 15:20:10,098 - gen_cards.py - WARNING - No awards found for Alexandria Ocasio-Cortez. Skip.
2025-09-26 15:20:10,275 - gen_cards.py - INFO - Created card: cards\alexandria_ocasio-cortez_card.png
2025-09-26 15:20:10,743 - gen_cards.py - DEBUG - Success image pull for Joseph D. Morelle
2025-09-26 15:20:11,124 - gen_cards.py - INFO - Joseph D. Morelle has never disagreed
2025-09-26 15:20:11,149 - gen_cards.py - WARNING - No military record for Joseph D. Morelle. Skip.
2025-09-26 15:20:11,149 - gen_cards.py - WARNING - No congressional stats found for Joseph D. Morelle. Skip.
2025-09-26 15:20:11,149 - gen_cards.py - WARNING - No awards found for Joseph D. Morelle. Skip.
2025-09-26 15:20:11,377 - gen_cards.py - INFO - Created card: cards\joseph_d_morelle_card.png
2025-09-26 15:20:11,377 - gen_cards.py - INFO - Trying backup image for Troy Balderson
2025-09-26 15:20:11,498 - gen_cards.py - DEBUG - Success image pull for Troy Balderson
2025-09-26 15:20:11,501 - gen_cards.py - WARNING - Having to expand picture, could be poor quality. Original photo: (200, 244)
2025-09-26 15:20:11,513 - gen_cards.py - WARNING - Birthdate unknown for Troy Balderson
2025-09-26 15:20:11,513 - gen_cards.py - WARNING - No education for Troy Balderson. Skip this section.
2025-09-26 15:20:11,528 - gen_cards.py - INFO - Troy Balderson has never been absent
2025-09-26 15:20:11,553 - gen_cards.py - WARNING - No military record for Troy Balderson. Skip.
2025-09-26 15:20:11,554 - gen_cards.py - WARNING - No work history found for Troy Balderson. Skip.
2025-09-26 15:20:11,554 - gen_cards.py - WARNING - No congressional stats found for Troy Balderson. Skip.
2025-09-26 15:20:11,554 - gen_cards.py - WARNING - No awards found for Troy Balderson. Skip.
2025-09-26 15:20:11,738 - gen_cards.py - INFO - Created card: cards\troy_balderson_card.png
2025-09-26 15:20:11,972 - gen_cards.py - DEBUG - Success image pull for Claudia Tenney
2025-09-26 15:20:11,975 - gen_cards.py - WARNING - Having to expand picture, could be poor quality. Original photo: (175, 219)
2025-09-26 15:20:12,018 - gen_cards.py - INFO - Claudia Tenney has never disagreed
2025-09-26 15:20:12,040 - gen_cards.py - WARNING - No military record for Claudia Tenney. Skip.
2025-09-26 15:20:12,040 - gen_cards.py - WARNING - No congressional stats found for Claudia Tenney. Skip.
2025-09-26 15:20:12,040 - gen_cards.py - WARNING - No awards found for Claudia Tenney. Skip.
2025-09-26 15:20:12,146 - gen_cards.py - ERROR - Text box 2 for Claudia Tenney exceeds card dimensions by 21.0 pixels
2025-09-26 15:20:12,332 - gen_cards.py - INFO - Created card: cards\claudia_tenney_card.png
2025-09-26 15:20:12,542 - gen_cards.py - DEBUG - Success image pull for Adriano Espaillat
2025-09-26 15:20:12,905 - gen_cards.py - WARNING - Having to expand picture, could be poor quality. Original photo: (175, 263)
2025-09-26 15:20:12,955 - gen_cards.py - INFO - Adriano Espaillat has never been absent
2025-09-26 15:20:12,982 - gen_cards.py - WARNING - No military record for Adriano Espaillat. Skip.
2025-09-26 15:20:12,982 - gen_cards.py - WARNING - No congressional stats found for Adriano Espaillat. Skip.
2025-09-26 15:20:12,983 - gen_cards.py - WARNING - No awards found for Adriano Espaillat. Skip.
2025-09-26 15:20:13,201 - gen_cards.py - INFO - Created card: cards\adriano_espaillat_card.png
2025-09-26 15:20:13,787 - gen_cards.py - DEBUG - Success image pull for Warren Davidson
2025-09-26 15:20:13,789 - gen_cards.py - WARNING - Having to expand picture, could be poor quality. Original photo: (175, 263)
2025-09-26 15:20:13,860 - gen_cards.py - WARNING - No congressional stats found for Warren Davidson. Skip.
2025-09-26 15:20:13,860 - gen_cards.py - WARNING - No awards found for Warren Davidson. Skip.
2025-09-26 15:20:13,958 - gen_cards.py - ERROR - Text box 2 for Warren Davidson exceeds card dimensions by 32.0 pixels
2025-09-26 15:20:14,149 - gen_cards.py - INFO - Created card: cards\warren_davidson_card.png
2025-09-26 15:20:14,371 - gen_cards.py - DEBUG - Success image pull for Elise M. Stefanik
2025-09-26 15:20:14,374 - gen_cards.py - WARNING - Having to expand picture, could be poor quality. Original photo: (175, 216)
2025-09-26 15:20:14,407 - gen_cards.py - INFO - Elise M. Stefanik has never disagreed
2025-09-26 15:20:14,430 - gen_cards.py - WARNING - No military record for Elise M. Stefanik. Skip.
2025-09-26 15:20:14,430 - gen_cards.py - WARNING - No awards found for Elise M. Stefanik. Skip.
2025-09-26 15:20:14,560 - gen_cards.py - ERROR - Text box 2 for Elise M. Stefanik exceeds card dimensions by 104.0 pixels
2025-09-26 15:20:14,728 - gen_cards.py - INFO - Created card: cards\elise_m_stefanik_card.png
2025-09-26 15:20:15,018 - gen_cards.py - DEBUG - Success image pull for David P. Joyce
2025-09-26 15:20:15,021 - gen_cards.py - WARNING - Having to expand picture, could be poor quality. Original photo: (175, 219)
2025-09-26 15:20:15,060 - gen_cards.py - INFO - David P. Joyce has never disagreed
2025-09-26 15:20:15,082 - gen_cards.py - WARNING - No military record for David P. Joyce. Skip.
2025-09-26 15:20:15,083 - gen_cards.py - WARNING - No work history found for David P. Joyce. Skip.
2025-09-26 15:20:15,083 - gen_cards.py - WARNING - No congressional stats found for David P. Joyce. Skip.
2025-09-26 15:20:15,083 - gen_cards.py - WARNING - No awards found for David P. Joyce. Skip.
2025-09-26 15:20:15,278 - gen_cards.py - INFO - Created card: cards\david_p_joyce_card.png
2025-09-26 15:20:15,574 - gen_cards.py - DEBUG - Success image pull for Joyce Beatty
2025-09-26 15:20:15,912 - gen_cards.py - WARNING - Having to expand picture, could be poor quality. Original photo: (175, 240)
2025-09-26 15:20:15,965 - gen_cards.py - INFO - Joyce Beatty has never disagreed
2025-09-26 15:20:15,991 - gen_cards.py - WARNING - No military record for Joyce Beatty. Skip.
2025-09-26 15:20:15,991 - gen_cards.py - WARNING - No congressional stats found for Joyce Beatty. Skip.
2025-09-26 15:20:15,991 - gen_cards.py - WARNING - No awards found for Joyce Beatty. Skip.
2025-09-26 15:20:16,229 - gen_cards.py - INFO - Created card: cards\joyce_beatty_card.png
2025-09-26 15:20:16,551 - gen_cards.py - DEBUG - Success image pull for Robert E. Latta
2025-09-26 15:20:16,553 - gen_cards.py - WARNING - Having to expand picture, could be poor quality. Original photo: (175, 253)
2025-09-26 15:20:16,586 - gen_cards.py - INFO - Robert E. Latta has never disagreed
2025-09-26 15:20:16,587 - gen_cards.py - INFO - Robert E. Latta has never been absent
2025-09-26 15:20:16,606 - gen_cards.py - WARNING - No military record for Robert E. Latta. Skip.
2025-09-26 15:20:16,606 - gen_cards.py - WARNING - No congressional stats found for Robert E. Latta. Skip.
2025-09-26 15:20:16,607 - gen_cards.py - WARNING - No awards found for Robert E. Latta. Skip.
2025-09-26 15:20:16,870 - gen_cards.py - INFO - Created card: cards\robert_e_latta_card.png
2025-09-26 15:20:17,171 - gen_cards.py - DEBUG - Success image pull for Jim Jordan
2025-09-26 15:20:17,174 - gen_cards.py - WARNING - Having to expand picture, could be poor quality. Original photo: (175, 205)
2025-09-26 15:20:17,248 - gen_cards.py - WARNING - No military record for Jim Jordan. Skip.
2025-09-26 15:20:17,248 - gen_cards.py - WARNING - No congressional stats found for Jim Jordan. Skip.
2025-09-26 15:20:17,457 - gen_cards.py - INFO - Created card: cards\jim_jordan_card.png
2025-09-26 15:20:17,719 - gen_cards.py - DEBUG - Success image pull for Paul Tonko
2025-09-26 15:20:18,071 - gen_cards.py - WARNING - Having to expand picture, could be poor quality. Original photo: (175, 263)
2025-09-26 15:20:18,134 - gen_cards.py - WARNING - No military record for Paul Tonko. Skip.
2025-09-26 15:20:18,134 - gen_cards.py - WARNING - No congressional stats found for Paul Tonko. Skip.
2025-09-26 15:20:18,134 - gen_cards.py - WARNING - No awards found for Paul Tonko. Skip.
2025-09-26 15:20:18,349 - gen_cards.py - INFO - Created card: cards\paul_tonko_card.png
2025-09-26 15:20:18,550 - gen_cards.py - DEBUG - Success image pull for Jerrold Nadler
2025-09-26 15:20:18,885 - gen_cards.py - WARNING - Having to expand picture, could be poor quality. Original photo: (175, 175)
2025-09-26 15:20:18,958 - gen_cards.py - WARNING - No military record for Jerrold Nadler. Skip.
2025-09-26 15:20:18,958 - gen_cards.py - WARNING - No awards found for Jerrold Nadler. Skip.
2025-09-26 15:20:19,127 - gen_cards.py - ERROR - Text box 2 for Jerrold Nadler exceeds card dimensions by 246.0 pixels
2025-09-26 15:20:19,265 - gen_cards.py - INFO - Created card: cards\jerrold_nadler_card.png
2025-09-26 15:20:19,645 - gen_cards.py - DEBUG - Success image pull for Michael R. Turner
2025-09-26 15:20:19,711 - gen_cards.py - INFO - Michael R. Turner has never disagreed
2025-09-26 15:20:19,735 - gen_cards.py - WARNING - No military record for Michael R. Turner. Skip.
2025-09-26 15:20:19,735 - gen_cards.py - WARNING - No awards found for Michael R. Turner. Skip.
2025-09-26 15:20:19,821 - gen_cards.py - ERROR - Text box 2 for Michael R. Turner exceeds card dimensions by 16.0 pixels
2025-09-26 15:20:19,955 - gen_cards.py - INFO - Created card: cards\michael_r_turner_card.png
2025-09-26 15:20:20,268 - gen_cards.py - DEBUG - Success image pull for Marcy Kaptur
2025-09-26 15:20:20,603 - gen_cards.py - WARNING - Having to expand picture, could be poor quality. Original photo: (175, 263)
2025-09-26 15:20:20,656 - gen_cards.py - INFO - Marcy Kaptur has never disagreed
2025-09-26 15:20:20,688 - gen_cards.py - WARNING - No military record for Marcy Kaptur. Skip.
2025-09-26 15:20:20,688 - gen_cards.py - WARNING - No congressional stats found for Marcy Kaptur. Skip.
2025-09-26 15:20:20,688 - gen_cards.py - WARNING - No awards found for Marcy Kaptur. Skip.
2025-09-26 15:20:20,978 - gen_cards.py - INFO - Created card: cards\marcy_kaptur_card.png
2025-09-26 15:20:22,600 - gen_cards.py - DEBUG - Success image pull for Nellie Pou
2025-09-26 15:20:22,990 - gen_cards.py - INFO - Nellie Pou has never disagreed
2025-09-26 15:20:22,990 - gen_cards.py - INFO - Nellie Pou has never been absent
2025-09-26 15:20:23,009 - gen_cards.py - WARNING - No military record for Nellie Pou. Skip.
2025-09-26 15:20:23,009 - gen_cards.py - WARNING - No congressional stats found for Nellie Pou. Skip.
2025-09-26 15:20:23,009 - gen_cards.py - WARNING - No awards found for Nellie Pou. Skip.
2025-09-26 15:20:23,282 - gen_cards.py - INFO - Created card: cards\nellie_pou_card.png
2025-09-26 15:20:23,737 - gen_cards.py - DEBUG - Success image pull for Maggie Goodlander
2025-09-26 15:20:24,115 - gen_cards.py - INFO - Maggie Goodlander has never disagreed
2025-09-26 15:20:24,115 - gen_cards.py - INFO - Maggie Goodlander has never been absent
2025-09-26 15:20:24,136 - gen_cards.py - WARNING - No congressional stats found for Maggie Goodlander. Skip.
2025-09-26 15:20:24,136 - gen_cards.py - WARNING - No awards found for Maggie Goodlander. Skip.
2025-09-26 15:20:24,400 - gen_cards.py - ERROR - Text box 2 for Maggie Goodlander exceeds card dimensions by 517.0 pixels
2025-09-26 15:20:24,580 - gen_cards.py - INFO - Created card: cards\maggie_goodlander_card.png
2025-09-26 15:20:24,879 - gen_cards.py - DEBUG - Success image pull for Laura Gillen
2025-09-26 15:20:25,303 - gen_cards.py - INFO - Laura Gillen has never disagreed
2025-09-26 15:20:25,328 - gen_cards.py - WARNING - No military record for Laura Gillen. Skip.
2025-09-26 15:20:25,329 - gen_cards.py - WARNING - No congressional stats found for Laura Gillen. Skip.
2025-09-26 15:20:25,329 - gen_cards.py - WARNING - No awards found for Laura Gillen. Skip.
2025-09-26 15:20:25,581 - gen_cards.py - INFO - Created card: cards\laura_gillen_card.png
2025-09-26 15:20:25,911 - gen_cards.py - DEBUG - Success image pull for Herbert C. Conaway
2025-09-26 15:20:26,332 - gen_cards.py - INFO - Herbert C. Conaway has never disagreed
2025-09-26 15:20:26,355 - gen_cards.py - WARNING - No congressional stats found for Herbert C. Conaway. Skip.
2025-09-26 15:20:26,356 - gen_cards.py - WARNING - No awards found for Herbert C. Conaway. Skip.
2025-09-26 15:20:26,600 - gen_cards.py - INFO - Created card: cards\herbert_c_conaway_card.png
2025-09-26 15:20:26,920 - gen_cards.py - DEBUG - Success image pull for Gabe Vasquez
2025-09-26 15:20:27,265 - gen_cards.py - WARNING - Having to expand picture, could be poor quality. Original photo: (175, 219)
2025-09-26 15:20:27,302 - gen_cards.py - INFO - Gabe Vasquez has never disagreed
2025-09-26 15:20:27,325 - gen_cards.py - WARNING - No military record for Gabe Vasquez. Skip.
2025-09-26 15:20:27,325 - gen_cards.py - WARNING - No congressional stats found for Gabe Vasquez. Skip.
2025-09-26 15:20:27,325 - gen_cards.py - WARNING - No awards found for Gabe Vasquez. Skip.
2025-09-26 15:20:27,580 - gen_cards.py - INFO - Created card: cards\gabe_vasquez_card.png
2025-09-26 15:20:27,794 - gen_cards.py - DEBUG - Success image pull for Nick LaLota
2025-09-26 15:20:27,798 - gen_cards.py - WARNING - Having to expand picture, could be poor quality. Original photo: (175, 219)
2025-09-26 15:20:27,845 - gen_cards.py - INFO - Nick LaLota has never disagreed
2025-09-26 15:20:27,869 - gen_cards.py - WARNING - No congressional stats found for Nick LaLota. Skip.
2025-09-26 15:20:27,869 - gen_cards.py - WARNING - No awards found for Nick LaLota. Skip.
2025-09-26 15:20:28,010 - gen_cards.py - ERROR - Text box 2 for Nick LaLota exceeds card dimensions by 294.0 pixels
2025-09-26 15:20:28,193 - gen_cards.py - INFO - Created card: cards\nick_lalota_card.png
2025-09-26 15:20:28,544 - gen_cards.py - DEBUG - Success image pull for Thomas H. Kean
2025-09-26 15:20:28,548 - gen_cards.py - WARNING - Having to expand picture, could be poor quality. Original photo: (175, 219)
2025-09-26 15:20:28,587 - gen_cards.py - INFO - Thomas H. Kean has never disagreed
2025-09-26 15:20:28,610 - gen_cards.py - WARNING - No military record for Thomas H. Kean. Skip.
2025-09-26 15:20:28,610 - gen_cards.py - WARNING - No congressional stats found for Thomas H. Kean. Skip.
2025-09-26 15:20:28,610 - gen_cards.py - WARNING - No awards found for Thomas H. Kean. Skip.
2025-09-26 15:20:28,761 - gen_cards.py - ERROR - Text box 2 for Thomas H. Kean exceeds card dimensions by 133.0 pixels
2025-09-26 15:20:28,918 - gen_cards.py - INFO - Created card: cards\thomas_h_kean_card.png
2025-09-26 15:20:29,120 - gen_cards.py - DEBUG - Success image pull for Daniel S. Goldman
2025-09-26 15:20:29,466 - gen_cards.py - WARNING - Having to expand picture, could be poor quality. Original photo: (175, 219)
2025-09-26 15:20:29,503 - gen_cards.py - INFO - Daniel S. Goldman has never disagreed
2025-09-26 15:20:29,525 - gen_cards.py - WARNING - No military record for Daniel S. Goldman. Skip.
2025-09-26 15:20:29,526 - gen_cards.py - WARNING - No congressional stats found for Daniel S. Goldman. Skip.
2025-09-26 15:20:29,526 - gen_cards.py - WARNING - No awards found for Daniel S. Goldman. Skip.
2025-09-26 15:20:29,674 - gen_cards.py - ERROR - Text box 2 for Daniel S. Goldman exceeds card dimensions by 45.0 pixels
2025-09-26 15:20:29,831 - gen_cards.py - INFO - Created card: cards\daniel_s_goldman_card.png
2025-09-26 15:20:30,056 - gen_cards.py - DEBUG - Success image pull for Melanie A. Stansbury
2025-09-26 15:20:30,392 - gen_cards.py - WARNING - Having to expand picture, could be poor quality. Original photo: (175, 219)
2025-09-26 15:20:30,472 - gen_cards.py - WARNING - No military record for Melanie A. Stansbury. Skip.
2025-09-26 15:20:30,472 - gen_cards.py - WARNING - No congressional stats found for Melanie A. Stansbury. Skip.
2025-09-26 15:20:30,473 - gen_cards.py - WARNING - No awards found for Melanie A. Stansbury. Skip.
2025-09-26 15:20:30,612 - gen_cards.py - ERROR - Text box 2 for Melanie A. Stansbury exceeds card dimensions by 129.0 pixels
2025-09-26 15:20:30,763 - gen_cards.py - INFO - Created card: cards\melanie_a_stansbury_card.png
2025-09-26 15:20:30,960 - gen_cards.py - DEBUG - Success image pull for Nicole Malliotakis
2025-09-26 15:20:30,964 - gen_cards.py - WARNING - Having to expand picture, could be poor quality. Original photo: (175, 219)
2025-09-26 15:20:31,006 - gen_cards.py - INFO - Nicole Malliotakis has never disagreed
2025-09-26 15:20:31,031 - gen_cards.py - WARNING - No military record for Nicole Malliotakis. Skip.
2025-09-26 15:20:31,031 - gen_cards.py - WARNING - No congressional stats found for Nicole Malliotakis. Skip.
2025-09-26 15:20:31,031 - gen_cards.py - WARNING - No awards found for Nicole Malliotakis. Skip.
2025-09-26 15:20:31,261 - gen_cards.py - INFO - Created card: cards\nicole_malliotakis_card.png
2025-09-26 15:20:31,602 - gen_cards.py - DEBUG - Success image pull for Teresa Leger Fernandez
2025-09-26 15:20:31,947 - gen_cards.py - WARNING - Having to expand picture, could be poor quality. Original photo: (175, 219)
2025-09-26 15:20:32,021 - gen_cards.py - WARNING - No military record for Teresa Leger Fernandez. Skip.
2025-09-26 15:20:32,021 - gen_cards.py - WARNING - No congressional stats found for Teresa Leger Fernandez. Skip.
2025-09-26 15:20:32,021 - gen_cards.py - WARNING - No awards found for Teresa Leger Fernandez. Skip.
2025-09-26 15:20:32,241 - gen_cards.py - INFO - Created card: cards\teresa_leger_fernandez_card.png
2025-09-26 15:20:32,450 - gen_cards.py - DEBUG - Success image pull for Andrew R. Garbarino
2025-09-26 15:20:32,453 - gen_cards.py - WARNING - Having to expand picture, could be poor quality. Original photo: (175, 219)
2025-09-26 15:20:32,495 - gen_cards.py - INFO - Andrew R. Garbarino has never disagreed
2025-09-26 15:20:32,518 - gen_cards.py - WARNING - No military record for Andrew R. Garbarino. Skip.
2025-09-26 15:20:32,518 - gen_cards.py - WARNING - No awards found for Andrew R. Garbarino. Skip.
2025-09-26 15:20:32,659 - gen_cards.py - ERROR - Text box 2 for Andrew R. Garbarino exceeds card dimensions by 60.0 pixels
2025-09-26 15:20:32,843 - gen_cards.py - INFO - Created card: cards\andrew_r_garbarino_card.png
2025-09-26 15:20:33,187 - gen_cards.py - DEBUG - Success image pull for Susie Lee
2025-09-26 15:20:33,560 - gen_cards.py - WARNING - Having to expand picture, could be poor quality. Original photo: (175, 219)
2025-09-26 15:20:33,594 - gen_cards.py - INFO - Susie Lee has never disagreed
2025-09-26 15:20:33,619 - gen_cards.py - WARNING - No military record for Susie Lee. Skip.
2025-09-26 15:20:33,619 - gen_cards.py - WARNING - No congressional stats found for Susie Lee. Skip.
2025-09-26 15:20:33,619 - gen_cards.py - WARNING - No awards found for Susie Lee. Skip.
2025-09-26 15:20:33,845 - gen_cards.py - INFO - Created card: cards\susie_lee_card.png
2025-09-26 15:20:34,174 - gen_cards.py - DEBUG - Success image pull for Mikie Sherrill
2025-09-26 15:20:34,510 - gen_cards.py - WARNING - Having to expand picture, could be poor quality. Original photo: (175, 263)
2025-09-26 15:20:34,551 - gen_cards.py - INFO - Mikie Sherrill has never disagreed
2025-09-26 15:20:34,576 - gen_cards.py - WARNING - No congressional stats found for Mikie Sherrill. Skip.
2025-09-26 15:20:34,576 - gen_cards.py - WARNING - No awards found for Mikie Sherrill. Skip.
2025-09-26 15:20:34,839 - gen_cards.py - INFO - Created card: cards\mikie_sherrill_card.png
2025-09-26 15:20:35,335 - gen_cards.py - DEBUG - Success image pull for Jefferson Van Drew
2025-09-26 15:20:35,420 - gen_cards.py - WARNING - No military record for Jefferson Van Drew. Skip.
2025-09-26 15:20:35,420 - gen_cards.py - WARNING - No congressional stats found for Jefferson Van Drew. Skip.
2025-09-26 15:20:35,420 - gen_cards.py - WARNING - No awards found for Jefferson Van Drew. Skip.
2025-09-26 15:20:35,543 - gen_cards.py - ERROR - Text box 2 for Jefferson Van Drew exceeds card dimensions by 139.0 pixels
2025-09-26 15:20:35,721 - gen_cards.py - INFO - Created card: cards\jefferson_van_drew_card.png
2025-09-26 15:20:36,084 - gen_cards.py - DEBUG - Success image pull for Chris Pappas
2025-09-26 15:20:36,405 - gen_cards.py - WARNING - Having to expand picture, could be poor quality. Original photo: (175, 262)
2025-09-26 15:20:36,440 - gen_cards.py - INFO - Chris Pappas has never disagreed
2025-09-26 15:20:36,440 - gen_cards.py - INFO - Chris Pappas has never been absent
2025-09-26 15:20:36,459 - gen_cards.py - WARNING - No military record for Chris Pappas. Skip.
2025-09-26 15:20:36,460 - gen_cards.py - WARNING - No congressional stats found for Chris Pappas. Skip.
2025-09-26 15:20:36,460 - gen_cards.py - WARNING - No awards found for Chris Pappas. Skip.
2025-09-26 15:20:36,752 - gen_cards.py - INFO - Created card: cards\chris_pappas_card.png
2025-09-26 15:20:36,983 - gen_cards.py - DEBUG - Success image pull for Thomas R. Suozzi
2025-09-26 15:20:37,311 - gen_cards.py - WARNING - Having to expand picture, could be poor quality. Original photo: (175, 263)
2025-09-26 15:20:37,352 - gen_cards.py - INFO - Thomas R. Suozzi has never disagreed
2025-09-26 15:20:37,375 - gen_cards.py - WARNING - No military record for Thomas R. Suozzi. Skip.
2025-09-26 15:20:37,375 - gen_cards.py - WARNING - No congressional stats found for Thomas R. Suozzi. Skip.
2025-09-26 15:20:37,376 - gen_cards.py - WARNING - No awards found for Thomas R. Suozzi. Skip.
2025-09-26 15:20:37,623 - gen_cards.py - INFO - Created card: cards\thomas_r_suozzi_card.png
2025-09-26 15:20:37,623 - gen_cards.py - INFO - Trying backup image for Josh Gottheimer
2025-09-26 15:20:37,729 - gen_cards.py - DEBUG - Success image pull for Josh Gottheimer
2025-09-26 15:20:38,056 - gen_cards.py - WARNING - Having to expand picture, could be poor quality. Original photo: (200, 244)
2025-09-26 15:20:38,068 - gen_cards.py - WARNING - Birthdate unknown for Josh Gottheimer
2025-09-26 15:20:38,068 - gen_cards.py - WARNING - No education for Josh Gottheimer. Skip this section.
2025-09-26 15:20:38,084 - gen_cards.py - INFO - Josh Gottheimer has never disagreed
2025-09-26 15:20:38,107 - gen_cards.py - WARNING - No military record for Josh Gottheimer. Skip.
2025-09-26 15:20:38,107 - gen_cards.py - WARNING - No work history found for Josh Gottheimer. Skip.
2025-09-26 15:20:38,108 - gen_cards.py - WARNING - No congressional stats found for Josh Gottheimer. Skip.
2025-09-26 15:20:38,108 - gen_cards.py - WARNING - No awards found for Josh Gottheimer. Skip.
2025-09-26 15:20:38,348 - gen_cards.py - INFO - Created card: cards\josh_gottheimer_card.png
2025-09-26 15:20:38,669 - gen_cards.py - DEBUG - Success image pull for Bonnie Watson Coleman
2025-09-26 15:20:39,008 - gen_cards.py - WARNING - Having to expand picture, could be poor quality. Original photo: (175, 263)
2025-09-26 15:20:39,046 - gen_cards.py - INFO - Bonnie Watson Coleman has never been absent
2025-09-26 15:20:39,075 - gen_cards.py - WARNING - No military record for Bonnie Watson Coleman. Skip.
2025-09-26 15:20:39,075 - gen_cards.py - WARNING - No congressional stats found for Bonnie Watson Coleman. Skip.
2025-09-26 15:20:39,075 - gen_cards.py - WARNING - No awards found for Bonnie Watson Coleman. Skip.
2025-09-26 15:20:39,322 - gen_cards.py - INFO - Created card: cards\bonnie_watson_coleman_card.png
2025-09-26 15:20:39,642 - gen_cards.py - DEBUG - Success image pull for Donald Norcross
2025-09-26 15:20:39,961 - gen_cards.py - WARNING - Having to expand picture, could be poor quality. Original photo: (175, 263)
2025-09-26 15:20:40,029 - gen_cards.py - WARNING - No military record for Donald Norcross. Skip.
2025-09-26 15:20:40,029 - gen_cards.py - WARNING - No congressional stats found for Donald Norcross. Skip.
2025-09-26 15:20:40,029 - gen_cards.py - WARNING - No awards found for Donald Norcross. Skip.
2025-09-26 15:20:40,311 - gen_cards.py - INFO - Created card: cards\donald_norcross_card.png
2025-09-26 15:20:40,491 - gen_cards.py - DEBUG - Success image pull for Hakeem S. Jeffries
2025-09-26 15:20:40,864 - gen_cards.py - WARNING - Having to expand picture, could be poor quality. Original photo: (175, 218)
2025-09-26 15:20:40,910 - gen_cards.py - INFO - Hakeem S. Jeffries has never disagreed
2025-09-26 15:20:40,910 - gen_cards.py - INFO - Hakeem S. Jeffries has never been absent
2025-09-26 15:20:40,931 - gen_cards.py - WARNING - No military record for Hakeem S. Jeffries. Skip.
2025-09-26 15:20:40,932 - gen_cards.py - WARNING - No awards found for Hakeem S. Jeffries. Skip.
2025-09-26 15:20:40,932 - gen_cards.py - WARNING - No committees found for Hakeem S. Jeffries. Skip.
2025-09-26 15:20:41,188 - gen_cards.py - INFO - Created card: cards\hakeem_s_jeffries_card.png
2025-09-26 15:20:41,369 - gen_cards.py - DEBUG - Success image pull for Grace Meng
2025-09-26 15:20:41,713 - gen_cards.py - WARNING - Having to expand picture, could be poor quality. Original photo: (175, 244)
2025-09-26 15:20:41,756 - gen_cards.py - INFO - Grace Meng has never disagreed
2025-09-26 15:20:41,780 - gen_cards.py - WARNING - No military record for Grace Meng. Skip.
2025-09-26 15:20:41,781 - gen_cards.py - WARNING - No congressional stats found for Grace Meng. Skip.
2025-09-26 15:20:41,781 - gen_cards.py - WARNING - No awards found for Grace Meng. Skip.
2025-09-26 15:20:42,008 - gen_cards.py - INFO - Created card: cards\grace_meng_card.png
2025-09-26 15:20:42,265 - gen_cards.py - DEBUG - Success image pull for Steven Horsford
2025-09-26 15:20:42,637 - gen_cards.py - WARNING - Having to expand picture, could be poor quality. Original photo: (175, 219)
2025-09-26 15:20:42,674 - gen_cards.py - INFO - Steven Horsford has never disagreed
2025-09-26 15:20:42,699 - gen_cards.py - WARNING - No military record for Steven Horsford. Skip.
2025-09-26 15:20:42,700 - gen_cards.py - WARNING - No congressional stats found for Steven Horsford. Skip.
2025-09-26 15:20:42,700 - gen_cards.py - WARNING - No awards found for Steven Horsford. Skip.
2025-09-26 15:20:42,927 - gen_cards.py - INFO - Created card: cards\steven_horsford_card.png
2025-09-26 15:20:43,430 - gen_cards.py - DEBUG - Success image pull for Mark E. Amodei
2025-09-26 15:20:43,433 - gen_cards.py - WARNING - Having to expand picture, could be poor quality. Original photo: (175, 263)
2025-09-26 15:20:43,481 - gen_cards.py - INFO - Mark E. Amodei has never disagreed
2025-09-26 15:20:43,503 - gen_cards.py - WARNING - No congressional stats found for Mark E. Amodei. Skip.
2025-09-26 15:20:43,503 - gen_cards.py - WARNING - No awards found for Mark E. Amodei. Skip.
2025-09-26 15:20:43,630 - gen_cards.py - ERROR - Text box 2 for Mark E. Amodei exceeds card dimensions by 94.0 pixels
2025-09-26 15:20:43,798 - gen_cards.py - INFO - Created card: cards\mark_e_amodei_card.png
2025-09-26 15:20:44,020 - gen_cards.py - DEBUG - Success image pull for Yvette D. Clarke
2025-09-26 15:20:44,411 - gen_cards.py - WARNING - No military record for Yvette D. Clarke. Skip.
2025-09-26 15:20:44,411 - gen_cards.py - WARNING - No congressional stats found for Yvette D. Clarke. Skip.
2025-09-26 15:20:44,412 - gen_cards.py - WARNING - No awards found for Yvette D. Clarke. Skip.
2025-09-26 15:20:44,628 - gen_cards.py - INFO - Created card: cards\yvette_d_clarke_card.png
2025-09-26 15:20:45,028 - gen_cards.py - DEBUG - Success image pull for Dina Titus
2025-09-26 15:20:45,434 - gen_cards.py - INFO - Dina Titus has never disagreed
2025-09-26 15:20:45,457 - gen_cards.py - WARNING - No military record for Dina Titus. Skip.
2025-09-26 15:20:45,457 - gen_cards.py - WARNING - No congressional stats found for Dina Titus. Skip.
2025-09-26 15:20:45,458 - gen_cards.py - WARNING - No awards found for Dina Titus. Skip.
2025-09-26 15:20:45,595 - gen_cards.py - ERROR - Text box 2 for Dina Titus exceeds card dimensions by 79.0 pixels
2025-09-26 15:20:45,700 - gen_cards.py - INFO - Created card: cards\dina_titus_card.png
2025-09-26 15:20:45,971 - gen_cards.py - DEBUG - Success image pull for Frank Pallone
2025-09-26 15:20:46,316 - gen_cards.py - WARNING - Having to expand picture, could be poor quality. Original photo: (175, 214)
2025-09-26 15:20:46,371 - gen_cards.py - INFO - Frank Pallone has never been absent
2025-09-26 15:20:46,399 - gen_cards.py - WARNING - No military record for Frank Pallone. Skip.
2025-09-26 15:20:46,400 - gen_cards.py - WARNING - No awards found for Frank Pallone. Skip.
2025-09-26 15:20:46,592 - gen_cards.py - INFO - Created card: cards\frank_pallone_card.png
2025-09-26 15:20:46,794 - gen_cards.py - DEBUG - Success image pull for Gregory W. Meeks
2025-09-26 15:20:47,124 - gen_cards.py - WARNING - Having to expand picture, could be poor quality. Original photo: (175, 236)
2025-09-26 15:20:47,165 - gen_cards.py - INFO - Gregory W. Meeks has never disagreed
2025-09-26 15:20:47,190 - gen_cards.py - WARNING - No military record for Gregory W. Meeks. Skip.
2025-09-26 15:20:47,190 - gen_cards.py - WARNING - No awards found for Gregory W. Meeks. Skip.
2025-09-26 15:20:47,404 - gen_cards.py - INFO - Created card: cards\gregory_w_meeks_card.png
2025-09-26 15:20:47,919 - gen_cards.py - DEBUG - Success image pull for Nydia M. Velázquez
2025-09-26 15:20:48,330 - gen_cards.py - WARNING - No military record for Nydia M. Velázquez. Skip.
2025-09-26 15:20:48,330 - gen_cards.py - WARNING - No awards found for Nydia M. Velázquez. Skip.
2025-09-26 15:20:48,472 - gen_cards.py - ERROR - Text box 2 for Nydia M. Velázquez exceeds card dimensions by 86.0 pixels
2025-09-26 15:20:48,587 - gen_cards.py - INFO - Created card: cards\nydia_m_velázquez_card.png
2025-09-26 15:20:48,911 - gen_cards.py - DEBUG - Success image pull for Christopher H. Smith
2025-09-26 15:20:48,915 - gen_cards.py - WARNING - Having to expand picture, could be poor quality. Original photo: (175, 236)
2025-09-26 15:20:48,986 - gen_cards.py - WARNING - No military record for Christopher H. Smith. Skip.
2025-09-26 15:20:48,987 - gen_cards.py - WARNING - No awards found for Christopher H. Smith. Skip.
2025-09-26 15:20:49,218 - gen_cards.py - INFO - Created card: cards\christopher_h_smith_card.png
2025-09-26 15:20:49,818 - gen_cards.py - DEBUG - Success image pull for Addison P. McDowell
2025-09-26 15:20:49,918 - gen_cards.py - WARNING - No military record for Addison P. McDowell. Skip.
2025-09-26 15:20:49,918 - gen_cards.py - WARNING - No congressional stats found for Addison P. McDowell. Skip.
2025-09-26 15:20:49,918 - gen_cards.py - WARNING - No awards found for Addison P. McDowell. Skip.
2025-09-26 15:20:50,073 - gen_cards.py - ERROR - Text box 2 for Addison P. McDowell exceeds card dimensions by 17.0 pixels
2025-09-26 15:20:50,250 - gen_cards.py - INFO - Created card: cards\addison_p_mcdowell_card.png
2025-09-26 15:20:50,854 - gen_cards.py - DEBUG - Success image pull for Tim Moore
2025-09-26 15:20:50,941 - gen_cards.py - INFO - Tim Moore has never been absent
2025-09-26 15:20:50,966 - gen_cards.py - WARNING - No military record for Tim Moore. Skip.
2025-09-26 15:20:50,967 - gen_cards.py - WARNING - No congressional stats found for Tim Moore. Skip.
2025-09-26 15:20:50,967 - gen_cards.py - WARNING - No awards found for Tim Moore. Skip.
2025-09-26 15:20:51,219 - gen_cards.py - INFO - Created card: cards\tim_moore_card.png
2025-09-26 15:20:51,733 - gen_cards.py - DEBUG - Success image pull for Brad Knott
2025-09-26 15:20:51,832 - gen_cards.py - WARNING - No military record for Brad Knott. Skip.
2025-09-26 15:20:51,833 - gen_cards.py - WARNING - No congressional stats found for Brad Knott. Skip.
2025-09-26 15:20:51,833 - gen_cards.py - WARNING - No awards found for Brad Knott. Skip.
2025-09-26 15:20:52,001 - gen_cards.py - ERROR - Text box 2 for Brad Knott exceeds card dimensions by 285.0 pixels
2025-09-26 15:20:52,178 - gen_cards.py - INFO - Created card: cards\brad_knott_card.png
2025-09-26 15:20:52,636 - gen_cards.py - DEBUG - Success image pull for Mark Harris
2025-09-26 15:20:52,727 - gen_cards.py - INFO - Mark Harris has never been absent
2025-09-26 15:20:52,754 - gen_cards.py - WARNING - No military record for Mark Harris. Skip.
2025-09-26 15:20:52,754 - gen_cards.py - WARNING - No congressional stats found for Mark Harris. Skip.
2025-09-26 15:20:52,755 - gen_cards.py - WARNING - No awards found for Mark Harris. Skip.
2025-09-26 15:20:52,879 - gen_cards.py - ERROR - Text box 2 for Mark Harris exceeds card dimensions by 264.0 pixels
2025-09-26 15:20:53,058 - gen_cards.py - INFO - Created card: cards\mark_harris_card.png
2025-09-26 15:20:53,544 - gen_cards.py - DEBUG - Success image pull for Pat Harrigan
2025-09-26 15:20:53,640 - gen_cards.py - WARNING - No congressional stats found for Pat Harrigan. Skip.
2025-09-26 15:20:53,640 - gen_cards.py - WARNING - No awards found for Pat Harrigan. Skip.
2025-09-26 15:20:53,925 - gen_cards.py - INFO - Created card: cards\pat_harrigan_card.png
2025-09-26 15:20:54,386 - gen_cards.py - DEBUG - Success image pull for Julie Fedorchak
2025-09-26 15:20:54,482 - gen_cards.py - WARNING - No military record for Julie Fedorchak. Skip.
2025-09-26 15:20:54,482 - gen_cards.py - WARNING - No congressional stats found for Julie Fedorchak. Skip.
2025-09-26 15:20:54,483 - gen_cards.py - WARNING - No awards found for Julie Fedorchak. Skip.
2025-09-26 15:20:54,779 - gen_cards.py - INFO - Created card: cards\julie_fedorchak_card.png
2025-09-26 15:20:55,321 - gen_cards.py - DEBUG - Success image pull for Chuck Edwards
2025-09-26 15:20:55,324 - gen_cards.py - WARNING - Having to expand picture, could be poor quality. Original photo: (175, 219)
2025-09-26 15:20:55,394 - gen_cards.py - WARNING - No military record for Chuck Edwards. Skip.
2025-09-26 15:20:55,394 - gen_cards.py - WARNING - No congressional stats found for Chuck Edwards. Skip.
2025-09-26 15:20:55,394 - gen_cards.py - WARNING - No awards found for Chuck Edwards. Skip.
2025-09-26 15:20:55,641 - gen_cards.py - INFO - Created card: cards\chuck_edwards_card.png
2025-09-26 15:20:56,063 - gen_cards.py - DEBUG - Success image pull for Mike Flood
2025-09-26 15:20:56,121 - gen_cards.py - INFO - Mike Flood has never disagreed
2025-09-26 15:20:56,145 - gen_cards.py - WARNING - No military record for Mike Flood. Skip.
2025-09-26 15:20:56,145 - gen_cards.py - WARNING - No congressional stats found for Mike Flood. Skip.
2025-09-26 15:20:56,145 - gen_cards.py - WARNING - No awards found for Mike Flood. Skip.
2025-09-26 15:20:56,349 - gen_cards.py - INFO - Created card: cards\mike_flood_card.png
2025-09-26 15:20:56,681 - gen_cards.py - DEBUG - Success image pull for Don Bacon
2025-09-26 15:20:56,684 - gen_cards.py - WARNING - Having to expand picture, could be poor quality. Original photo: (175, 219)
2025-09-26 15:20:56,734 - gen_cards.py - INFO - Don Bacon has never disagreed
2025-09-26 15:20:56,757 - gen_cards.py - WARNING - No congressional stats found for Don Bacon. Skip.
2025-09-26 15:20:56,757 - gen_cards.py - WARNING - No awards found for Don Bacon. Skip.
2025-09-26 15:20:56,868 - gen_cards.py - ERROR - Text box 2 for Don Bacon exceeds card dimensions by 84.0 pixels
2025-09-26 15:20:57,022 - gen_cards.py - INFO - Created card: cards\don_bacon_card.png
2025-09-26 15:20:57,238 - gen_cards.py - DEBUG - Success image pull for David Rouzer
2025-09-26 15:20:57,242 - gen_cards.py - WARNING - Having to expand picture, could be poor quality. Original photo: (175, 219)
2025-09-26 15:20:57,318 - gen_cards.py - WARNING - No military record for David Rouzer. Skip.
2025-09-26 15:20:57,318 - gen_cards.py - WARNING - No congressional stats found for David Rouzer. Skip.
2025-09-26 15:20:57,319 - gen_cards.py - WARNING - No awards found for David Rouzer. Skip.
2025-09-26 15:20:57,572 - gen_cards.py - ERROR - Text box 2 for David Rouzer exceeds card dimensions by 329.0 pixels
2025-09-26 15:20:57,748 - gen_cards.py - INFO - Created card: cards\david_rouzer_card.png
2025-09-26 15:20:57,920 - gen_cards.py - DEBUG - Success image pull for Alma S. Adams
2025-09-26 15:20:58,432 - gen_cards.py - WARNING - Having to expand picture, could be poor quality. Original photo: (175, 263)
2025-09-26 15:20:58,544 - gen_cards.py - INFO - Alma S. Adams has never disagreed
2025-09-26 15:20:58,544 - gen_cards.py - INFO - Alma S. Adams has never been absent
2025-09-26 15:20:58,601 - gen_cards.py - WARNING - No military record for Alma S. Adams. Skip.
2025-09-26 15:20:58,601 - gen_cards.py - WARNING - No congressional stats found for Alma S. Adams. Skip.
2025-09-26 15:20:58,602 - gen_cards.py - WARNING - No awards found for Alma S. Adams. Skip.
2025-09-26 15:20:58,822 - gen_cards.py - ERROR - Text box 2 for Alma S. Adams exceeds card dimensions by 14.0 pixels
2025-09-26 15:20:59,001 - gen_cards.py - INFO - Created card: cards\alma_s_adams_card.png
2025-09-26 15:20:59,297 - gen_cards.py - DEBUG - Success image pull for Richard Hudson
2025-09-26 15:20:59,301 - gen_cards.py - WARNING - Having to expand picture, could be poor quality. Original photo: (175, 263)
2025-09-26 15:20:59,368 - gen_cards.py - WARNING - No military record for Richard Hudson. Skip.
2025-09-26 15:20:59,368 - gen_cards.py - WARNING - No awards found for Richard Hudson. Skip.
2025-09-26 15:20:59,510 - gen_cards.py - ERROR - Text box 2 for Richard Hudson exceeds card dimensions by 12.0 pixels
2025-09-26 15:20:59,699 - gen_cards.py - INFO - Created card: cards\richard_hudson_card.png
2025-09-26 15:21:00,007 - gen_cards.py - DEBUG - Success image pull for Adrian Smith
2025-09-26 15:21:00,011 - gen_cards.py - WARNING - Having to expand picture, could be poor quality. Original photo: (175, 263)
2025-09-26 15:21:00,058 - gen_cards.py - INFO - Adrian Smith has never disagreed
2025-09-26 15:21:00,081 - gen_cards.py - WARNING - No military record for Adrian Smith. Skip.
2025-09-26 15:21:00,081 - gen_cards.py - WARNING - No congressional stats found for Adrian Smith. Skip.
2025-09-26 15:21:00,082 - gen_cards.py - WARNING - No awards found for Adrian Smith. Skip.
2025-09-26 15:21:00,295 - gen_cards.py - INFO - Created card: cards\adrian_smith_card.png
2025-09-26 15:21:00,647 - gen_cards.py - DEBUG - Success image pull for Virginia Foxx
2025-09-26 15:21:00,650 - gen_cards.py - WARNING - Having to expand picture, could be poor quality. Original photo: (175, 263)
2025-09-26 15:21:00,739 - gen_cards.py - WARNING - No military record for Virginia Foxx. Skip.
2025-09-26 15:21:00,740 - gen_cards.py - WARNING - No awards found for Virginia Foxx. Skip.
2025-09-26 15:21:00,903 - gen_cards.py - ERROR - Text box 2 for Virginia Foxx exceeds card dimensions by 310.0 pixels
2025-09-26 15:21:01,119 - gen_cards.py - INFO - Created card: cards\virginia_foxx_card.png
2025-09-26 15:21:01,645 - gen_cards.py - DEBUG - Success image pull for Robert F. Onder
2025-09-26 15:21:01,748 - gen_cards.py - WARNING - No military record for Robert F. Onder. Skip.
2025-09-26 15:21:01,748 - gen_cards.py - WARNING - No congressional stats found for Robert F. Onder. Skip.
2025-09-26 15:21:01,748 - gen_cards.py - WARNING - No awards found for Robert F. Onder. Skip.
2025-09-26 15:21:01,939 - gen_cards.py - ERROR - Text box 2 for Robert F. Onder exceeds card dimensions by 461.0 pixels
2025-09-26 15:21:02,171 - gen_cards.py - INFO - Created card: cards\robert_f_onder_card.png
2025-09-26 15:21:02,611 - gen_cards.py - DEBUG - Success image pull for Kelly Morrison
2025-09-26 15:21:03,241 - gen_cards.py - INFO - Kelly Morrison has never disagreed
2025-09-26 15:21:03,302 - gen_cards.py - WARNING - No military record for Kelly Morrison. Skip.
2025-09-26 15:21:03,302 - gen_cards.py - WARNING - No congressional stats found for Kelly Morrison. Skip.
2025-09-26 15:21:03,303 - gen_cards.py - WARNING - No awards found for Kelly Morrison. Skip.
2025-09-26 15:21:03,605 - gen_cards.py - INFO - Created card: cards\kelly_morrison_card.png
2025-09-26 15:21:04,412 - gen_cards.py - DEBUG - Success image pull for Kimberlyn King-Hinds
2025-09-26 15:21:04,514 - gen_cards.py - INFO - Kimberlyn King-Hinds has never disagreed
2025-09-26 15:21:04,539 - gen_cards.py - WARNING - No military record for Kimberlyn King-Hinds. Skip.
2025-09-26 15:21:04,540 - gen_cards.py - WARNING - No congressional stats found for Kimberlyn King-Hinds. Skip.
2025-09-26 15:21:04,540 - gen_cards.py - WARNING - No awards found for Kimberlyn King-Hinds. Skip.
2025-09-26 15:21:04,732 - gen_cards.py - ERROR - Text box 2 for Kimberlyn King-Hinds exceeds card dimensions by 167.0 pixels
2025-09-26 15:21:04,941 - gen_cards.py - INFO - Created card: cards\kimberlyn_king-hinds_card.png
2025-09-26 15:21:05,731 - gen_cards.py - DEBUG - Success image pull for Troy Downing
2025-09-26 15:21:05,818 - gen_cards.py - INFO - Troy Downing has never been absent
2025-09-26 15:21:05,847 - gen_cards.py - WARNING - No congressional stats found for Troy Downing. Skip.
2025-09-26 15:21:05,848 - gen_cards.py - WARNING - No awards found for Troy Downing. Skip.
2025-09-26 15:21:06,247 - gen_cards.py - INFO - Created card: cards\troy_downing_card.png
2025-09-26 15:21:06,783 - gen_cards.py - DEBUG - Success image pull for Wesley Bell
2025-09-26 15:21:07,330 - gen_cards.py - WARNING - No military record for Wesley Bell. Skip.
2025-09-26 15:21:07,330 - gen_cards.py - WARNING - No congressional stats found for Wesley Bell. Skip.
2025-09-26 15:21:07,330 - gen_cards.py - WARNING - No awards found for Wesley Bell. Skip.
2025-09-26 15:21:07,456 - gen_cards.py - ERROR - Text box 2 for Wesley Bell exceeds card dimensions by 173.0 pixels
2025-09-26 15:21:07,649 - gen_cards.py - INFO - Created card: cards\wesley_bell_card.png
2025-09-26 15:21:08,016 - gen_cards.py - DEBUG - Success image pull for John James
2025-09-26 15:21:08,019 - gen_cards.py - WARNING - Having to expand picture, could be poor quality. Original photo: (175, 219)
2025-09-26 15:21:08,075 - gen_cards.py - INFO - John James has never disagreed
2025-09-26 15:21:08,100 - gen_cards.py - WARNING - No congressional stats found for John James. Skip.
2025-09-26 15:21:08,100 - gen_cards.py - WARNING - No awards found for John James. Skip.
2025-09-26 15:21:08,437 - gen_cards.py - INFO - Created card: cards\john_james_card.png
2025-09-26 15:21:08,935 - gen_cards.py - DEBUG - Success image pull for Mike Ezell
2025-09-26 15:21:08,937 - gen_cards.py - WARNING - Having to expand picture, could be poor quality. Original photo: (175, 219)
2025-09-26 15:21:09,074 - gen_cards.py - WARNING - No military record for Mike Ezell. Skip.
2025-09-26 15:21:09,074 - gen_cards.py - WARNING - No congressional stats found for Mike Ezell. Skip.
2025-09-26 15:21:09,074 - gen_cards.py - WARNING - No awards found for Mike Ezell. Skip.
2025-09-26 15:21:09,187 - gen_cards.py - ERROR - Text box 2 for Mike Ezell exceeds card dimensions by 75.0 pixels
2025-09-26 15:21:09,380 - gen_cards.py - INFO - Created card: cards\mike_ezell_card.png
2025-09-26 15:21:09,720 - gen_cards.py - DEBUG - Success image pull for Donald G. Davis
2025-09-26 15:21:10,441 - gen_cards.py - WARNING - Having to expand picture, could be poor quality. Original photo: (175, 219)
2025-09-26 15:21:10,515 - gen_cards.py - INFO - Donald G. Davis has never disagreed
2025-09-26 15:21:10,515 - gen_cards.py - INFO - Donald G. Davis has never been absent
2025-09-26 15:21:10,535 - gen_cards.py - WARNING - No congressional stats found for Donald G. Davis. Skip.
2025-09-26 15:21:10,536 - gen_cards.py - WARNING - No awards found for Donald G. Davis. Skip.
2025-09-26 15:21:10,761 - gen_cards.py - ERROR - Text box 2 for Donald G. Davis exceeds card dimensions by 317.0 pixels
2025-09-26 15:21:11,039 - gen_cards.py - INFO - Created card: cards\donald_g_davis_card.png
2025-09-26 15:21:11,373 - gen_cards.py - DEBUG - Success image pull for Eric Burlison
2025-09-26 15:21:11,381 - gen_cards.py - WARNING - Having to expand picture, could be poor quality. Original photo: (175, 219)
2025-09-26 15:21:11,687 - gen_cards.py - WARNING - No military record for Eric Burlison. Skip.
2025-09-26 15:21:11,687 - gen_cards.py - WARNING - No congressional stats found for Eric Burlison. Skip.
2025-09-26 15:21:11,688 - gen_cards.py - WARNING - No awards found for Eric Burlison. Skip.
2025-09-26 15:21:12,001 - gen_cards.py - ERROR - Text box 2 for Eric Burlison exceeds card dimensions by 285.0 pixels
2025-09-26 15:21:12,225 - gen_cards.py - INFO - Created card: cards\eric_burlison_card.png
2025-09-26 15:21:12,375 - gen_cards.py - DEBUG - Success image pull for Mark Alford
2025-09-26 15:21:12,379 - gen_cards.py - WARNING - Having to expand picture, could be poor quality. Original photo: (175, 219)
2025-09-26 15:21:12,441 - gen_cards.py - INFO - Mark Alford has never disagreed
2025-09-26 15:21:12,466 - gen_cards.py - WARNING - No military record for Mark Alford. Skip.
2025-09-26 15:21:12,467 - gen_cards.py - WARNING - No congressional stats found for Mark Alford. Skip.
2025-09-26 15:21:12,467 - gen_cards.py - WARNING - No awards found for Mark Alford. Skip.
2025-09-26 15:21:12,579 - gen_cards.py - ERROR - Text box 2 for Mark Alford exceeds card dimensions by 69.0 pixels
2025-09-26 15:21:12,747 - gen_cards.py - INFO - Created card: cards\mark_alford_card.png
2025-09-26 15:21:13,130 - gen_cards.py - DEBUG - Success image pull for Brad Finstad
2025-09-26 15:21:13,133 - gen_cards.py - WARNING - Having to expand picture, could be poor quality. Original photo: (175, 219)
2025-09-26 15:21:13,206 - gen_cards.py - WARNING - No military record for Brad Finstad. Skip.
2025-09-26 15:21:13,206 - gen_cards.py - WARNING - No congressional stats found for Brad Finstad. Skip.
2025-09-26 15:21:13,206 - gen_cards.py - WARNING - No awards found for Brad Finstad. Skip.
2025-09-26 15:21:13,446 - gen_cards.py - ERROR - Text box 2 for Brad Finstad exceeds card dimensions by 373.0 pixels
2025-09-26 15:21:13,631 - gen_cards.py - INFO - Created card: cards\brad_finstad_card.png
2025-09-26 15:21:13,952 - gen_cards.py - DEBUG - Success image pull for Deborah K. Ross
2025-09-26 15:21:14,657 - gen_cards.py - WARNING - Having to expand picture, could be poor quality. Original photo: (175, 219)
2025-09-26 15:21:14,716 - gen_cards.py - INFO - Deborah K. Ross has never disagreed
2025-09-26 15:21:14,716 - gen_cards.py - INFO - Deborah K. Ross has never been absent
2025-09-26 15:21:14,738 - gen_cards.py - WARNING - No military record for Deborah K. Ross. Skip.
2025-09-26 15:21:14,738 - gen_cards.py - WARNING - No congressional stats found for Deborah K. Ross. Skip.
2025-09-26 15:21:14,739 - gen_cards.py - WARNING - No awards found for Deborah K. Ross. Skip.
2025-09-26 15:21:15,027 - gen_cards.py - INFO - Created card: cards\deborah_k_ross_card.png
2025-09-26 15:21:15,347 - gen_cards.py - DEBUG - Success image pull for Michelle Fischbach
2025-09-26 15:21:15,350 - gen_cards.py - WARNING - Having to expand picture, could be poor quality. Original photo: (175, 219)
2025-09-26 15:21:15,532 - gen_cards.py - WARNING - No military record for Michelle Fischbach. Skip.
2025-09-26 15:21:15,532 - gen_cards.py - WARNING - No congressional stats found for Michelle Fischbach. Skip.
2025-09-26 15:21:15,532 - gen_cards.py - WARNING - No awards found for Michelle Fischbach. Skip.
2025-09-26 15:21:15,847 - gen_cards.py - INFO - Created card: cards\michelle_fischbach_card.png
2025-09-26 15:21:16,174 - gen_cards.py - DEBUG - Success image pull for Gregory F. Murphy
2025-09-26 15:21:16,176 - gen_cards.py - WARNING - Having to expand picture, could be poor quality. Original photo: (175, 219)
2025-09-26 15:21:16,223 - gen_cards.py - INFO - Gregory F. Murphy has never disagreed
2025-09-26 15:21:16,247 - gen_cards.py - WARNING - No military record for Gregory F. Murphy. Skip.
2025-09-26 15:21:16,248 - gen_cards.py - WARNING - No congressional stats found for Gregory F. Murphy. Skip.
2025-09-26 15:21:16,248 - gen_cards.py - WARNING - No awards found for Gregory F. Murphy. Skip.
2025-09-26 15:21:16,471 - gen_cards.py - INFO - Created card: cards\gregory_f_murphy_card.png
2025-09-26 15:21:17,062 - gen_cards.py - DEBUG - Success image pull for Michael Guest
2025-09-26 15:21:17,064 - gen_cards.py - WARNING - Having to expand picture, could be poor quality. Original photo: (175, 219)
2025-09-26 15:21:17,102 - gen_cards.py - INFO - Michael Guest has never been absent
2025-09-26 15:21:17,130 - gen_cards.py - WARNING - No military record for Michael Guest. Skip.
2025-09-26 15:21:17,130 - gen_cards.py - WARNING - No awards found for Michael Guest. Skip.
2025-09-26 15:21:17,303 - gen_cards.py - ERROR - Text box 2 for Michael Guest exceeds card dimensions by 167.0 pixels
2025-09-26 15:21:17,468 - gen_cards.py - INFO - Created card: cards\michael_guest_card.png
2025-09-26 15:21:17,827 - gen_cards.py - DEBUG - Success image pull for Pete Stauber
2025-09-26 15:21:17,829 - gen_cards.py - WARNING - Having to expand picture, could be poor quality. Original photo: (175, 263)
2025-09-26 15:21:17,897 - gen_cards.py - WARNING - No military record for Pete Stauber. Skip.
2025-09-26 15:21:17,897 - gen_cards.py - WARNING - No congressional stats found for Pete Stauber. Skip.
2025-09-26 15:21:17,897 - gen_cards.py - WARNING - No awards found for Pete Stauber. Skip.
2025-09-26 15:21:18,022 - gen_cards.py - ERROR - Text box 2 for Pete Stauber exceeds card dimensions by 163.0 pixels
2025-09-26 15:21:18,201 - gen_cards.py - INFO - Created card: cards\pete_stauber_card.png
2025-09-26 15:21:18,357 - gen_cards.py - DEBUG - Success image pull for Ilhan Omar
2025-09-26 15:21:18,719 - gen_cards.py - WARNING - Having to expand picture, could be poor quality. Original photo: (175, 219)
2025-09-26 15:21:18,797 - gen_cards.py - WARNING - No military record for Ilhan Omar. Skip.
2025-09-26 15:21:18,798 - gen_cards.py - WARNING - No congressional stats found for Ilhan Omar. Skip.
2025-09-26 15:21:18,798 - gen_cards.py - WARNING - No awards found for Ilhan Omar. Skip.
2025-09-26 15:21:19,045 - gen_cards.py - INFO - Created card: cards\ilhan_omar_card.png
2025-09-26 15:21:19,622 - gen_cards.py - DEBUG - Success image pull for Angie Craig
2025-09-26 15:21:19,997 - gen_cards.py - WARNING - Having to expand picture, could be poor quality. Original photo: (175, 263)
2025-09-26 15:21:20,034 - gen_cards.py - INFO - Angie Craig has never disagreed
2025-09-26 15:21:20,058 - gen_cards.py - WARNING - No military record for Angie Craig. Skip.
2025-09-26 15:21:20,058 - gen_cards.py - WARNING - No congressional stats found for Angie Craig. Skip.
2025-09-26 15:21:20,058 - gen_cards.py - WARNING - No awards found for Angie Craig. Skip.
2025-09-26 15:21:20,248 - gen_cards.py - INFO - Created card: cards\angie_craig_card.png
2025-09-26 15:21:20,618 - gen_cards.py - DEBUG - Success image pull for Rashida Tlaib
2025-09-26 15:21:20,979 - gen_cards.py - WARNING - Having to expand picture, could be poor quality. Original photo: (175, 219)
2025-09-26 15:21:21,049 - gen_cards.py - WARNING - No military record for Rashida Tlaib. Skip.
2025-09-26 15:21:21,049 - gen_cards.py - WARNING - No congressional stats found for Rashida Tlaib. Skip.
2025-09-26 15:21:21,050 - gen_cards.py - WARNING - No awards found for Rashida Tlaib. Skip.
2025-09-26 15:21:21,283 - gen_cards.py - INFO - Created card: cards\rashida_tlaib_card.png
2025-09-26 15:21:21,630 - gen_cards.py - DEBUG - Success image pull for Haley M. Stevens
2025-09-26 15:21:21,965 - gen_cards.py - WARNING - Having to expand picture, could be poor quality. Original photo: (175, 263)
2025-09-26 15:21:22,009 - gen_cards.py - INFO - Haley M. Stevens has never disagreed
2025-09-26 15:21:22,034 - gen_cards.py - WARNING - No military record for Haley M. Stevens. Skip.
2025-09-26 15:21:22,034 - gen_cards.py - WARNING - No congressional stats found for Haley M. Stevens. Skip.
2025-09-26 15:21:22,034 - gen_cards.py - WARNING - No awards found for Haley M. Stevens. Skip.
2025-09-26 15:21:22,192 - gen_cards.py - ERROR - Text box 2 for Haley M. Stevens exceeds card dimensions by 35.0 pixels
2025-09-26 15:21:22,359 - gen_cards.py - INFO - Created card: cards\haley_m_stevens_card.png
2025-09-26 15:21:22,734 - gen_cards.py - DEBUG - Success image pull for Trent Kelly
2025-09-26 15:21:22,737 - gen_cards.py - WARNING - Having to expand picture, could be poor quality. Original photo: (175, 263)
2025-09-26 15:21:22,798 - gen_cards.py - INFO - Trent Kelly has never been absent
2025-09-26 15:21:22,824 - gen_cards.py - WARNING - No congressional stats found for Trent Kelly. Skip.
2025-09-26 15:21:22,825 - gen_cards.py - WARNING - No awards found for Trent Kelly. Skip.
2025-09-26 15:21:22,946 - gen_cards.py - ERROR - Text box 2 for Trent Kelly exceeds card dimensions by 265.0 pixels
2025-09-26 15:21:23,119 - gen_cards.py - INFO - Created card: cards\trent_kelly_card.png
2025-09-26 15:21:23,413 - gen_cards.py - DEBUG - Success image pull for Ryan K. Zinke
2025-09-26 15:21:23,415 - gen_cards.py - WARNING - Having to expand picture, could be poor quality. Original photo: (175, 219)
2025-09-26 15:21:23,491 - gen_cards.py - WARNING - No congressional stats found for Ryan K. Zinke. Skip.
2025-09-26 15:21:23,492 - gen_cards.py - WARNING - No awards found for Ryan K. Zinke. Skip.
2025-09-26 15:21:23,615 - gen_cards.py - ERROR - Text box 2 for Ryan K. Zinke exceeds card dimensions by 222.0 pixels
2025-09-26 15:21:23,789 - gen_cards.py - INFO - Created card: cards\ryan_k_zinke_card.png
2025-09-26 15:21:24,110 - gen_cards.py - DEBUG - Success image pull for Tom Emmer
2025-09-26 15:21:24,112 - gen_cards.py - WARNING - Having to expand picture, could be poor quality. Original photo: (175, 263)
2025-09-26 15:21:24,155 - gen_cards.py - INFO - Tom Emmer has never been absent
2025-09-26 15:21:24,183 - gen_cards.py - WARNING - No military record for Tom Emmer. Skip.
2025-09-26 15:21:24,183 - gen_cards.py - WARNING - No awards found for Tom Emmer. Skip.
2025-09-26 15:21:24,450 - gen_cards.py - INFO - Created card: cards\tom_emmer_card.png
2025-09-26 15:21:24,828 - gen_cards.py - DEBUG - Success image pull for Ann Wagner
2025-09-26 15:21:24,830 - gen_cards.py - WARNING - Having to expand picture, could be poor quality. Original photo: (175, 263)
2025-09-26 15:21:24,865 - gen_cards.py - INFO - Ann Wagner has never disagreed
2025-09-26 15:21:24,888 - gen_cards.py - WARNING - No military record for Ann Wagner. Skip.
2025-09-26 15:21:24,889 - gen_cards.py - WARNING - No congressional stats found for Ann Wagner. Skip.
2025-09-26 15:21:24,889 - gen_cards.py - WARNING - No awards found for Ann Wagner. Skip.
2025-09-26 15:21:25,142 - gen_cards.py - INFO - Created card: cards\ann_wagner_card.png
2025-09-26 15:21:25,511 - gen_cards.py - DEBUG - Success image pull for Jason Smith
2025-09-26 15:21:25,514 - gen_cards.py - WARNING - Having to expand picture, could be poor quality. Original photo: (175, 219)
2025-09-26 15:21:25,585 - gen_cards.py - WARNING - No military record for Jason Smith. Skip.
2025-09-26 15:21:25,586 - gen_cards.py - WARNING - No awards found for Jason Smith. Skip.
2025-09-26 15:21:25,824 - gen_cards.py - INFO - Created card: cards\jason_smith_card.png
2025-09-26 15:21:26,130 - gen_cards.py - DEBUG - Success image pull for Bennie G. Thompson
2025-09-26 15:21:26,480 - gen_cards.py - WARNING - Having to expand picture, could be poor quality. Original photo: (175, 230)
2025-09-26 15:21:26,549 - gen_cards.py - WARNING - No military record for Bennie G. Thompson. Skip.
2025-09-26 15:21:26,550 - gen_cards.py - WARNING - No awards found for Bennie G. Thompson. Skip.
2025-09-26 15:21:26,773 - gen_cards.py - INFO - Created card: cards\bennie_g_thompson_card.png
2025-09-26 15:21:27,134 - gen_cards.py - DEBUG - Success image pull for Emanuel Cleaver
2025-09-26 15:21:27,453 - gen_cards.py - WARNING - Having to expand picture, could be poor quality. Original photo: (175, 263)
2025-09-26 15:21:27,527 - gen_cards.py - WARNING - No military record for Emanuel Cleaver. Skip.
2025-09-26 15:21:27,527 - gen_cards.py - WARNING - No congressional stats found for Emanuel Cleaver. Skip.
2025-09-26 15:21:27,527 - gen_cards.py - WARNING - No awards found for Emanuel Cleaver. Skip.
2025-09-26 15:21:27,751 - gen_cards.py - INFO - Created card: cards\emanuel_cleaver_card.png
2025-09-26 15:21:28,141 - gen_cards.py - DEBUG - Success image pull for Sam Graves
2025-09-26 15:21:28,143 - gen_cards.py - WARNING - Having to expand picture, could be poor quality. Original photo: (175, 233)
2025-09-26 15:21:28,178 - gen_cards.py - INFO - Sam Graves has never disagreed
2025-09-26 15:21:28,201 - gen_cards.py - WARNING - No military record for Sam Graves. Skip.
2025-09-26 15:21:28,202 - gen_cards.py - WARNING - No awards found for Sam Graves. Skip.
2025-09-26 15:21:28,502 - gen_cards.py - INFO - Created card: cards\sam_graves_card.png
2025-09-26 15:21:28,840 - gen_cards.py - DEBUG - Success image pull for Betty McCollum
2025-09-26 15:21:29,216 - gen_cards.py - WARNING - Having to expand picture, could be poor quality. Original photo: (175, 219)
2025-09-26 15:21:29,260 - gen_cards.py - INFO - Betty McCollum has never disagreed
2025-09-26 15:21:29,282 - gen_cards.py - WARNING - No military record for Betty McCollum. Skip.
2025-09-26 15:21:29,282 - gen_cards.py - WARNING - No congressional stats found for Betty McCollum. Skip.
2025-09-26 15:21:29,283 - gen_cards.py - WARNING - No awards found for Betty McCollum. Skip.
2025-09-26 15:21:29,494 - gen_cards.py - INFO - Created card: cards\betty_mccollum_card.png
2025-09-26 15:21:30,343 - gen_cards.py - DEBUG - Success image pull for Johnny Olszewski
2025-09-26 15:21:30,744 - gen_cards.py - INFO - Johnny Olszewski has never disagreed
2025-09-26 15:21:30,744 - gen_cards.py - INFO - Johnny Olszewski has never been absent
2025-09-26 15:21:30,762 - gen_cards.py - WARNING - No military record for Johnny Olszewski. Skip.
2025-09-26 15:21:30,763 - gen_cards.py - WARNING - No congressional stats found for Johnny Olszewski. Skip.
2025-09-26 15:21:30,763 - gen_cards.py - WARNING - No awards found for Johnny Olszewski. Skip.
2025-09-26 15:21:31,030 - gen_cards.py - INFO - Created card: cards\johnny_olszewski_card.png
2025-09-26 15:21:31,512 - gen_cards.py - DEBUG - Success image pull for Kristen McDonald Rivet
2025-09-26 15:21:31,979 - gen_cards.py - INFO - Kristen McDonald Rivet has never disagreed
2025-09-26 15:21:31,979 - gen_cards.py - INFO - Kristen McDonald Rivet has never been absent
2025-09-26 15:21:32,001 - gen_cards.py - WARNING - No military record for Kristen McDonald Rivet. Skip.
2025-09-26 15:21:32,001 - gen_cards.py - WARNING - No congressional stats found for Kristen McDonald Rivet. Skip.
2025-09-26 15:21:32,001 - gen_cards.py - WARNING - No awards found for Kristen McDonald Rivet. Skip.
2025-09-26 15:21:32,319 - gen_cards.py - INFO - Created card: cards\kristen_mcdonald_rivet_card.png
2025-09-26 15:21:32,793 - gen_cards.py - DEBUG - Success image pull for April McClain Delaney
2025-09-26 15:21:33,236 - gen_cards.py - INFO - April McClain Delaney has never disagreed
2025-09-26 15:21:33,258 - gen_cards.py - WARNING - No military record for April McClain Delaney. Skip.
2025-09-26 15:21:33,258 - gen_cards.py - WARNING - No congressional stats found for April McClain Delaney. Skip.
2025-09-26 15:21:33,259 - gen_cards.py - WARNING - No awards found for April McClain Delaney. Skip.
2025-09-26 15:21:33,482 - gen_cards.py - INFO - Created card: cards\april_mcclain_delaney_card.png
2025-09-26 15:21:33,988 - gen_cards.py - DEBUG - Success image pull for Sarah Elfreth
2025-09-26 15:21:34,386 - gen_cards.py - INFO - Sarah Elfreth has never disagreed
2025-09-26 15:21:34,386 - gen_cards.py - INFO - Sarah Elfreth has never been absent
2025-09-26 15:21:34,405 - gen_cards.py - WARNING - No military record for Sarah Elfreth. Skip.
2025-09-26 15:21:34,406 - gen_cards.py - WARNING - No congressional stats found for Sarah Elfreth. Skip.
2025-09-26 15:21:34,406 - gen_cards.py - WARNING - No awards found for Sarah Elfreth. Skip.
2025-09-26 15:21:34,665 - gen_cards.py - INFO - Created card: cards\sarah_elfreth_card.png
2025-09-26 15:21:35,237 - gen_cards.py - DEBUG - Success image pull for Tom Barrett
2025-09-26 15:21:35,335 - gen_cards.py - WARNING - No congressional stats found for Tom Barrett. Skip.
2025-09-26 15:21:35,335 - gen_cards.py - WARNING - No awards found for Tom Barrett. Skip.
2025-09-26 15:21:35,465 - gen_cards.py - ERROR - Text box 2 for Tom Barrett exceeds card dimensions by 144.0 pixels
2025-09-26 15:21:35,623 - gen_cards.py - INFO - Created card: cards\tom_barrett_card.png
2025-09-26 15:21:35,955 - gen_cards.py - DEBUG - Success image pull for Glenn Ivey
2025-09-26 15:21:36,279 - gen_cards.py - WARNING - Having to expand picture, could be poor quality. Original photo: (175, 219)
2025-09-26 15:21:36,350 - gen_cards.py - WARNING - No military record for Glenn Ivey. Skip.
2025-09-26 15:21:36,350 - gen_cards.py - WARNING - No congressional stats found for Glenn Ivey. Skip.
2025-09-26 15:21:36,350 - gen_cards.py - WARNING - No awards found for Glenn Ivey. Skip.
2025-09-26 15:21:36,511 - gen_cards.py - ERROR - Text box 2 for Glenn Ivey exceeds card dimensions by 363.0 pixels
2025-09-26 15:21:36,681 - gen_cards.py - INFO - Created card: cards\glenn_ivey_card.png
2025-09-26 15:21:37,188 - gen_cards.py - DEBUG - Success image pull for Lisa C. McClain
2025-09-26 15:21:37,276 - gen_cards.py - INFO - Lisa C. McClain has never disagreed
2025-09-26 15:21:37,300 - gen_cards.py - WARNING - No military record for Lisa C. McClain. Skip.
2025-09-26 15:21:37,301 - gen_cards.py - WARNING - No awards found for Lisa C. McClain. Skip.
2025-09-26 15:21:37,582 - gen_cards.py - INFO - Created card: cards\lisa_c_mcclain_card.png
2025-09-26 15:21:38,031 - gen_cards.py - DEBUG - Success image pull for Jake Auchincloss
2025-09-26 15:21:38,450 - gen_cards.py - INFO - Jake Auchincloss has never disagreed
2025-09-26 15:21:38,475 - gen_cards.py - WARNING - No congressional stats found for Jake Auchincloss. Skip.
2025-09-26 15:21:38,476 - gen_cards.py - WARNING - No awards found for Jake Auchincloss. Skip.
2025-09-26 15:21:38,716 - gen_cards.py - INFO - Created card: cards\jake_auchincloss_card.png
2025-09-26 15:21:39,041 - gen_cards.py - DEBUG - Success image pull for Jared F. Golden
2025-09-26 15:21:39,384 - gen_cards.py - WARNING - Having to expand picture, could be poor quality. Original photo: (175, 219)
2025-09-26 15:21:39,427 - gen_cards.py - INFO - Jared F. Golden has never disagreed
2025-09-26 15:21:39,428 - gen_cards.py - INFO - Jared F. Golden has never been absent
2025-09-26 15:21:39,448 - gen_cards.py - WARNING - No congressional stats found for Jared F. Golden. Skip.
2025-09-26 15:21:39,449 - gen_cards.py - WARNING - No awards found for Jared F. Golden. Skip.
2025-09-26 15:21:39,793 - gen_cards.py - INFO - Created card: cards\jared_f_golden_card.png
2025-09-26 15:21:40,170 - gen_cards.py - DEBUG - Success image pull for Ayanna Pressley
2025-09-26 15:21:40,535 - gen_cards.py - WARNING - Having to expand picture, could be poor quality. Original photo: (175, 240)
2025-09-26 15:21:40,606 - gen_cards.py - WARNING - No military record for Ayanna Pressley. Skip.
2025-09-26 15:21:40,606 - gen_cards.py - WARNING - No congressional stats found for Ayanna Pressley. Skip.
2025-09-26 15:21:40,606 - gen_cards.py - WARNING - No awards found for Ayanna Pressley. Skip.
2025-09-26 15:21:40,904 - gen_cards.py - INFO - Created card: cards\ayanna_pressley_card.png
2025-09-26 15:21:41,176 - gen_cards.py - DEBUG - Success image pull for Lori Trahan
2025-09-26 15:21:41,497 - gen_cards.py - WARNING - Having to expand picture, could be poor quality. Original photo: (175, 263)
2025-09-26 15:21:41,542 - gen_cards.py - INFO - Lori Trahan has never disagreed
2025-09-26 15:21:41,564 - gen_cards.py - WARNING - No military record for Lori Trahan. Skip.
2025-09-26 15:21:41,564 - gen_cards.py - WARNING - No congressional stats found for Lori Trahan. Skip.
2025-09-26 15:21:41,565 - gen_cards.py - WARNING - No awards found for Lori Trahan. Skip.
2025-09-26 15:21:41,842 - gen_cards.py - INFO - Created card: cards\lori_trahan_card.png
2025-09-26 15:21:42,201 - gen_cards.py - DEBUG - Success image pull for Jack Bergman
2025-09-26 15:21:42,208 - gen_cards.py - WARNING - Having to expand picture, could be poor quality. Original photo: (175, 263)
2025-09-26 15:21:42,264 - gen_cards.py - INFO - Jack Bergman has never disagreed
2025-09-26 15:21:42,286 - gen_cards.py - WARNING - No congressional stats found for Jack Bergman. Skip.
2025-09-26 15:21:42,287 - gen_cards.py - WARNING - No awards found for Jack Bergman. Skip.
2025-09-26 15:21:42,532 - gen_cards.py - INFO - Created card: cards\jack_bergman_card.png
2025-09-26 15:21:42,951 - gen_cards.py - DEBUG - Success image pull for Jamie Raskin
2025-09-26 15:21:43,287 - gen_cards.py - WARNING - Having to expand picture, could be poor quality. Original photo: (175, 227)
2025-09-26 15:21:43,353 - gen_cards.py - WARNING - No military record for Jamie Raskin. Skip.
2025-09-26 15:21:43,353 - gen_cards.py - WARNING - No awards found for Jamie Raskin. Skip.
2025-09-26 15:21:43,621 - gen_cards.py - INFO - Created card: cards\jamie_raskin_card.png
2025-09-26 15:21:43,901 - gen_cards.py - DEBUG - Success image pull for Debbie Dingell
2025-09-26 15:21:44,241 - gen_cards.py - WARNING - Having to expand picture, could be poor quality. Original photo: (175, 256)
2025-09-26 15:21:44,284 - gen_cards.py - INFO - Debbie Dingell has never disagreed
2025-09-26 15:21:44,308 - gen_cards.py - WARNING - No military record for Debbie Dingell. Skip.
2025-09-26 15:21:44,308 - gen_cards.py - WARNING - No congressional stats found for Debbie Dingell. Skip.
2025-09-26 15:21:44,308 - gen_cards.py - WARNING - No awards found for Debbie Dingell. Skip.
2025-09-26 15:21:44,576 - gen_cards.py - INFO - Created card: cards\debbie_dingell_card.png
2025-09-26 15:21:44,854 - gen_cards.py - DEBUG - Success image pull for John R. Moolenaar
2025-09-26 15:21:44,856 - gen_cards.py - WARNING - Having to expand picture, could be poor quality. Original photo: (175, 245)
2025-09-26 15:21:44,900 - gen_cards.py - INFO - John R. Moolenaar has never disagreed
2025-09-26 15:21:44,900 - gen_cards.py - INFO - John R. Moolenaar has never been absent
2025-09-26 15:21:44,921 - gen_cards.py - WARNING - No military record for John R. Moolenaar. Skip.
2025-09-26 15:21:44,922 - gen_cards.py - WARNING - No awards found for John R. Moolenaar. Skip.
2025-09-26 15:21:45,250 - gen_cards.py - INFO - Created card: cards\john_r_moolenaar_card.png
2025-09-26 15:21:45,547 - gen_cards.py - DEBUG - Success image pull for Seth Moulton
2025-09-26 15:21:45,870 - gen_cards.py - WARNING - Having to expand picture, could be poor quality. Original photo: (175, 263)
2025-09-26 15:21:45,943 - gen_cards.py - WARNING - No congressional stats found for Seth Moulton. Skip.
2025-09-26 15:21:45,943 - gen_cards.py - WARNING - No awards found for Seth Moulton. Skip.
2025-09-26 15:21:46,053 - gen_cards.py - ERROR - Text box 2 for Seth Moulton exceeds card dimensions by 168.0 pixels
2025-09-26 15:21:46,213 - gen_cards.py - INFO - Created card: cards\seth_moulton_card.png
2025-09-26 15:21:46,550 - gen_cards.py - DEBUG - Success image pull for Katherine M. Clark
2025-09-26 15:21:46,991 - gen_cards.py - WARNING - Having to expand picture, could be poor quality. Original photo: (175, 263)
2025-09-26 15:21:47,040 - gen_cards.py - INFO - Katherine M. Clark has never disagreed
2025-09-26 15:21:47,040 - gen_cards.py - INFO - Katherine M. Clark has never been absent
2025-09-26 15:21:47,059 - gen_cards.py - WARNING - No military record for Katherine M. Clark. Skip.
2025-09-26 15:21:47,059 - gen_cards.py - WARNING - No awards found for Katherine M. Clark. Skip.
2025-09-26 15:21:47,060 - gen_cards.py - WARNING - No committees found for Katherine M. Clark. Skip.
2025-09-26 15:21:47,335 - gen_cards.py - INFO - Created card: cards\katherine_m_clark_card.png
2025-09-26 15:21:47,634 - gen_cards.py - DEBUG - Success image pull for Bill Huizenga
2025-09-26 15:21:47,637 - gen_cards.py - WARNING - Having to expand picture, could be poor quality. Original photo: (175, 218)
2025-09-26 15:21:47,677 - gen_cards.py - INFO - Bill Huizenga has never disagreed
2025-09-26 15:21:47,699 - gen_cards.py - WARNING - No military record for Bill Huizenga. Skip.
2025-09-26 15:21:47,699 - gen_cards.py - WARNING - No congressional stats found for Bill Huizenga. Skip.
2025-09-26 15:21:47,699 - gen_cards.py - WARNING - No awards found for Bill Huizenga. Skip.
2025-09-26 15:21:47,943 - gen_cards.py - INFO - Created card: cards\bill_huizenga_card.png
2025-09-26 15:21:48,240 - gen_cards.py - DEBUG - Success image pull for Andy Harris
2025-09-26 15:21:48,243 - gen_cards.py - WARNING - Having to expand picture, could be poor quality. Original photo: (175, 175)
2025-09-26 15:21:48,311 - gen_cards.py - WARNING - No congressional stats found for Andy Harris. Skip.
2025-09-26 15:21:48,311 - gen_cards.py - WARNING - No awards found for Andy Harris. Skip.
2025-09-26 15:21:48,531 - gen_cards.py - INFO - Created card: cards\andy_harris_card.png
2025-09-26 15:21:48,837 - gen_cards.py - DEBUG - Success image pull for William R. Keating
2025-09-26 15:21:49,157 - gen_cards.py - WARNING - Having to expand picture, could be poor quality. Original photo: (175, 142)
2025-09-26 15:21:49,196 - gen_cards.py - INFO - William R. Keating has never disagreed
2025-09-26 15:21:49,218 - gen_cards.py - WARNING - No military record for William R. Keating. Skip.
2025-09-26 15:21:49,219 - gen_cards.py - WARNING - No congressional stats found for William R. Keating. Skip.
2025-09-26 15:21:49,219 - gen_cards.py - WARNING - No awards found for William R. Keating. Skip.
2025-09-26 15:21:49,439 - gen_cards.py - INFO - Created card: cards\william_r_keating_card.png
2025-09-26 15:21:49,772 - gen_cards.py - DEBUG - Success image pull for Tim Walberg
2025-09-26 15:21:49,774 - gen_cards.py - WARNING - Having to expand picture, could be poor quality. Original photo: (175, 220)
2025-09-26 15:21:49,837 - gen_cards.py - INFO - Tim Walberg has never disagreed
2025-09-26 15:21:49,859 - gen_cards.py - WARNING - No military record for Tim Walberg. Skip.
2025-09-26 15:21:49,860 - gen_cards.py - WARNING - No awards found for Tim Walberg. Skip.
2025-09-26 15:21:50,103 - gen_cards.py - INFO - Created card: cards\tim_walberg_card.png
2025-09-26 15:21:50,461 - gen_cards.py - DEBUG - Success image pull for Chellie Pingree
2025-09-26 15:21:50,809 - gen_cards.py - WARNING - Having to expand picture, could be poor quality. Original photo: (175, 231)
2025-09-26 15:21:50,888 - gen_cards.py - WARNING - No military record for Chellie Pingree. Skip.
2025-09-26 15:21:50,888 - gen_cards.py - WARNING - No congressional stats found for Chellie Pingree. Skip.
2025-09-26 15:21:50,889 - gen_cards.py - WARNING - No awards found for Chellie Pingree. Skip.
2025-09-26 15:21:51,135 - gen_cards.py - INFO - Created card: cards\chellie_pingree_card.png
2025-09-26 15:21:51,455 - gen_cards.py - DEBUG - Success image pull for James P. McGovern
2025-09-26 15:21:51,812 - gen_cards.py - WARNING - Having to expand picture, could be poor quality. Original photo: (175, 219)
2025-09-26 15:21:51,888 - gen_cards.py - WARNING - No military record for James P. McGovern. Skip.
2025-09-26 15:21:51,889 - gen_cards.py - WARNING - No awards found for James P. McGovern. Skip.
2025-09-26 15:21:52,145 - gen_cards.py - INFO - Created card: cards\james_p_mcgovern_card.png
2025-09-26 15:21:52,306 - gen_cards.py - DEBUG - Success image pull for Richard E. Neal
2025-09-26 15:21:52,653 - gen_cards.py - WARNING - Having to expand picture, could be poor quality. Original photo: (175, 219)
2025-09-26 15:21:52,703 - gen_cards.py - INFO - Richard E. Neal has never disagreed
2025-09-26 15:21:52,729 - gen_cards.py - WARNING - No military record for Richard E. Neal. Skip.
2025-09-26 15:21:52,730 - gen_cards.py - WARNING - No awards found for Richard E. Neal. Skip.
2025-09-26 15:21:52,977 - gen_cards.py - INFO - Created card: cards\richard_e_neal_card.png
2025-09-26 15:21:53,383 - gen_cards.py - DEBUG - Success image pull for Kweisi Mfume
2025-09-26 15:21:53,735 - gen_cards.py - WARNING - Having to expand picture, could be poor quality. Original photo: (175, 275)
2025-09-26 15:21:53,776 - gen_cards.py - INFO - Kweisi Mfume has never disagreed
2025-09-26 15:21:53,802 - gen_cards.py - WARNING - No military record for Kweisi Mfume. Skip.
2025-09-26 15:21:53,802 - gen_cards.py - WARNING - No congressional stats found for Kweisi Mfume. Skip.
2025-09-26 15:21:53,802 - gen_cards.py - WARNING - No awards found for Kweisi Mfume. Skip.
2025-09-26 15:21:54,109 - gen_cards.py - INFO - Created card: cards\kweisi_mfume_card.png
2025-09-26 15:21:54,360 - gen_cards.py - DEBUG - Success image pull for Stephen F. Lynch
2025-09-26 15:21:54,678 - gen_cards.py - WARNING - Having to expand picture, could be poor quality. Original photo: (175, 214)
2025-09-26 15:21:54,723 - gen_cards.py - INFO - Stephen F. Lynch has never disagreed
2025-09-26 15:21:54,745 - gen_cards.py - WARNING - No military record for Stephen F. Lynch. Skip.
2025-09-26 15:21:54,745 - gen_cards.py - WARNING - No congressional stats found for Stephen F. Lynch. Skip.
2025-09-26 15:21:54,745 - gen_cards.py - WARNING - No awards found for Stephen F. Lynch. Skip.
2025-09-26 15:21:54,885 - gen_cards.py - ERROR - Text box 2 for Stephen F. Lynch exceeds card dimensions by 35.0 pixels
2025-09-26 15:21:55,003 - gen_cards.py - INFO - Created card: cards\stephen_f_lynch_card.png
2025-09-26 15:21:55,531 - gen_cards.py - DEBUG - Success image pull for Cleo Fields
2025-09-26 15:21:55,942 - gen_cards.py - INFO - Cleo Fields has never disagreed
2025-09-26 15:21:55,964 - gen_cards.py - WARNING - No military record for Cleo Fields. Skip.
2025-09-26 15:21:55,965 - gen_cards.py - WARNING - No congressional stats found for Cleo Fields. Skip.
2025-09-26 15:21:55,965 - gen_cards.py - WARNING - No awards found for Cleo Fields. Skip.
2025-09-26 15:21:56,206 - gen_cards.py - INFO - Created card: cards\cleo_fields_card.png
2025-09-26 15:21:56,536 - gen_cards.py - DEBUG - Success image pull for Steny H. Hoyer
2025-09-26 15:21:56,888 - gen_cards.py - WARNING - Having to expand picture, could be poor quality. Original photo: (175, 225)
2025-09-26 15:21:56,931 - gen_cards.py - INFO - Steny H. Hoyer has never disagreed
2025-09-26 15:21:56,954 - gen_cards.py - WARNING - No military record for Steny H. Hoyer. Skip.
2025-09-26 15:21:56,954 - gen_cards.py - WARNING - No awards found for Steny H. Hoyer. Skip.
2025-09-26 15:21:57,214 - gen_cards.py - INFO - Created card: cards\steny_h_hoyer_card.png
2025-09-26 15:21:57,675 - gen_cards.py - DEBUG - Success image pull for Jefferson Shreve
2025-09-26 15:21:57,784 - gen_cards.py - WARNING - No military record for Jefferson Shreve. Skip.
2025-09-26 15:21:57,785 - gen_cards.py - WARNING - No congressional stats found for Jefferson Shreve. Skip.
2025-09-26 15:21:57,785 - gen_cards.py - WARNING - No awards found for Jefferson Shreve. Skip.
2025-09-26 15:21:57,871 - gen_cards.py - ERROR - Text box 2 for Jefferson Shreve exceeds card dimensions by 17.0 pixels
2025-09-26 15:21:58,038 - gen_cards.py - INFO - Created card: cards\jefferson_shreve_card.png
2025-09-26 15:21:58,481 - gen_cards.py - DEBUG - Success image pull for Derek Schmidt
2025-09-26 15:21:58,600 - gen_cards.py - WARNING - No military record for Derek Schmidt. Skip.
2025-09-26 15:21:58,600 - gen_cards.py - WARNING - No congressional stats found for Derek Schmidt. Skip.
2025-09-26 15:21:58,600 - gen_cards.py - WARNING - No awards found for Derek Schmidt. Skip.
2025-09-26 15:21:58,786 - gen_cards.py - ERROR - Text box 2 for Derek Schmidt exceeds card dimensions by 695.0 pixels
2025-09-26 15:21:58,969 - gen_cards.py - INFO - Created card: cards\derek_schmidt_card.png
2025-09-26 15:21:59,160 - gen_cards.py - DEBUG - Success image pull for Eric Sorensen
2025-09-26 15:21:59,500 - gen_cards.py - WARNING - Having to expand picture, could be poor quality. Original photo: (175, 219)
2025-09-26 15:21:59,533 - gen_cards.py - INFO - Eric Sorensen has never disagreed
2025-09-26 15:21:59,533 - gen_cards.py - INFO - Eric Sorensen has never been absent
2025-09-26 15:21:59,554 - gen_cards.py - WARNING - No military record for Eric Sorensen. Skip.
2025-09-26 15:21:59,555 - gen_cards.py - WARNING - No work history found for Eric Sorensen. Skip.
2025-09-26 15:21:59,555 - gen_cards.py - WARNING - No congressional stats found for Eric Sorensen. Skip.
2025-09-26 15:21:59,555 - gen_cards.py - WARNING - No awards found for Eric Sorensen. Skip.
2025-09-26 15:21:59,804 - gen_cards.py - INFO - Created card: cards\eric_sorensen_card.png
2025-09-26 15:22:00,153 - gen_cards.py - DEBUG - Success image pull for Morgan McGarvey
2025-09-26 15:22:00,473 - gen_cards.py - WARNING - Having to expand picture, could be poor quality. Original photo: (175, 219)
2025-09-26 15:22:00,514 - gen_cards.py - INFO - Morgan McGarvey has never disagreed
2025-09-26 15:22:00,514 - gen_cards.py - INFO - Morgan McGarvey has never been absent
2025-09-26 15:22:00,533 - gen_cards.py - WARNING - No military record for Morgan McGarvey. Skip.
2025-09-26 15:22:00,533 - gen_cards.py - WARNING - No congressional stats found for Morgan McGarvey. Skip.
2025-09-26 15:22:00,534 - gen_cards.py - WARNING - No awards found for Morgan McGarvey. Skip.
2025-09-26 15:22:00,829 - gen_cards.py - INFO - Created card: cards\morgan_mcgarvey_card.png
2025-09-26 15:22:01,286 - gen_cards.py - DEBUG - Success image pull for Erin Houchin
2025-09-26 15:22:01,288 - gen_cards.py - WARNING - Having to expand picture, could be poor quality. Original photo: (175, 219)
2025-09-26 15:22:01,356 - gen_cards.py - WARNING - No military record for Erin Houchin. Skip.
2025-09-26 15:22:01,356 - gen_cards.py - WARNING - No congressional stats found for Erin Houchin. Skip.
2025-09-26 15:22:01,356 - gen_cards.py - WARNING - No awards found for Erin Houchin. Skip.
2025-09-26 15:22:01,451 - gen_cards.py - ERROR - Text box 2 for Erin Houchin exceeds card dimensions by 105.0 pixels
2025-09-26 15:22:01,593 - gen_cards.py - INFO - Created card: cards\erin_houchin_card.png
2025-09-26 15:22:01,954 - gen_cards.py - DEBUG - Success image pull for Nikki Budzinski
2025-09-26 15:22:02,280 - gen_cards.py - WARNING - Having to expand picture, could be poor quality. Original photo: (175, 219)
2025-09-26 15:22:02,314 - gen_cards.py - INFO - Nikki Budzinski has never disagreed
2025-09-26 15:22:02,314 - gen_cards.py - INFO - Nikki Budzinski has never been absent
2025-09-26 15:22:02,333 - gen_cards.py - WARNING - No military record for Nikki Budzinski. Skip.
2025-09-26 15:22:02,334 - gen_cards.py - WARNING - No congressional stats found for Nikki Budzinski. Skip.
2025-09-26 15:22:02,334 - gen_cards.py - WARNING - No awards found for Nikki Budzinski. Skip.
2025-09-26 15:22:02,579 - gen_cards.py - INFO - Created card: cards\nikki_budzinski_card.png
2025-09-26 15:22:02,889 - gen_cards.py - DEBUG - Success image pull for Rudy Yakym
2025-09-26 15:22:02,891 - gen_cards.py - WARNING - Having to expand picture, could be poor quality. Original photo: (175, 263)
2025-09-26 15:22:02,934 - gen_cards.py - INFO - Rudy Yakym has never been absent
2025-09-26 15:22:02,963 - gen_cards.py - WARNING - No military record for Rudy Yakym. Skip.
2025-09-26 15:22:02,963 - gen_cards.py - WARNING - No congressional stats found for Rudy Yakym. Skip.
2025-09-26 15:22:02,964 - gen_cards.py - WARNING - No awards found for Rudy Yakym. Skip.
2025-09-26 15:22:03,177 - gen_cards.py - INFO - Created card: cards\rudy_yakym_card.png
2025-09-26 15:22:03,547 - gen_cards.py - DEBUG - Success image pull for Troy A. Carter
2025-09-26 15:22:03,875 - gen_cards.py - WARNING - Having to expand picture, could be poor quality. Original photo: (175, 219)
2025-09-26 15:22:03,978 - gen_cards.py - WARNING - No military record for Troy A. Carter. Skip.
2025-09-26 15:22:03,979 - gen_cards.py - WARNING - No congressional stats found for Troy A. Carter. Skip.
2025-09-26 15:22:03,979 - gen_cards.py - WARNING - No awards found for Troy A. Carter. Skip.
2025-09-26 15:22:04,112 - gen_cards.py - ERROR - Text box 2 for Troy A. Carter exceeds card dimensions by 183.0 pixels
2025-09-26 15:22:04,275 - gen_cards.py - INFO - Created card: cards\troy_a_carter_card.png
2025-09-26 15:22:04,669 - gen_cards.py - DEBUG - Success image pull for Julia Letlow
2025-09-26 15:22:04,671 - gen_cards.py - WARNING - Having to expand picture, could be poor quality. Original photo: (175, 175)
2025-09-26 15:22:04,745 - gen_cards.py - WARNING - No military record for Julia Letlow. Skip.
2025-09-26 15:22:04,745 - gen_cards.py - WARNING - No work history found for Julia Letlow. Skip.
2025-09-26 15:22:04,746 - gen_cards.py - WARNING - No congressional stats found for Julia Letlow. Skip.
2025-09-26 15:22:04,746 - gen_cards.py - WARNING - No awards found for Julia Letlow. Skip.
2025-09-26 15:22:04,958 - gen_cards.py - INFO - Created card: cards\julia_letlow_card.png
2025-09-26 15:22:05,370 - gen_cards.py - DEBUG - Success image pull for Victoria Spartz
2025-09-26 15:22:05,373 - gen_cards.py - WARNING - Having to expand picture, could be poor quality. Original photo: (175, 219)
2025-09-26 15:22:05,448 - gen_cards.py - WARNING - No military record for Victoria Spartz. Skip.
2025-09-26 15:22:05,449 - gen_cards.py - WARNING - No congressional stats found for Victoria Spartz. Skip.
2025-09-26 15:22:05,449 - gen_cards.py - WARNING - No awards found for Victoria Spartz. Skip.
2025-09-26 15:22:05,658 - gen_cards.py - INFO - Created card: cards\victoria_spartz_card.png
2025-09-26 15:22:05,971 - gen_cards.py - DEBUG - Success image pull for Frank J. Mrvan
2025-09-26 15:22:06,316 - gen_cards.py - WARNING - Having to expand picture, could be poor quality. Original photo: (175, 219)
2025-09-26 15:22:06,348 - gen_cards.py - INFO - Frank J. Mrvan has never disagreed
2025-09-26 15:22:06,371 - gen_cards.py - WARNING - No military record for Frank J. Mrvan. Skip.
2025-09-26 15:22:06,371 - gen_cards.py - WARNING - No congressional stats found for Frank J. Mrvan. Skip.
2025-09-26 15:22:06,371 - gen_cards.py - WARNING - No awards found for Frank J. Mrvan. Skip.
2025-09-26 15:22:06,562 - gen_cards.py - INFO - Created card: cards\frank_j_mrvan_card.png
2025-09-26 15:22:06,882 - gen_cards.py - DEBUG - Success image pull for Mary E. Miller
2025-09-26 15:22:06,885 - gen_cards.py - WARNING - Having to expand picture, could be poor quality. Original photo: (175, 219)
2025-09-26 15:22:06,951 - gen_cards.py - WARNING - No military record for Mary E. Miller. Skip.
2025-09-26 15:22:06,951 - gen_cards.py - WARNING - No congressional stats found for Mary E. Miller. Skip.
2025-09-26 15:22:06,952 - gen_cards.py - WARNING - No awards found for Mary E. Miller. Skip.
2025-09-26 15:22:07,069 - gen_cards.py - ERROR - Text box 2 for Mary E. Miller exceeds card dimensions by 115.0 pixels
2025-09-26 15:22:07,230 - gen_cards.py - INFO - Created card: cards\mary_e_miller_card.png
2025-09-26 15:22:07,548 - gen_cards.py - DEBUG - Success image pull for Tracey Mann
2025-09-26 15:22:07,550 - gen_cards.py - WARNING - Having to expand picture, could be poor quality. Original photo: (175, 219)
2025-09-26 15:22:07,585 - gen_cards.py - INFO - Tracey Mann has never been absent
2025-09-26 15:22:07,612 - gen_cards.py - WARNING - No military record for Tracey Mann. Skip.
2025-09-26 15:22:07,612 - gen_cards.py - WARNING - No work history found for Tracey Mann. Skip.
2025-09-26 15:22:07,613 - gen_cards.py - WARNING - No congressional stats found for Tracey Mann. Skip.
2025-09-26 15:22:07,613 - gen_cards.py - WARNING - No awards found for Tracey Mann. Skip.
2025-09-26 15:22:07,898 - gen_cards.py - INFO - Created card: cards\tracey_mann_card.png
2025-09-26 15:22:08,239 - gen_cards.py - DEBUG - Success image pull for Sharice Davids
2025-09-26 15:22:08,563 - gen_cards.py - WARNING - Having to expand picture, could be poor quality. Original photo: (175, 263)
2025-09-26 15:22:08,640 - gen_cards.py - INFO - Sharice Davids has never disagreed
2025-09-26 15:22:08,640 - gen_cards.py - INFO - Sharice Davids has never been absent
2025-09-26 15:22:08,662 - gen_cards.py - WARNING - No military record for Sharice Davids. Skip.
2025-09-26 15:22:08,662 - gen_cards.py - WARNING - No congressional stats found for Sharice Davids. Skip.
2025-09-26 15:22:08,662 - gen_cards.py - WARNING - No awards found for Sharice Davids. Skip.
2025-09-26 15:22:08,758 - gen_cards.py - ERROR - Text box 2 for Sharice Davids exceeds card dimensions by 68.0 pixels
2025-09-26 15:22:08,927 - gen_cards.py - INFO - Created card: cards\sharice_davids_card.png
2025-09-26 15:22:09,312 - gen_cards.py - DEBUG - Success image pull for James R. Baird
2025-09-26 15:22:09,315 - gen_cards.py - WARNING - Having to expand picture, could be poor quality. Original photo: (175, 219)
2025-09-26 15:22:09,393 - gen_cards.py - WARNING - No congressional stats found for James R. Baird. Skip.
2025-09-26 15:22:09,394 - gen_cards.py - WARNING - No awards found for James R. Baird. Skip.
2025-09-26 15:22:09,536 - gen_cards.py - ERROR - Text box 2 for James R. Baird exceeds card dimensions by 374.0 pixels
2025-09-26 15:22:09,708 - gen_cards.py - INFO - Created card: cards\james_r_baird_card.png
2025-09-26 15:22:10,098 - gen_cards.py - DEBUG - Success image pull for Lauren Underwood
2025-09-26 15:22:10,431 - gen_cards.py - WARNING - Having to expand picture, could be poor quality. Original photo: (175, 263)
2025-09-26 15:22:10,476 - gen_cards.py - INFO - Lauren Underwood has never been absent
2025-09-26 15:22:10,504 - gen_cards.py - WARNING - No military record for Lauren Underwood. Skip.
2025-09-26 15:22:10,505 - gen_cards.py - WARNING - No congressional stats found for Lauren Underwood. Skip.
2025-09-26 15:22:10,505 - gen_cards.py - WARNING - No awards found for Lauren Underwood. Skip.
2025-09-26 15:22:10,761 - gen_cards.py - INFO - Created card: cards\lauren_underwood_card.png
2025-09-26 15:22:11,119 - gen_cards.py - DEBUG - Success image pull for Ron Estes
2025-09-26 15:22:11,122 - gen_cards.py - WARNING - Having to expand picture, could be poor quality. Original photo: (175, 263)
2025-09-26 15:22:11,168 - gen_cards.py - INFO - Ron Estes has never been absent
2025-09-26 15:22:11,197 - gen_cards.py - WARNING - No military record for Ron Estes. Skip.
2025-09-26 15:22:11,197 - gen_cards.py - WARNING - No congressional stats found for Ron Estes. Skip.
2025-09-26 15:22:11,197 - gen_cards.py - WARNING - No awards found for Ron Estes. Skip.
2025-09-26 15:22:11,392 - gen_cards.py - INFO - Created card: cards\ron_estes_card.png
2025-09-26 15:22:11,731 - gen_cards.py - DEBUG - Success image pull for Clay Higgins
2025-09-26 15:22:11,733 - gen_cards.py - WARNING - Having to expand picture, could be poor quality. Original photo: (175, 98)
2025-09-26 15:22:11,803 - gen_cards.py - WARNING - No awards found for Clay Higgins. Skip.
2025-09-26 15:22:11,967 - gen_cards.py - ERROR - Text box 2 for Clay Higgins exceeds card dimensions by 261.0 pixels
2025-09-26 15:22:12,097 - gen_cards.py - INFO - Created card: cards\clay_higgins_card.png
2025-09-26 15:22:12,541 - gen_cards.py - DEBUG - Success image pull for James Comer
2025-09-26 15:22:12,543 - gen_cards.py - WARNING - Having to expand picture, could be poor quality. Original photo: (175, 224)
2025-09-26 15:22:12,611 - gen_cards.py - WARNING - No military record for James Comer. Skip.
2025-09-26 15:22:12,611 - gen_cards.py - WARNING - No awards found for James Comer. Skip.
2025-09-26 15:22:12,852 - gen_cards.py - INFO - Created card: cards\james_comer_card.png
2025-09-26 15:22:13,198 - gen_cards.py - DEBUG - Success image pull for Darin LaHood
2025-09-26 15:22:13,201 - gen_cards.py - WARNING - Having to expand picture, could be poor quality. Original photo: (175, 262)
2025-09-26 15:22:13,240 - gen_cards.py - INFO - Darin LaHood has never disagreed
2025-09-26 15:22:13,263 - gen_cards.py - WARNING - No military record for Darin LaHood. Skip.
2025-09-26 15:22:13,263 - gen_cards.py - WARNING - No congressional stats found for Darin LaHood. Skip.
2025-09-26 15:22:13,263 - gen_cards.py - WARNING - No awards found for Darin LaHood. Skip.
2025-09-26 15:22:13,454 - gen_cards.py - ERROR - Text box 2 for Darin LaHood exceeds card dimensions by 167.0 pixels
2025-09-26 15:22:13,629 - gen_cards.py - INFO - Created card: cards\darin_lahood_card.png
2025-09-26 15:22:13,953 - gen_cards.py - DEBUG - Success image pull for Mike Bost
2025-09-26 15:22:13,955 - gen_cards.py - WARNING - Having to expand picture, could be poor quality. Original photo: (175, 263)
2025-09-26 15:22:14,020 - gen_cards.py - WARNING - No awards found for Mike Bost. Skip.
2025-09-26 15:22:14,150 - gen_cards.py - ERROR - Text box 2 for Mike Bost exceeds card dimensions by 271.0 pixels
2025-09-26 15:22:14,329 - gen_cards.py - INFO - Created card: cards\mike_bost_card.png
2025-09-26 15:22:14,727 - gen_cards.py - DEBUG - Success image pull for Andy Barr
2025-09-26 15:22:14,730 - gen_cards.py - WARNING - Having to expand picture, could be poor quality. Original photo: (175, 264)
2025-09-26 15:22:14,801 - gen_cards.py - WARNING - No military record for Andy Barr. Skip.
2025-09-26 15:22:14,801 - gen_cards.py - WARNING - No congressional stats found for Andy Barr. Skip.
2025-09-26 15:22:14,802 - gen_cards.py - WARNING - No awards found for Andy Barr. Skip.
2025-09-26 15:22:14,912 - gen_cards.py - ERROR - Text box 2 for Andy Barr exceeds card dimensions by 17.0 pixels
2025-09-26 15:22:15,085 - gen_cards.py - INFO - Created card: cards\andy_barr_card.png
2025-09-26 15:22:15,438 - gen_cards.py - DEBUG - Success image pull for Thomas Massie
2025-09-26 15:22:15,440 - gen_cards.py - WARNING - Having to expand picture, could be poor quality. Original photo: (175, 210)
2025-09-26 15:22:15,508 - gen_cards.py - WARNING - No military record for Thomas Massie. Skip.
2025-09-26 15:22:15,509 - gen_cards.py - WARNING - No congressional stats found for Thomas Massie. Skip.
2025-09-26 15:22:15,509 - gen_cards.py - WARNING - No awards found for Thomas Massie. Skip.
2025-09-26 15:22:15,612 - gen_cards.py - ERROR - Text box 2 for Thomas Massie exceeds card dimensions by 7.0 pixels
2025-09-26 15:22:15,756 - gen_cards.py - INFO - Created card: cards\thomas_massie_card.png
2025-09-26 15:22:16,396 - gen_cards.py - DEBUG - Success image pull for Marlin A. Stutzman
2025-09-26 15:22:16,500 - gen_cards.py - WARNING - No military record for Marlin A. Stutzman. Skip.
2025-09-26 15:22:16,500 - gen_cards.py - WARNING - No congressional stats found for Marlin A. Stutzman. Skip.
2025-09-26 15:22:16,500 - gen_cards.py - WARNING - No awards found for Marlin A. Stutzman. Skip.
2025-09-26 15:22:16,755 - gen_cards.py - INFO - Created card: cards\marlin_a_stutzman_card.png
2025-09-26 15:22:17,054 - gen_cards.py - DEBUG - Success image pull for Brett Guthrie
2025-09-26 15:22:17,056 - gen_cards.py - WARNING - Having to expand picture, could be poor quality. Original photo: (175, 222)
2025-09-26 15:22:17,100 - gen_cards.py - INFO - Brett Guthrie has never disagreed
2025-09-26 15:22:17,124 - gen_cards.py - WARNING - No awards found for Brett Guthrie. Skip.
2025-09-26 15:22:17,335 - gen_cards.py - INFO - Created card: cards\brett_guthrie_card.png
2025-09-26 15:22:17,709 - gen_cards.py - DEBUG - Success image pull for Steve Scalise
2025-09-26 15:22:17,712 - gen_cards.py - WARNING - Having to expand picture, could be poor quality. Original photo: (175, 217)
2025-09-26 15:22:17,777 - gen_cards.py - WARNING - No military record for Steve Scalise. Skip.
2025-09-26 15:22:17,777 - gen_cards.py - WARNING - No awards found for Steve Scalise. Skip.
2025-09-26 15:22:17,777 - gen_cards.py - WARNING - No committees found for Steve Scalise. Skip.
2025-09-26 15:22:17,984 - gen_cards.py - INFO - Created card: cards\steve_scalise_card.png
2025-09-26 15:22:18,376 - gen_cards.py - DEBUG - Success image pull for Bill Foster
2025-09-26 15:22:18,730 - gen_cards.py - WARNING - Having to expand picture, could be poor quality. Original photo: (175, 263)
2025-09-26 15:22:18,764 - gen_cards.py - INFO - Bill Foster has never disagreed
2025-09-26 15:22:18,764 - gen_cards.py - INFO - Bill Foster has never been absent
2025-09-26 15:22:18,786 - gen_cards.py - WARNING - No military record for Bill Foster. Skip.
2025-09-26 15:22:18,787 - gen_cards.py - WARNING - No congressional stats found for Bill Foster. Skip.
2025-09-26 15:22:18,787 - gen_cards.py - WARNING - No awards found for Bill Foster. Skip.
2025-09-26 15:22:19,028 - gen_cards.py - INFO - Created card: cards\bill_foster_card.png
2025-09-26 15:22:19,382 - gen_cards.py - DEBUG - Success image pull for André Carson
2025-09-26 15:22:19,724 - gen_cards.py - WARNING - Having to expand picture, could be poor quality. Original photo: (175, 263)
2025-09-26 15:22:19,801 - gen_cards.py - WARNING - No military record for André Carson. Skip.
2025-09-26 15:22:19,801 - gen_cards.py - WARNING - No congressional stats found for André Carson. Skip.
2025-09-26 15:22:19,802 - gen_cards.py - WARNING - No awards found for André Carson. Skip.
2025-09-26 15:22:20,087 - gen_cards.py - INFO - Created card: cards\andré_carson_card.png
2025-09-26 15:22:20,450 - gen_cards.py - DEBUG - Success image pull for Harold Rogers
2025-09-26 15:22:20,452 - gen_cards.py - WARNING - Having to expand picture, could be poor quality. Original photo: (175, 236)
2025-09-26 15:22:20,508 - gen_cards.py - INFO - Harold Rogers has never disagreed
2025-09-26 15:22:20,532 - gen_cards.py - WARNING - No awards found for Harold Rogers. Skip.
2025-09-26 15:22:20,638 - gen_cards.py - ERROR - Text box 2 for Harold Rogers exceeds card dimensions by 89.0 pixels
2025-09-26 15:22:20,828 - gen_cards.py - INFO - Created card: cards\harold_rogers_card.png
2025-09-26 15:22:21,385 - gen_cards.py - DEBUG - Success image pull for Brian Jack
2025-09-26 15:22:21,448 - gen_cards.py - INFO - Brian Jack has never been absent
2025-09-26 15:22:21,476 - gen_cards.py - WARNING - No military record for Brian Jack. Skip.
2025-09-26 15:22:21,476 - gen_cards.py - WARNING - No congressional stats found for Brian Jack. Skip.
2025-09-26 15:22:21,476 - gen_cards.py - WARNING - No awards found for Brian Jack. Skip.
2025-09-26 15:22:21,650 - gen_cards.py - ERROR - Text box 2 for Brian Jack exceeds card dimensions by 148.0 pixels
2025-09-26 15:22:21,846 - gen_cards.py - INFO - Created card: cards\brian_jack_card.png
2025-09-26 15:22:22,189 - gen_cards.py - DEBUG - Success image pull for Jill N. Tokuda
2025-09-26 15:22:22,557 - gen_cards.py - WARNING - Having to expand picture, could be poor quality. Original photo: (175, 219)
2025-09-26 15:22:22,591 - gen_cards.py - INFO - Jill N. Tokuda has never been absent
2025-09-26 15:22:22,618 - gen_cards.py - WARNING - No military record for Jill N. Tokuda. Skip.
2025-09-26 15:22:22,618 - gen_cards.py - WARNING - No congressional stats found for Jill N. Tokuda. Skip.
2025-09-26 15:22:22,618 - gen_cards.py - WARNING - No awards found for Jill N. Tokuda. Skip.
2025-09-26 15:22:22,730 - gen_cards.py - ERROR - Text box 2 for Jill N. Tokuda exceeds card dimensions by 16.0 pixels
2025-09-26 15:22:22,901 - gen_cards.py - INFO - Created card: cards\jill_n_tokuda_card.png
2025-09-26 15:22:23,174 - gen_cards.py - DEBUG - Success image pull for Zachary Nunn
2025-09-26 15:22:23,177 - gen_cards.py - WARNING - Having to expand picture, could be poor quality. Original photo: (175, 219)
2025-09-26 15:22:23,219 - gen_cards.py - INFO - Zachary Nunn has never disagreed
2025-09-26 15:22:23,242 - gen_cards.py - WARNING - No congressional stats found for Zachary Nunn. Skip.
2025-09-26 15:22:23,242 - gen_cards.py - WARNING - No awards found for Zachary Nunn. Skip.
2025-09-26 15:22:23,451 - gen_cards.py - ERROR - Text box 2 for Zachary Nunn exceeds card dimensions by 358.0 pixels
2025-09-26 15:22:23,624 - gen_cards.py - INFO - Created card: cards\zachary_nunn_card.png
2025-09-26 15:22:23,995 - gen_cards.py - DEBUG - Success image pull for James C. Moylan
2025-09-26 15:22:23,998 - gen_cards.py - WARNING - Having to expand picture, could be poor quality. Original photo: (175, 219)
2025-09-26 15:22:24,026 - gen_cards.py - INFO - James C. Moylan has never disagreed
2025-09-26 15:22:24,049 - gen_cards.py - WARNING - No congressional stats found for James C. Moylan. Skip.
2025-09-26 15:22:24,049 - gen_cards.py - WARNING - No awards found for James C. Moylan. Skip.
2025-09-26 15:22:24,326 - gen_cards.py - INFO - Created card: cards\james_c_moylan_card.png
2025-09-26 15:22:24,643 - gen_cards.py - DEBUG - Success image pull for Richard McCormick
2025-09-26 15:22:24,646 - gen_cards.py - WARNING - Having to expand picture, could be poor quality. Original photo: (175, 219)
2025-09-26 15:22:24,703 - gen_cards.py - INFO - Richard McCormick has never been absent
2025-09-26 15:22:24,732 - gen_cards.py - WARNING - No congressional stats found for Richard McCormick. Skip.
2025-09-26 15:22:24,732 - gen_cards.py - WARNING - No awards found for Richard McCormick. Skip.
2025-09-26 15:22:24,871 - gen_cards.py - ERROR - Text box 2 for Richard McCormick exceeds card dimensions by 221.0 pixels
2025-09-26 15:22:25,066 - gen_cards.py - INFO - Created card: cards\richard_mccormick_card.png
2025-09-26 15:22:25,343 - gen_cards.py - DEBUG - Success image pull for Jonathan L. Jackson
2025-09-26 15:22:25,664 - gen_cards.py - WARNING - Having to expand picture, could be poor quality. Original photo: (175, 219)
2025-09-26 15:22:25,709 - gen_cards.py - INFO - Jonathan L. Jackson has never disagreed
2025-09-26 15:22:25,731 - gen_cards.py - WARNING - No military record for Jonathan L. Jackson. Skip.
2025-09-26 15:22:25,731 - gen_cards.py - WARNING - No congressional stats found for Jonathan L. Jackson. Skip.
2025-09-26 15:22:25,732 - gen_cards.py - WARNING - No awards found for Jonathan L. Jackson. Skip.
2025-09-26 15:22:25,987 - gen_cards.py - INFO - Created card: cards\jonathan_l_jackson_card.png
2025-09-26 15:22:26,162 - gen_cards.py - DEBUG - Success image pull for Mike Collins
2025-09-26 15:22:26,170 - gen_cards.py - WARNING - Having to expand picture, could be poor quality. Original photo: (175, 219)
2025-09-26 15:22:26,253 - gen_cards.py - WARNING - No military record for Mike Collins. Skip.
2025-09-26 15:22:26,254 - gen_cards.py - WARNING - No congressional stats found for Mike Collins. Skip.
2025-09-26 15:22:26,254 - gen_cards.py - WARNING - No awards found for Mike Collins. Skip.
2025-09-26 15:22:26,525 - gen_cards.py - INFO - Created card: cards\mike_collins_card.png
2025-09-26 15:22:26,953 - gen_cards.py - DEBUG - Success image pull for Nikema Williams
2025-09-26 15:22:27,313 - gen_cards.py - WARNING - Having to expand picture, could be poor quality. Original photo: (175, 219)
2025-09-26 15:22:27,350 - gen_cards.py - INFO - Nikema Williams has never been absent
2025-09-26 15:22:27,379 - gen_cards.py - WARNING - No military record for Nikema Williams. Skip.
2025-09-26 15:22:27,379 - gen_cards.py - WARNING - No congressional stats found for Nikema Williams. Skip.
2025-09-26 15:22:27,380 - gen_cards.py - WARNING - No awards found for Nikema Williams. Skip.
2025-09-26 15:22:27,592 - gen_cards.py - INFO - Created card: cards\nikema_williams_card.png
2025-09-26 15:22:27,917 - gen_cards.py - DEBUG - Success image pull for Mariannette Miller-Meeks
2025-09-26 15:22:27,919 - gen_cards.py - WARNING - Having to expand picture, could be poor quality. Original photo: (175, 219)
2025-09-26 15:22:27,980 - gen_cards.py - INFO - Mariannette Miller-Meeks has never disagreed
2025-09-26 15:22:28,004 - gen_cards.py - WARNING - No congressional stats found for Mariannette Miller-Meeks. Skip.
2025-09-26 15:22:28,004 - gen_cards.py - WARNING - No awards found for Mariannette Miller-Meeks. Skip.
2025-09-26 15:22:28,094 - gen_cards.py - ERROR - Text box 2 for Mariannette Miller-Meeks exceeds card dimensions by 130.0 pixels
2025-09-26 15:22:28,262 - gen_cards.py - INFO - Created card: cards\mariannette_miller-meeks_card.png
2025-09-26 15:22:28,641 - gen_cards.py - DEBUG - Success image pull for Ashley Hinson
2025-09-26 15:22:28,685 - gen_cards.py - INFO - Ashley Hinson has never disagreed
2025-09-26 15:22:28,685 - gen_cards.py - INFO - Ashley Hinson has never been absent
2025-09-26 15:22:28,706 - gen_cards.py - WARNING - No military record for Ashley Hinson. Skip.
2025-09-26 15:22:28,706 - gen_cards.py - WARNING - No congressional stats found for Ashley Hinson. Skip.
2025-09-26 15:22:28,706 - gen_cards.py - WARNING - No awards found for Ashley Hinson. Skip.
2025-09-26 15:22:28,976 - gen_cards.py - INFO - Created card: cards\ashley_hinson_card.png
2025-09-26 15:22:29,362 - gen_cards.py - DEBUG - Success image pull for Marjorie Taylor Greene
2025-09-26 15:22:29,364 - gen_cards.py - WARNING - Having to expand picture, could be poor quality. Original photo: (175, 222)
2025-09-26 15:22:29,437 - gen_cards.py - WARNING - No military record for Marjorie Taylor Greene. Skip.
2025-09-26 15:22:29,437 - gen_cards.py - WARNING - No awards found for Marjorie Taylor Greene. Skip.
2025-09-26 15:22:29,566 - gen_cards.py - ERROR - Text box 2 for Marjorie Taylor Greene exceeds card dimensions by 2.0 pixels
2025-09-26 15:22:29,732 - gen_cards.py - INFO - Created card: cards\marjorie_taylor_greene_card.png
2025-09-26 15:22:30,052 - gen_cards.py - DEBUG - Success image pull for Randy Feenstra
2025-09-26 15:22:30,054 - gen_cards.py - WARNING - Having to expand picture, could be poor quality. Original photo: (175, 219)
2025-09-26 15:22:30,100 - gen_cards.py - INFO - Randy Feenstra has never been absent
2025-09-26 15:22:30,126 - gen_cards.py - WARNING - No military record for Randy Feenstra. Skip.
2025-09-26 15:22:30,126 - gen_cards.py - WARNING - No congressional stats found for Randy Feenstra. Skip.
2025-09-26 15:22:30,126 - gen_cards.py - WARNING - No awards found for Randy Feenstra. Skip.
2025-09-26 15:22:30,214 - gen_cards.py - ERROR - Text box 2 for Randy Feenstra exceeds card dimensions by 26.0 pixels
2025-09-26 15:22:30,385 - gen_cards.py - INFO - Created card: cards\randy_feenstra_card.png
2025-09-26 15:22:30,752 - gen_cards.py - DEBUG - Success image pull for Andrew S. Clyde
2025-09-26 15:22:30,755 - gen_cards.py - WARNING - Having to expand picture, could be poor quality. Original photo: (175, 219)
2025-09-26 15:22:30,822 - gen_cards.py - WARNING - No congressional stats found for Andrew S. Clyde. Skip.
2025-09-26 15:22:30,822 - gen_cards.py - WARNING - No awards found for Andrew S. Clyde. Skip.
2025-09-26 15:22:31,046 - gen_cards.py - INFO - Created card: cards\andrew_s_clyde_card.png
2025-09-26 15:22:31,398 - gen_cards.py - DEBUG - Success image pull for Sean Casten
2025-09-26 15:22:31,733 - gen_cards.py - WARNING - Having to expand picture, could be poor quality. Original photo: (175, 219)
2025-09-26 15:22:31,773 - gen_cards.py - INFO - Sean Casten has never disagreed
2025-09-26 15:22:31,795 - gen_cards.py - WARNING - No military record for Sean Casten. Skip.
2025-09-26 15:22:31,796 - gen_cards.py - WARNING - No congressional stats found for Sean Casten. Skip.
2025-09-26 15:22:31,796 - gen_cards.py - WARNING - No awards found for Sean Casten. Skip.
2025-09-26 15:22:32,024 - gen_cards.py - INFO - Created card: cards\sean_casten_card.png
2025-09-26 15:22:32,434 - gen_cards.py - DEBUG - Success image pull for Jesús G. "Chuy" García
2025-09-26 15:22:32,793 - gen_cards.py - WARNING - Having to expand picture, could be poor quality. Original photo: (175, 219)
2025-09-26 15:22:32,865 - gen_cards.py - WARNING - No military record for Jesús G. "Chuy" García. Skip.
2025-09-26 15:22:32,866 - gen_cards.py - WARNING - No congressional stats found for Jesús G. "Chuy" García. Skip.
2025-09-26 15:22:32,866 - gen_cards.py - WARNING - No awards found for Jesús G. "Chuy" García. Skip.
2025-09-26 15:22:32,992 - gen_cards.py - ERROR - Text box 2 for Jesús G. "Chuy" García exceeds card dimensions by 51.0 pixels
2025-09-26 15:22:33,154 - gen_cards.py - INFO - Created card: cards\jesús_g_chuy_garcía_card.png
2025-09-26 15:22:33,490 - gen_cards.py - DEBUG - Success image pull for Russ Fulcher
2025-09-26 15:22:33,492 - gen_cards.py - WARNING - Having to expand picture, could be poor quality. Original photo: (175, 219)
2025-09-26 15:22:33,563 - gen_cards.py - WARNING - No military record for Russ Fulcher. Skip.
2025-09-26 15:22:33,563 - gen_cards.py - WARNING - No congressional stats found for Russ Fulcher. Skip.
2025-09-26 15:22:33,563 - gen_cards.py - WARNING - No awards found for Russ Fulcher. Skip.
2025-09-26 15:22:33,657 - gen_cards.py - ERROR - Text box 2 for Russ Fulcher exceeds card dimensions by 27.0 pixels
2025-09-26 15:22:33,834 - gen_cards.py - INFO - Created card: cards\russ_fulcher_card.png
2025-09-26 15:22:34,171 - gen_cards.py - DEBUG - Success image pull for Lucy McBath
2025-09-26 15:22:34,488 - gen_cards.py - WARNING - Having to expand picture, could be poor quality. Original photo: (175, 219)
2025-09-26 15:22:34,550 - gen_cards.py - WARNING - No military record for Lucy McBath. Skip.
2025-09-26 15:22:34,550 - gen_cards.py - WARNING - No congressional stats found for Lucy McBath. Skip.
2025-09-26 15:22:34,551 - gen_cards.py - WARNING - No awards found for Lucy McBath. Skip.
2025-09-26 15:22:34,775 - gen_cards.py - INFO - Created card: cards\lucy_mcbath_card.png
2025-09-26 15:22:34,982 - gen_cards.py - DEBUG - Success image pull for Raja Krishnamoorthi
2025-09-26 15:22:35,317 - gen_cards.py - WARNING - Having to expand picture, could be poor quality. Original photo: (175, 153)
2025-09-26 15:22:35,354 - gen_cards.py - INFO - Raja Krishnamoorthi has never been absent
2025-09-26 15:22:35,380 - gen_cards.py - WARNING - No military record for Raja Krishnamoorthi. Skip.
2025-09-26 15:22:35,380 - gen_cards.py - WARNING - No congressional stats found for Raja Krishnamoorthi. Skip.
2025-09-26 15:22:35,380 - gen_cards.py - WARNING - No awards found for Raja Krishnamoorthi. Skip.
2025-09-26 15:22:35,624 - gen_cards.py - INFO - Created card: cards\raja_krishnamoorthi_card.png
2025-09-26 15:22:35,756 - gen_cards.py - DEBUG - Success image pull for Rick W. Allen
2025-09-26 15:22:35,759 - gen_cards.py - WARNING - Having to expand picture, could be poor quality. Original photo: (175, 215)
2025-09-26 15:22:35,823 - gen_cards.py - WARNING - No military record for Rick W. Allen. Skip.
2025-09-26 15:22:35,824 - gen_cards.py - WARNING - No congressional stats found for Rick W. Allen. Skip.
2025-09-26 15:22:35,824 - gen_cards.py - WARNING - No awards found for Rick W. Allen. Skip.
2025-09-26 15:22:36,051 - gen_cards.py - INFO - Created card: cards\rick_w_allen_card.png
2025-09-26 15:22:36,372 - gen_cards.py - DEBUG - Success image pull for Barry Loudermilk
2025-09-26 15:22:36,376 - gen_cards.py - WARNING - Having to expand picture, could be poor quality. Original photo: (175, 248)
2025-09-26 15:22:36,444 - gen_cards.py - WARNING - No congressional stats found for Barry Loudermilk. Skip.
2025-09-26 15:22:36,444 - gen_cards.py - WARNING - No awards found for Barry Loudermilk. Skip.
2025-09-26 15:22:36,545 - gen_cards.py - ERROR - Text box 2 for Barry Loudermilk exceeds card dimensions by 32.0 pixels
2025-09-26 15:22:36,710 - gen_cards.py - INFO - Created card: cards\barry_loudermilk_card.png
2025-09-26 15:22:37,021 - gen_cards.py - DEBUG - Success image pull for Bradley Scott Schneider
2025-09-26 15:22:37,359 - gen_cards.py - WARNING - Having to expand picture, could be poor quality. Original photo: (175, 263)
2025-09-26 15:22:37,402 - gen_cards.py - INFO - Bradley Scott Schneider has never disagreed
2025-09-26 15:22:37,426 - gen_cards.py - WARNING - No military record for Bradley Scott Schneider. Skip.
2025-09-26 15:22:37,427 - gen_cards.py - WARNING - No congressional stats found for Bradley Scott Schneider. Skip.
2025-09-26 15:22:37,427 - gen_cards.py - WARNING - No awards found for Bradley Scott Schneider. Skip.
2025-09-26 15:22:37,619 - gen_cards.py - INFO - Created card: cards\bradley_scott_schneider_card.png
2025-09-26 15:22:37,858 - gen_cards.py - DEBUG - Success image pull for Austin Scott
2025-09-26 15:22:37,861 - gen_cards.py - WARNING - Having to expand picture, could be poor quality. Original photo: (175, 263)
2025-09-26 15:22:37,928 - gen_cards.py - WARNING - No military record for Austin Scott. Skip.
2025-09-26 15:22:37,928 - gen_cards.py - WARNING - No congressional stats found for Austin Scott. Skip.
2025-09-26 15:22:37,928 - gen_cards.py - WARNING - No awards found for Austin Scott. Skip.
2025-09-26 15:22:38,099 - gen_cards.py - ERROR - Text box 2 for Austin Scott exceeds card dimensions by 305.0 pixels
2025-09-26 15:22:38,270 - gen_cards.py - INFO - Created card: cards\austin_scott_card.png
2025-09-26 15:22:38,563 - gen_cards.py - DEBUG - Success image pull for Henry C. "Hank" Johnson
2025-09-26 15:22:38,907 - gen_cards.py - WARNING - Having to expand picture, could be poor quality. Original photo: (175, 209)
2025-09-26 15:22:38,979 - gen_cards.py - WARNING - No military record for Henry C. "Hank" Johnson. Skip.
2025-09-26 15:22:38,979 - gen_cards.py - WARNING - No awards found for Henry C. "Hank" Johnson. Skip.
2025-09-26 15:22:39,208 - gen_cards.py - ERROR - Text box 2 for Henry C. "Hank" Johnson exceeds card dimensions by 348.0 pixels
2025-09-26 15:22:39,351 - gen_cards.py - INFO - Created card: cards\henry_c_hank_johnson_card.png
2025-09-26 15:22:39,825 - gen_cards.py - DEBUG - Success image pull for Mike Quigley
2025-09-26 15:22:40,155 - gen_cards.py - WARNING - Having to expand picture, could be poor quality. Original photo: (175, 255)
2025-09-26 15:22:40,206 - gen_cards.py - INFO - Mike Quigley has never disagreed
2025-09-26 15:22:40,230 - gen_cards.py - WARNING - No military record for Mike Quigley. Skip.
2025-09-26 15:22:40,231 - gen_cards.py - WARNING - No congressional stats found for Mike Quigley. Skip.
2025-09-26 15:22:40,231 - gen_cards.py - WARNING - No awards found for Mike Quigley. Skip.
2025-09-26 15:22:40,349 - gen_cards.py - ERROR - Text box 2 for Mike Quigley exceeds card dimensions by 79.0 pixels
2025-09-26 15:22:40,486 - gen_cards.py - INFO - Created card: cards\mike_quigley_card.png
2025-09-26 15:22:40,807 - gen_cards.py - DEBUG - Success image pull for Robin L. Kelly
2025-09-26 15:22:41,124 - gen_cards.py - WARNING - Having to expand picture, could be poor quality. Original photo: (175, 243)
2025-09-26 15:22:41,199 - gen_cards.py - WARNING - No military record for Robin L. Kelly. Skip.
2025-09-26 15:22:41,199 - gen_cards.py - WARNING - No congressional stats found for Robin L. Kelly. Skip.
2025-09-26 15:22:41,200 - gen_cards.py - WARNING - No awards found for Robin L. Kelly. Skip.
2025-09-26 15:22:41,476 - gen_cards.py - INFO - Created card: cards\robin_l_kelly_card.png
2025-09-26 15:22:41,890 - gen_cards.py - DEBUG - Success image pull for Michael K. Simpson
2025-09-26 15:22:41,892 - gen_cards.py - WARNING - Having to expand picture, could be poor quality. Original photo: (499, 750)
2025-09-26 15:22:41,946 - gen_cards.py - INFO - Michael K. Simpson has never disagreed
2025-09-26 15:22:41,970 - gen_cards.py - WARNING - No military record for Michael K. Simpson. Skip.
2025-09-26 15:22:41,970 - gen_cards.py - WARNING - No congressional stats found for Michael K. Simpson. Skip.
2025-09-26 15:22:41,970 - gen_cards.py - WARNING - No awards found for Michael K. Simpson. Skip.
2025-09-26 15:22:42,230 - gen_cards.py - INFO - Created card: cards\michael_k_simpson_card.png
2025-09-26 15:22:42,574 - gen_cards.py - DEBUG - Success image pull for Janice D. Schakowsky
2025-09-26 15:22:42,898 - gen_cards.py - WARNING - Having to expand picture, could be poor quality. Original photo: (175, 237)
2025-09-26 15:22:42,962 - gen_cards.py - WARNING - No military record for Janice D. Schakowsky. Skip.
2025-09-26 15:22:42,963 - gen_cards.py - WARNING - No congressional stats found for Janice D. Schakowsky. Skip.
2025-09-26 15:22:42,963 - gen_cards.py - WARNING - No awards found for Janice D. Schakowsky. Skip.
2025-09-26 15:22:43,194 - gen_cards.py - INFO - Created card: cards\janice_d_schakowsky_card.png
2025-09-26 15:22:43,428 - gen_cards.py - DEBUG - Success image pull for Danny K. Davis
2025-09-26 15:22:43,770 - gen_cards.py - WARNING - Having to expand picture, could be poor quality. Original photo: (175, 248)
2025-09-26 15:22:43,845 - gen_cards.py - WARNING - No military record for Danny K. Davis. Skip.
2025-09-26 15:22:43,846 - gen_cards.py - WARNING - No congressional stats found for Danny K. Davis. Skip.
2025-09-26 15:22:43,846 - gen_cards.py - WARNING - No awards found for Danny K. Davis. Skip.
2025-09-26 15:22:44,058 - gen_cards.py - INFO - Created card: cards\danny_k_davis_card.png
2025-09-26 15:22:44,386 - gen_cards.py - DEBUG - Success image pull for Sanford D. Bishop
2025-09-26 15:22:44,716 - gen_cards.py - WARNING - Having to expand picture, could be poor quality. Original photo: (175, 214)
2025-09-26 15:22:44,754 - gen_cards.py - INFO - Sanford D. Bishop has never disagreed
2025-09-26 15:22:44,777 - gen_cards.py - WARNING - No congressional stats found for Sanford D. Bishop. Skip.
2025-09-26 15:22:44,777 - gen_cards.py - WARNING - No awards found for Sanford D. Bishop. Skip.
2025-09-26 15:22:45,012 - gen_cards.py - INFO - Created card: cards\sanford_d_bishop_card.png
2025-09-26 15:22:45,359 - gen_cards.py - DEBUG - Success image pull for David Scott
2025-09-26 15:22:45,684 - gen_cards.py - WARNING - Having to expand picture, could be poor quality. Original photo: (175, 217)
2025-09-26 15:22:45,738 - gen_cards.py - INFO - David Scott has never disagreed
2025-09-26 15:22:45,762 - gen_cards.py - WARNING - No military record for David Scott. Skip.
2025-09-26 15:22:45,763 - gen_cards.py - WARNING - No awards found for David Scott. Skip.
2025-09-26 15:22:45,873 - gen_cards.py - ERROR - Text box 2 for David Scott exceeds card dimensions by 50.0 pixels
2025-09-26 15:22:46,030 - gen_cards.py - INFO - Created card: cards\david_scott_card.png
2025-09-26 15:22:46,411 - gen_cards.py - DEBUG - Success image pull for Ed Case
2025-09-26 15:22:46,758 - gen_cards.py - WARNING - Having to expand picture, could be poor quality. Original photo: (175, 219)
2025-09-26 15:22:46,798 - gen_cards.py - INFO - Ed Case has never disagreed
2025-09-26 15:22:46,824 - gen_cards.py - WARNING - No military record for Ed Case. Skip.
2025-09-26 15:22:46,824 - gen_cards.py - WARNING - No congressional stats found for Ed Case. Skip.
2025-09-26 15:22:46,824 - gen_cards.py - WARNING - No awards found for Ed Case. Skip.
2025-09-26 15:22:47,053 - gen_cards.py - INFO - Created card: cards\ed_case_card.png
2025-09-26 15:22:47,732 - gen_cards.py - DEBUG - Success image pull for Sarah McBride
2025-09-26 15:22:48,146 - gen_cards.py - INFO - Sarah McBride has never disagreed
2025-09-26 15:22:48,146 - gen_cards.py - INFO - Sarah McBride has never been absent
2025-09-26 15:22:48,170 - gen_cards.py - WARNING - No military record for Sarah McBride. Skip.
2025-09-26 15:22:48,171 - gen_cards.py - WARNING - No congressional stats found for Sarah McBride. Skip.
2025-09-26 15:22:48,171 - gen_cards.py - WARNING - No awards found for Sarah McBride. Skip.
2025-09-26 15:22:48,422 - gen_cards.py - INFO - Created card: cards\sarah_mcbride_card.png
2025-09-26 15:22:48,953 - gen_cards.py - DEBUG - Success image pull for Mike Haridopolos
2025-09-26 15:22:49,056 - gen_cards.py - WARNING - No military record for Mike Haridopolos. Skip.
2025-09-26 15:22:49,057 - gen_cards.py - WARNING - No congressional stats found for Mike Haridopolos. Skip.
2025-09-26 15:22:49,057 - gen_cards.py - WARNING - No awards found for Mike Haridopolos. Skip.
2025-09-26 15:22:49,201 - gen_cards.py - ERROR - Text box 2 for Mike Haridopolos exceeds card dimensions by 217.0 pixels
2025-09-26 15:22:49,370 - gen_cards.py - INFO - Created card: cards\mike_haridopolos_card.png
2025-09-26 15:22:49,731 - gen_cards.py - DEBUG - Success image pull for Jared Moskowitz
2025-09-26 15:22:50,058 - gen_cards.py - WARNING - Having to expand picture, could be poor quality. Original photo: (175, 263)
2025-09-26 15:22:50,104 - gen_cards.py - INFO - Jared Moskowitz has never disagreed
2025-09-26 15:22:50,128 - gen_cards.py - WARNING - No military record for Jared Moskowitz. Skip.
2025-09-26 15:22:50,129 - gen_cards.py - WARNING - No congressional stats found for Jared Moskowitz. Skip.
2025-09-26 15:22:50,129 - gen_cards.py - WARNING - No awards found for Jared Moskowitz. Skip.
2025-09-26 15:22:50,238 - gen_cards.py - ERROR - Text box 2 for Jared Moskowitz exceeds card dimensions by 11.0 pixels
2025-09-26 15:22:50,410 - gen_cards.py - INFO - Created card: cards\jared_moskowitz_card.png
2025-09-26 15:22:50,650 - gen_cards.py - DEBUG - Success image pull for Cory Mills
2025-09-26 15:22:50,654 - gen_cards.py - WARNING - Having to expand picture, could be poor quality. Original photo: (175, 219)
2025-09-26 15:22:50,722 - gen_cards.py - WARNING - No congressional stats found for Cory Mills. Skip.
2025-09-26 15:22:50,722 - gen_cards.py - WARNING - No awards found for Cory Mills. Skip.
2025-09-26 15:22:50,956 - gen_cards.py - INFO - Created card: cards\cory_mills_card.png
2025-09-26 15:22:51,351 - gen_cards.py - DEBUG - Success image pull for Anna Paulina Luna
2025-09-26 15:22:51,353 - gen_cards.py - WARNING - Having to expand picture, could be poor quality. Original photo: (175, 219)
2025-09-26 15:22:51,421 - gen_cards.py - WARNING - No congressional stats found for Anna Paulina Luna. Skip.
2025-09-26 15:22:51,422 - gen_cards.py - WARNING - No awards found for Anna Paulina Luna. Skip.
2025-09-26 15:22:51,537 - gen_cards.py - ERROR - Text box 2 for Anna Paulina Luna exceeds card dimensions by 66.0 pixels
2025-09-26 15:22:51,719 - gen_cards.py - INFO - Created card: cards\anna_paulina_luna_card.png
2025-09-26 15:22:52,121 - gen_cards.py - DEBUG - Success image pull for Laurel M. Lee
2025-09-26 15:22:52,124 - gen_cards.py - WARNING - Having to expand picture, could be poor quality. Original photo: (175, 219)
2025-09-26 15:22:52,188 - gen_cards.py - WARNING - No military record for Laurel M. Lee. Skip.
2025-09-26 15:22:52,188 - gen_cards.py - WARNING - No awards found for Laurel M. Lee. Skip.
2025-09-26 15:22:52,371 - gen_cards.py - ERROR - Text box 2 for Laurel M. Lee exceeds card dimensions by 222.0 pixels
2025-09-26 15:22:52,555 - gen_cards.py - INFO - Created card: cards\laurel_m_lee_card.png
2025-09-26 15:22:52,915 - gen_cards.py - DEBUG - Success image pull for Maxwell Frost
2025-09-26 15:22:53,238 - gen_cards.py - WARNING - Having to expand picture, could be poor quality. Original photo: (175, 219)
2025-09-26 15:22:53,272 - gen_cards.py - INFO - Maxwell Frost has never been absent
2025-09-26 15:22:53,297 - gen_cards.py - WARNING - No military record for Maxwell Frost. Skip.
2025-09-26 15:22:53,298 - gen_cards.py - WARNING - No congressional stats found for Maxwell Frost. Skip.
2025-09-26 15:22:53,298 - gen_cards.py - WARNING - No awards found for Maxwell Frost. Skip.
2025-09-26 15:22:53,542 - gen_cards.py - INFO - Created card: cards\maxwell_frost_card.png
2025-09-26 15:22:53,859 - gen_cards.py - DEBUG - Success image pull for Aaron Bean
2025-09-26 15:22:53,862 - gen_cards.py - WARNING - Having to expand picture, could be poor quality. Original photo: (175, 219)
2025-09-26 15:22:53,897 - gen_cards.py - INFO - Aaron Bean has never been absent
2025-09-26 15:22:53,924 - gen_cards.py - WARNING - No military record for Aaron Bean. Skip.
2025-09-26 15:22:53,924 - gen_cards.py - WARNING - No congressional stats found for Aaron Bean. Skip.
2025-09-26 15:22:53,925 - gen_cards.py - WARNING - No awards found for Aaron Bean. Skip.
2025-09-26 15:22:54,165 - gen_cards.py - INFO - Created card: cards\aaron_bean_card.png
2025-09-26 15:22:54,540 - gen_cards.py - DEBUG - Success image pull for Sheila Cherfilus-McCormick
2025-09-26 15:22:54,914 - gen_cards.py - WARNING - Having to expand picture, could be poor quality. Original photo: (175, 219)
2025-09-26 15:22:54,970 - gen_cards.py - INFO - Sheila Cherfilus-McCormick has never disagreed
2025-09-26 15:22:54,995 - gen_cards.py - WARNING - No military record for Sheila Cherfilus-McCormick. Skip.
2025-09-26 15:22:54,995 - gen_cards.py - WARNING - No work history found for Sheila Cherfilus-McCormick. Skip.
2025-09-26 15:22:54,995 - gen_cards.py - WARNING - No congressional stats found for Sheila Cherfilus-McCormick. Skip.
2025-09-26 15:22:54,996 - gen_cards.py - WARNING - No awards found for Sheila Cherfilus-McCormick. Skip.
2025-09-26 15:22:55,203 - gen_cards.py - INFO - Created card: cards\sheila_cherfilus-mccormick_card.png
2025-09-26 15:22:55,415 - gen_cards.py - DEBUG - Success image pull for Maria Elvira Salazar
2025-09-26 15:22:55,417 - gen_cards.py - WARNING - Having to expand picture, could be poor quality. Original photo: (175, 263)
2025-09-26 15:22:55,460 - gen_cards.py - INFO - Maria Elvira Salazar has never disagreed
2025-09-26 15:22:55,483 - gen_cards.py - WARNING - No military record for Maria Elvira Salazar. Skip.
2025-09-26 15:22:55,483 - gen_cards.py - WARNING - No congressional stats found for Maria Elvira Salazar. Skip.
2025-09-26 15:22:55,483 - gen_cards.py - WARNING - No awards found for Maria Elvira Salazar. Skip.
2025-09-26 15:22:55,714 - gen_cards.py - INFO - Created card: cards\maria_elvira_salazar_card.png
2025-09-26 15:22:56,014 - gen_cards.py - DEBUG - Success image pull for Carlos A. Gimenez
2025-09-26 15:22:56,016 - gen_cards.py - WARNING - Having to expand picture, could be poor quality. Original photo: (175, 263)
2025-09-26 15:22:56,062 - gen_cards.py - INFO - Carlos A. Gimenez has never disagreed
2025-09-26 15:22:56,088 - gen_cards.py - WARNING - No military record for Carlos A. Gimenez. Skip.
2025-09-26 15:22:56,088 - gen_cards.py - WARNING - No congressional stats found for Carlos A. Gimenez. Skip.
2025-09-26 15:22:56,089 - gen_cards.py - WARNING - No awards found for Carlos A. Gimenez. Skip.
2025-09-26 15:22:56,374 - gen_cards.py - INFO - Created card: cards\carlos_a_gimenez_card.png
2025-09-26 15:22:56,720 - gen_cards.py - DEBUG - Success image pull for Scott Franklin
2025-09-26 15:22:56,723 - gen_cards.py - WARNING - Having to expand picture, could be poor quality. Original photo: (175, 219)
2025-09-26 15:22:56,806 - gen_cards.py - WARNING - No congressional stats found for Scott Franklin. Skip.
2025-09-26 15:22:56,807 - gen_cards.py - WARNING - No awards found for Scott Franklin. Skip.
2025-09-26 15:22:56,921 - gen_cards.py - ERROR - Text box 2 for Scott Franklin exceeds card dimensions by 290.0 pixels
2025-09-26 15:22:57,057 - gen_cards.py - INFO - Created card: cards\scott_franklin_card.png
2025-09-26 15:22:57,446 - gen_cards.py - DEBUG - Success image pull for Byron Donalds
2025-09-26 15:22:57,449 - gen_cards.py - WARNING - Having to expand picture, could be poor quality. Original photo: (175, 219)
2025-09-26 15:22:57,522 - gen_cards.py - WARNING - No military record for Byron Donalds. Skip.
2025-09-26 15:22:57,522 - gen_cards.py - WARNING - No congressional stats found for Byron Donalds. Skip.
2025-09-26 15:22:57,522 - gen_cards.py - WARNING - No awards found for Byron Donalds. Skip.
2025-09-26 15:22:57,802 - gen_cards.py - INFO - Created card: cards\byron_donalds_card.png
2025-09-26 15:22:58,138 - gen_cards.py - DEBUG - Success image pull for Kat Cammack
2025-09-26 15:22:58,141 - gen_cards.py - WARNING - Having to expand picture, could be poor quality. Original photo: (175, 263)
2025-09-26 15:22:58,196 - gen_cards.py - INFO - Kat Cammack has never been absent
2025-09-26 15:22:58,221 - gen_cards.py - WARNING - No military record for Kat Cammack. Skip.
2025-09-26 15:22:58,222 - gen_cards.py - WARNING - No congressional stats found for Kat Cammack. Skip.
2025-09-26 15:22:58,222 - gen_cards.py - WARNING - No awards found for Kat Cammack. Skip.
2025-09-26 15:22:58,311 - gen_cards.py - ERROR - Text box 2 for Kat Cammack exceeds card dimensions by 64.0 pixels
2025-09-26 15:22:58,490 - gen_cards.py - INFO - Created card: cards\kat_cammack_card.png
2025-09-26 15:22:58,878 - gen_cards.py - DEBUG - Success image pull for W. Gregory Steube
2025-09-26 15:22:58,880 - gen_cards.py - WARNING - Having to expand picture, could be poor quality. Original photo: (175, 263)
2025-09-26 15:22:58,951 - gen_cards.py - WARNING - No congressional stats found for W. Gregory Steube. Skip.
2025-09-26 15:22:58,951 - gen_cards.py - WARNING - No awards found for W. Gregory Steube. Skip.
2025-09-26 15:22:59,077 - gen_cards.py - ERROR - Text box 2 for W. Gregory Steube exceeds card dimensions by 144.0 pixels
2025-09-26 15:22:59,269 - gen_cards.py - INFO - Created card: cards\w_gregory_steube_card.png
2025-09-26 15:22:59,601 - gen_cards.py - DEBUG - Success image pull for Brian J. Mast
2025-09-26 15:22:59,604 - gen_cards.py - WARNING - Having to expand picture, could be poor quality. Original photo: (175, 263)
2025-09-26 15:22:59,685 - gen_cards.py - WARNING - No awards found for Brian J. Mast. Skip.
2025-09-26 15:22:59,786 - gen_cards.py - ERROR - Text box 2 for Brian J. Mast exceeds card dimensions by 139.0 pixels
2025-09-26 15:22:59,973 - gen_cards.py - INFO - Created card: cards\brian_j_mast_card.png
2025-09-26 15:22:59,973 - gen_cards.py - INFO - Trying backup image for Darren Soto
2025-09-26 15:23:00,145 - gen_cards.py - DEBUG - Success image pull for Darren Soto
2025-09-26 15:23:00,499 - gen_cards.py - WARNING - Having to expand picture, could be poor quality. Original photo: (200, 244)
2025-09-26 15:23:00,510 - gen_cards.py - WARNING - Birthdate unknown for Darren Soto
2025-09-26 15:23:00,510 - gen_cards.py - WARNING - No education for Darren Soto. Skip this section.
2025-09-26 15:23:00,527 - gen_cards.py - INFO - Darren Soto has never disagreed
2025-09-26 15:23:00,527 - gen_cards.py - INFO - Darren Soto has never been absent
2025-09-26 15:23:00,549 - gen_cards.py - WARNING - No military record for Darren Soto. Skip.
2025-09-26 15:23:00,549 - gen_cards.py - WARNING - No work history found for Darren Soto. Skip.
2025-09-26 15:23:00,549 - gen_cards.py - WARNING - No congressional stats found for Darren Soto. Skip.
2025-09-26 15:23:00,549 - gen_cards.py - WARNING - No awards found for Darren Soto. Skip.
2025-09-26 15:23:00,756 - gen_cards.py - INFO - Created card: cards\darren_soto_card.png
2025-09-26 15:23:01,073 - gen_cards.py - DEBUG - Success image pull for John H. Rutherford
2025-09-26 15:23:01,075 - gen_cards.py - WARNING - Having to expand picture, could be poor quality. Original photo: (175, 263)
2025-09-26 15:23:01,132 - gen_cards.py - INFO - John H. Rutherford has never disagreed
2025-09-26 15:23:01,154 - gen_cards.py - WARNING - No military record for John H. Rutherford. Skip.
2025-09-26 15:23:01,154 - gen_cards.py - WARNING - No congressional stats found for John H. Rutherford. Skip.
2025-09-26 15:23:01,155 - gen_cards.py - WARNING - No awards found for John H. Rutherford. Skip.
2025-09-26 15:23:01,382 - gen_cards.py - INFO - Created card: cards\john_h_rutherford_card.png
2025-09-26 15:23:01,662 - gen_cards.py - DEBUG - Success image pull for Neal P. Dunn
2025-09-26 15:23:01,665 - gen_cards.py - WARNING - Having to expand picture, could be poor quality. Original photo: (175, 263)
2025-09-26 15:23:01,701 - gen_cards.py - INFO - Neal P. Dunn has never disagreed
2025-09-26 15:23:01,726 - gen_cards.py - WARNING - No work history found for Neal P. Dunn. Skip.
2025-09-26 15:23:01,726 - gen_cards.py - WARNING - No congressional stats found for Neal P. Dunn. Skip.
2025-09-26 15:23:01,727 - gen_cards.py - WARNING - No awards found for Neal P. Dunn. Skip.
2025-09-26 15:23:01,972 - gen_cards.py - INFO - Created card: cards\neal_p_dunn_card.png
2025-09-26 15:23:02,310 - gen_cards.py - DEBUG - Success image pull for Earl L. "Buddy" Carter
2025-09-26 15:23:02,312 - gen_cards.py - WARNING - Having to expand picture, could be poor quality. Original photo: (175, 263)
2025-09-26 15:23:02,361 - gen_cards.py - INFO - Earl L. "Buddy" Carter has never disagreed
2025-09-26 15:23:02,385 - gen_cards.py - WARNING - No military record for Earl L. "Buddy" Carter. Skip.
2025-09-26 15:23:02,385 - gen_cards.py - WARNING - No congressional stats found for Earl L. "Buddy" Carter. Skip.
2025-09-26 15:23:02,386 - gen_cards.py - WARNING - No awards found for Earl L. "Buddy" Carter. Skip.
2025-09-26 15:23:02,645 - gen_cards.py - INFO - Created card: cards\earl_l_buddy_carter_card.png
2025-09-26 15:23:02,983 - gen_cards.py - DEBUG - Success image pull for Lois Frankel
2025-09-26 15:23:03,304 - gen_cards.py - WARNING - Having to expand picture, could be poor quality. Original photo: (175, 219)
2025-09-26 15:23:03,346 - gen_cards.py - INFO - Lois Frankel has never disagreed
2025-09-26 15:23:03,371 - gen_cards.py - WARNING - No military record for Lois Frankel. Skip.
2025-09-26 15:23:03,372 - gen_cards.py - WARNING - No congressional stats found for Lois Frankel. Skip.
2025-09-26 15:23:03,372 - gen_cards.py - WARNING - No awards found for Lois Frankel. Skip.
2025-09-26 15:23:03,629 - gen_cards.py - INFO - Created card: cards\lois_frankel_card.png
2025-09-26 15:23:03,966 - gen_cards.py - DEBUG - Success image pull for Frederica S. Wilson
2025-09-26 15:23:04,290 - gen_cards.py - WARNING - Having to expand picture, could be poor quality. Original photo: (168, 225)
2025-09-26 15:23:04,360 - gen_cards.py - WARNING - No military record for Frederica S. Wilson. Skip.
2025-09-26 15:23:04,360 - gen_cards.py - WARNING - No congressional stats found for Frederica S. Wilson. Skip.
2025-09-26 15:23:04,360 - gen_cards.py - WARNING - No awards found for Frederica S. Wilson. Skip.
2025-09-26 15:23:04,488 - gen_cards.py - ERROR - Text box 2 for Frederica S. Wilson exceeds card dimensions by 173.0 pixels
2025-09-26 15:23:04,640 - gen_cards.py - INFO - Created card: cards\frederica_s_wilson_card.png
2025-09-26 15:23:04,751 - gen_cards.py - DEBUG - Success image pull for Daniel Webster
2025-09-26 15:23:04,753 - gen_cards.py - WARNING - Having to expand picture, could be poor quality. Original photo: (175, 220)
2025-09-26 15:23:04,819 - gen_cards.py - WARNING - No military record for Daniel Webster. Skip.
2025-09-26 15:23:04,819 - gen_cards.py - WARNING - No congressional stats found for Daniel Webster. Skip.
2025-09-26 15:23:04,820 - gen_cards.py - WARNING - No awards found for Daniel Webster. Skip.
2025-09-26 15:23:05,007 - gen_cards.py - ERROR - Text box 2 for Daniel Webster exceeds card dimensions by 285.0 pixels
2025-09-26 15:23:05,138 - gen_cards.py - INFO - Created card: cards\daniel_webster_card.png
2025-09-26 15:23:05,441 - gen_cards.py - DEBUG - Success image pull for Vern Buchanan
2025-09-26 15:23:05,444 - gen_cards.py - WARNING - Having to expand picture, could be poor quality. Original photo: (174, 215)
2025-09-26 15:23:05,478 - gen_cards.py - INFO - Vern Buchanan has never disagreed
2025-09-26 15:23:05,502 - gen_cards.py - WARNING - No congressional stats found for Vern Buchanan. Skip.
2025-09-26 15:23:05,502 - gen_cards.py - WARNING - No awards found for Vern Buchanan. Skip.
2025-09-26 15:23:05,679 - gen_cards.py - INFO - Created card: cards\vern_buchanan_card.png
2025-09-26 15:23:06,050 - gen_cards.py - DEBUG - Success image pull for Kathy Castor
2025-09-26 15:23:06,379 - gen_cards.py - WARNING - Having to expand picture, could be poor quality. Original photo: (175, 218)
2025-09-26 15:23:06,448 - gen_cards.py - WARNING - No military record for Kathy Castor. Skip.
2025-09-26 15:23:06,448 - gen_cards.py - WARNING - No awards found for Kathy Castor. Skip.
2025-09-26 15:23:06,549 - gen_cards.py - ERROR - Text box 2 for Kathy Castor exceeds card dimensions by 12.0 pixels
2025-09-26 15:23:06,707 - gen_cards.py - INFO - Created card: cards\kathy_castor_card.png
2025-09-26 15:23:06,993 - gen_cards.py - DEBUG - Success image pull for Gus M. Bilirakis
2025-09-26 15:23:06,996 - gen_cards.py - WARNING - Having to expand picture, could be poor quality. Original photo: (175, 219)
2025-09-26 15:23:07,055 - gen_cards.py - INFO - Gus M. Bilirakis has never disagreed
2025-09-26 15:23:07,080 - gen_cards.py - WARNING - No military record for Gus M. Bilirakis. Skip.
2025-09-26 15:23:07,081 - gen_cards.py - WARNING - No congressional stats found for Gus M. Bilirakis. Skip.
2025-09-26 15:23:07,081 - gen_cards.py - WARNING - No awards found for Gus M. Bilirakis. Skip.
2025-09-26 15:23:07,350 - gen_cards.py - INFO - Created card: cards\gus_m_bilirakis_card.png
2025-09-26 15:23:07,693 - gen_cards.py - DEBUG - Success image pull for Debbie Wasserman Schultz
2025-09-26 15:23:08,021 - gen_cards.py - WARNING - Having to expand picture, could be poor quality. Original photo: (175, 263)
2025-09-26 15:23:08,065 - gen_cards.py - INFO - Debbie Wasserman Schultz has never disagreed
2025-09-26 15:23:08,088 - gen_cards.py - WARNING - No military record for Debbie Wasserman Schultz. Skip.
2025-09-26 15:23:08,088 - gen_cards.py - WARNING - No congressional stats found for Debbie Wasserman Schultz. Skip.
2025-09-26 15:23:08,088 - gen_cards.py - WARNING - No awards found for Debbie Wasserman Schultz. Skip.
2025-09-26 15:23:08,358 - gen_cards.py - INFO - Created card: cards\debbie_wasserman_schultz_card.png
2025-09-26 15:23:08,690 - gen_cards.py - DEBUG - Success image pull for Mario Diaz-Balart
2025-09-26 15:23:08,692 - gen_cards.py - WARNING - Having to expand picture, could be poor quality. Original photo: (175, 263)
2025-09-26 15:23:08,733 - gen_cards.py - INFO - Mario Diaz-Balart has never disagreed
2025-09-26 15:23:08,757 - gen_cards.py - WARNING - No military record for Mario Diaz-Balart. Skip.
2025-09-26 15:23:08,758 - gen_cards.py - WARNING - No congressional stats found for Mario Diaz-Balart. Skip.
2025-09-26 15:23:08,758 - gen_cards.py - WARNING - No awards found for Mario Diaz-Balart. Skip.
2025-09-26 15:23:08,989 - gen_cards.py - INFO - Created card: cards\mario_diaz-balart_card.png
2025-09-26 15:23:09,559 - gen_cards.py - DEBUG - Success image pull for Derek Tran
2025-09-26 15:23:09,938 - gen_cards.py - INFO - Derek Tran has never disagreed
2025-09-26 15:23:09,938 - gen_cards.py - INFO - Derek Tran has never been absent
2025-09-26 15:23:09,956 - gen_cards.py - WARNING - No congressional stats found for Derek Tran. Skip.
2025-09-26 15:23:09,957 - gen_cards.py - WARNING - No awards found for Derek Tran. Skip.
2025-09-26 15:23:10,183 - gen_cards.py - INFO - Created card: cards\derek_tran_card.png
2025-09-26 15:23:10,762 - gen_cards.py - DEBUG - Success image pull for Dave Min
2025-09-26 15:23:11,189 - gen_cards.py - INFO - Dave Min has never disagreed
2025-09-26 15:23:11,189 - gen_cards.py - INFO - Dave Min has never been absent
2025-09-26 15:23:11,208 - gen_cards.py - WARNING - No military record for Dave Min. Skip.
2025-09-26 15:23:11,208 - gen_cards.py - WARNING - No congressional stats found for Dave Min. Skip.
2025-09-26 15:23:11,208 - gen_cards.py - WARNING - No awards found for Dave Min. Skip.
2025-09-26 15:23:11,363 - gen_cards.py - ERROR - Text box 2 for Dave Min exceeds card dimensions by 10.0 pixels
2025-09-26 15:23:11,543 - gen_cards.py - INFO - Created card: cards\dave_min_card.png
2025-09-26 15:23:12,131 - gen_cards.py - DEBUG - Success image pull for Jeff Hurd
2025-09-26 15:23:12,209 - gen_cards.py - INFO - Jeff Hurd has never disagreed
2025-09-26 15:23:12,236 - gen_cards.py - WARNING - No military record for Jeff Hurd. Skip.
2025-09-26 15:23:12,236 - gen_cards.py - WARNING - No congressional stats found for Jeff Hurd. Skip.
2025-09-26 15:23:12,237 - gen_cards.py - WARNING - No awards found for Jeff Hurd. Skip.
2025-09-26 15:23:12,366 - gen_cards.py - ERROR - Text box 2 for Jeff Hurd exceeds card dimensions by 21.0 pixels
2025-09-26 15:23:12,537 - gen_cards.py - INFO - Created card: cards\jeff_hurd_card.png
2025-09-26 15:23:13,034 - gen_cards.py - DEBUG - Success image pull for Gabe Evans
2025-09-26 15:23:13,097 - gen_cards.py - INFO - Gabe Evans has never disagreed
2025-09-26 15:23:13,097 - gen_cards.py - INFO - Gabe Evans has never been absent
2025-09-26 15:23:13,118 - gen_cards.py - WARNING - No congressional stats found for Gabe Evans. Skip.
2025-09-26 15:23:13,118 - gen_cards.py - WARNING - No awards found for Gabe Evans. Skip.
2025-09-26 15:23:13,426 - gen_cards.py - INFO - Created card: cards\gabe_evans_card.png
2025-09-26 15:23:13,999 - gen_cards.py - DEBUG - Success image pull for Jeff Crank
2025-09-26 15:23:14,061 - gen_cards.py - INFO - Jeff Crank has never been absent
2025-09-26 15:23:14,089 - gen_cards.py - WARNING - No military record for Jeff Crank. Skip.
2025-09-26 15:23:14,089 - gen_cards.py - WARNING - No congressional stats found for Jeff Crank. Skip.
2025-09-26 15:23:14,090 - gen_cards.py - WARNING - No awards found for Jeff Crank. Skip.
2025-09-26 15:23:14,383 - gen_cards.py - INFO - Created card: cards\jeff_crank_card.png
2025-09-26 15:23:14,703 - gen_cards.py - DEBUG - Success image pull for Brittany Pettersen
2025-09-26 15:23:15,031 - gen_cards.py - WARNING - Having to expand picture, could be poor quality. Original photo: (175, 219)
2025-09-26 15:23:15,067 - gen_cards.py - INFO - Brittany Pettersen has never disagreed
2025-09-26 15:23:15,092 - gen_cards.py - WARNING - No military record for Brittany Pettersen. Skip.
2025-09-26 15:23:15,092 - gen_cards.py - WARNING - No congressional stats found for Brittany Pettersen. Skip.
2025-09-26 15:23:15,092 - gen_cards.py - WARNING - No awards found for Brittany Pettersen. Skip.
2025-09-26 15:23:15,313 - gen_cards.py - INFO - Created card: cards\brittany_pettersen_card.png
2025-09-26 15:23:15,651 - gen_cards.py - DEBUG - Success image pull for Robert Garcia
2025-09-26 15:23:15,973 - gen_cards.py - WARNING - Having to expand picture, could be poor quality. Original photo: (175, 219)
2025-09-26 15:23:16,025 - gen_cards.py - INFO - Robert Garcia has never disagreed
2025-09-26 15:23:16,050 - gen_cards.py - WARNING - No military record for Robert Garcia. Skip.
2025-09-26 15:23:16,050 - gen_cards.py - WARNING - No congressional stats found for Robert Garcia. Skip.
2025-09-26 15:23:16,050 - gen_cards.py - WARNING - No awards found for Robert Garcia. Skip.
2025-09-26 15:23:16,185 - gen_cards.py - ERROR - Text box 2 for Robert Garcia exceeds card dimensions by 99.0 pixels
2025-09-26 15:23:16,358 - gen_cards.py - INFO - Created card: cards\robert_garcia_card.png
2025-09-26 15:23:16,778 - gen_cards.py - DEBUG - Success image pull for Young Kim
2025-09-26 15:23:16,780 - gen_cards.py - WARNING - Having to expand picture, could be poor quality. Original photo: (175, 219)
2025-09-26 15:23:16,818 - gen_cards.py - INFO - Young Kim has never disagreed
2025-09-26 15:23:16,842 - gen_cards.py - WARNING - No military record for Young Kim. Skip.
2025-09-26 15:23:16,842 - gen_cards.py - WARNING - No congressional stats found for Young Kim. Skip.
2025-09-26 15:23:16,842 - gen_cards.py - WARNING - No awards found for Young Kim. Skip.
2025-09-26 15:23:17,138 - gen_cards.py - INFO - Created card: cards\young_kim_card.png
2025-09-26 15:23:17,755 - gen_cards.py - DEBUG - Success image pull for Sara Jacobs
2025-09-26 15:23:18,111 - gen_cards.py - WARNING - Having to expand picture, could be poor quality. Original photo: (175, 263)
2025-09-26 15:23:18,157 - gen_cards.py - INFO - Sara Jacobs has never been absent
2025-09-26 15:23:18,187 - gen_cards.py - WARNING - No military record for Sara Jacobs. Skip.
2025-09-26 15:23:18,187 - gen_cards.py - WARNING - No congressional stats found for Sara Jacobs. Skip.
2025-09-26 15:23:18,188 - gen_cards.py - WARNING - No awards found for Sara Jacobs. Skip.
2025-09-26 15:23:18,425 - gen_cards.py - INFO - Created card: cards\sara_jacobs_card.png
2025-09-26 15:23:18,661 - gen_cards.py - DEBUG - Success image pull for Lauren Boebert
2025-09-26 15:23:18,667 - gen_cards.py - WARNING - Having to expand picture, could be poor quality. Original photo: (175, 219)
2025-09-26 15:23:18,737 - gen_cards.py - WARNING - No military record for Lauren Boebert. Skip.
2025-09-26 15:23:18,737 - gen_cards.py - WARNING - No congressional stats found for Lauren Boebert. Skip.
2025-09-26 15:23:18,737 - gen_cards.py - WARNING - No awards found for Lauren Boebert. Skip.
2025-09-26 15:23:19,014 - gen_cards.py - INFO - Created card: cards\lauren_boebert_card.png
2025-09-26 15:23:19,358 - gen_cards.py - DEBUG - Success image pull for Jahana Hayes
2025-09-26 15:23:19,687 - gen_cards.py - WARNING - Having to expand picture, could be poor quality. Original photo: (175, 263)
2025-09-26 15:23:19,776 - gen_cards.py - WARNING - No military record for Jahana Hayes. Skip.
2025-09-26 15:23:19,776 - gen_cards.py - WARNING - No congressional stats found for Jahana Hayes. Skip.
2025-09-26 15:23:19,777 - gen_cards.py - WARNING - No awards found for Jahana Hayes. Skip.
2025-09-26 15:23:19,850 - gen_cards.py - ERROR - Text box 2 for Jahana Hayes exceeds card dimensions by 75.0 pixels
2025-09-26 15:23:20,046 - gen_cards.py - INFO - Created card: cards\jahana_hayes_card.png
2025-09-26 15:23:20,372 - gen_cards.py - DEBUG - Success image pull for Jason Crow
2025-09-26 15:23:20,708 - gen_cards.py - WARNING - Having to expand picture, could be poor quality. Original photo: (175, 262)
2025-09-26 15:23:20,742 - gen_cards.py - INFO - Jason Crow has never disagreed
2025-09-26 15:23:20,767 - gen_cards.py - WARNING - No awards found for Jason Crow. Skip.
2025-09-26 15:23:20,912 - gen_cards.py - ERROR - Text box 2 for Jason Crow exceeds card dimensions by 95.0 pixels
2025-09-26 15:23:21,097 - gen_cards.py - INFO - Created card: cards\jason_crow_card.png
2025-09-26 15:23:21,448 - gen_cards.py - DEBUG - Success image pull for Joe Neguse
2025-09-26 15:23:21,813 - gen_cards.py - WARNING - Having to expand picture, could be poor quality. Original photo: (175, 263)
2025-09-26 15:23:21,859 - gen_cards.py - INFO - Joe Neguse has never disagreed
2025-09-26 15:23:21,859 - gen_cards.py - INFO - Joe Neguse has never been absent
2025-09-26 15:23:21,881 - gen_cards.py - WARNING - No military record for Joe Neguse. Skip.
2025-09-26 15:23:21,882 - gen_cards.py - WARNING - No awards found for Joe Neguse. Skip.
2025-09-26 15:23:22,026 - gen_cards.py - ERROR - Text box 2 for Joe Neguse exceeds card dimensions by 103.0 pixels
2025-09-26 15:23:22,222 - gen_cards.py - INFO - Created card: cards\joe_neguse_card.png
2025-09-26 15:23:22,546 - gen_cards.py - DEBUG - Success image pull for Mike Levin
2025-09-26 15:23:22,902 - gen_cards.py - WARNING - Having to expand picture, could be poor quality. Original photo: (175, 263)
2025-09-26 15:23:22,946 - gen_cards.py - INFO - Mike Levin has never disagreed
2025-09-26 15:23:22,946 - gen_cards.py - INFO - Mike Levin has never been absent
2025-09-26 15:23:22,968 - gen_cards.py - WARNING - No military record for Mike Levin. Skip.
2025-09-26 15:23:22,968 - gen_cards.py - WARNING - No congressional stats found for Mike Levin. Skip.
2025-09-26 15:23:22,968 - gen_cards.py - WARNING - No awards found for Mike Levin. Skip.
2025-09-26 15:23:23,201 - gen_cards.py - INFO - Created card: cards\mike_levin_card.png
2025-09-26 15:23:23,547 - gen_cards.py - DEBUG - Success image pull for J. Luis Correa
2025-09-26 15:23:23,872 - gen_cards.py - WARNING - Having to expand picture, could be poor quality. Original photo: (175, 219)
2025-09-26 15:23:23,920 - gen_cards.py - INFO - J. Luis Correa has never disagreed
2025-09-26 15:23:23,950 - gen_cards.py - WARNING - No military record for J. Luis Correa. Skip.
2025-09-26 15:23:23,950 - gen_cards.py - WARNING - No congressional stats found for J. Luis Correa. Skip.
2025-09-26 15:23:23,951 - gen_cards.py - WARNING - No awards found for J. Luis Correa. Skip.
2025-09-26 15:23:24,204 - gen_cards.py - INFO - Created card: cards\j_luis_correa_card.png
2025-09-26 15:23:24,578 - gen_cards.py - DEBUG - Success image pull for Nanette Diaz Barragán
2025-09-26 15:23:24,929 - gen_cards.py - WARNING - Having to expand picture, could be poor quality. Original photo: (175, 226)
2025-09-26 15:23:25,006 - gen_cards.py - WARNING - No military record for Nanette Diaz Barragán. Skip.
2025-09-26 15:23:25,006 - gen_cards.py - WARNING - No congressional stats found for Nanette Diaz Barragán. Skip.
2025-09-26 15:23:25,007 - gen_cards.py - WARNING - No awards found for Nanette Diaz Barragán. Skip.
2025-09-26 15:23:25,226 - gen_cards.py - INFO - Created card: cards\nanette_diaz_barragán_card.png
2025-09-26 15:23:25,316 - gen_cards.py - DEBUG - Success image pull for Scott H. Peters
2025-09-26 15:23:25,643 - gen_cards.py - WARNING - Having to expand picture, could be poor quality. Original photo: (175, 201)
2025-09-26 15:23:25,681 - gen_cards.py - INFO - Scott H. Peters has never disagreed
2025-09-26 15:23:25,705 - gen_cards.py - WARNING - No military record for Scott H. Peters. Skip.
2025-09-26 15:23:25,705 - gen_cards.py - WARNING - No congressional stats found for Scott H. Peters. Skip.
2025-09-26 15:23:25,705 - gen_cards.py - WARNING - No awards found for Scott H. Peters. Skip.
2025-09-26 15:23:25,937 - gen_cards.py - INFO - Created card: cards\scott_h_peters_card.png
2025-09-26 15:23:26,062 - gen_cards.py - DEBUG - Success image pull for Juan Vargas
2025-09-26 15:23:26,398 - gen_cards.py - WARNING - Having to expand picture, could be poor quality. Original photo: (175, 225)
2025-09-26 15:23:26,438 - gen_cards.py - INFO - Juan Vargas has never disagreed
2025-09-26 15:23:26,461 - gen_cards.py - WARNING - No military record for Juan Vargas. Skip.
2025-09-26 15:23:26,462 - gen_cards.py - WARNING - No congressional stats found for Juan Vargas. Skip.
2025-09-26 15:23:26,462 - gen_cards.py - WARNING - No awards found for Juan Vargas. Skip.
2025-09-26 15:23:26,735 - gen_cards.py - INFO - Created card: cards\juan_vargas_card.png
2025-09-26 15:23:27,141 - gen_cards.py - DEBUG - Success image pull for Mark Takano
2025-09-26 15:23:27,464 - gen_cards.py - WARNING - Having to expand picture, could be poor quality. Original photo: (175, 195)
2025-09-26 15:23:27,499 - gen_cards.py - INFO - Mark Takano has never disagreed
2025-09-26 15:23:27,522 - gen_cards.py - WARNING - No military record for Mark Takano. Skip.
2025-09-26 15:23:27,523 - gen_cards.py - WARNING - No awards found for Mark Takano. Skip.
2025-09-26 15:23:27,749 - gen_cards.py - INFO - Created card: cards\mark_takano_card.png
2025-09-26 15:23:28,024 - gen_cards.py - DEBUG - Success image pull for Joe Courtney
2025-09-26 15:23:28,348 - gen_cards.py - WARNING - Having to expand picture, could be poor quality. Original photo: (175, 219)
2025-09-26 15:23:28,387 - gen_cards.py - INFO - Joe Courtney has never disagreed
2025-09-26 15:23:28,410 - gen_cards.py - WARNING - No military record for Joe Courtney. Skip.
2025-09-26 15:23:28,410 - gen_cards.py - WARNING - No congressional stats found for Joe Courtney. Skip.
2025-09-26 15:23:28,410 - gen_cards.py - WARNING - No awards found for Joe Courtney. Skip.
2025-09-26 15:23:28,679 - gen_cards.py - INFO - Created card: cards\joe_courtney_card.png
2025-09-26 15:23:28,971 - gen_cards.py - DEBUG - Success image pull for James A. Himes
2025-09-26 15:23:29,305 - gen_cards.py - WARNING - Having to expand picture, could be poor quality. Original photo: (175, 241)
2025-09-26 15:23:29,338 - gen_cards.py - INFO - James A. Himes has never disagreed
2025-09-26 15:23:29,360 - gen_cards.py - WARNING - No military record for James A. Himes. Skip.
2025-09-26 15:23:29,360 - gen_cards.py - WARNING - No awards found for James A. Himes. Skip.
2025-09-26 15:23:29,548 - gen_cards.py - INFO - Created card: cards\james_a_himes_card.png
2025-09-26 15:23:29,829 - gen_cards.py - DEBUG - Success image pull for John B. Larson
2025-09-26 15:23:30,143 - gen_cards.py - WARNING - Having to expand picture, could be poor quality. Original photo: (175, 214)
2025-09-26 15:23:30,180 - gen_cards.py - INFO - John B. Larson has never disagreed
2025-09-26 15:23:30,202 - gen_cards.py - WARNING - No military record for John B. Larson. Skip.
2025-09-26 15:23:30,203 - gen_cards.py - WARNING - No awards found for John B. Larson. Skip.
2025-09-26 15:23:30,392 - gen_cards.py - INFO - Created card: cards\john_b_larson_card.png
2025-09-26 15:23:30,675 - gen_cards.py - DEBUG - Success image pull for Diana DeGette
2025-09-26 15:23:30,995 - gen_cards.py - WARNING - Having to expand picture, could be poor quality. Original photo: (175, 262)
2025-09-26 15:23:31,063 - gen_cards.py - WARNING - No military record for Diana DeGette. Skip.
2025-09-26 15:23:31,064 - gen_cards.py - WARNING - No awards found for Diana DeGette. Skip.
2025-09-26 15:23:31,358 - gen_cards.py - INFO - Created card: cards\diana_degette_card.png
2025-09-26 15:23:31,590 - gen_cards.py - DEBUG - Success image pull for Maxine Waters
2025-09-26 15:23:31,926 - gen_cards.py - WARNING - Having to expand picture, could be poor quality. Original photo: (175, 259)
2025-09-26 15:23:31,991 - gen_cards.py - WARNING - No military record for Maxine Waters. Skip.
2025-09-26 15:23:31,991 - gen_cards.py - WARNING - No awards found for Maxine Waters. Skip.
2025-09-26 15:23:32,198 - gen_cards.py - INFO - Created card: cards\maxine_waters_card.png
2025-09-26 15:23:32,659 - gen_cards.py - DEBUG - Success image pull for Eleanor Holmes Norton
2025-09-26 15:23:32,991 - gen_cards.py - WARNING - Having to expand picture, could be poor quality. Original photo: (175, 263)
2025-09-26 15:23:33,074 - gen_cards.py - WARNING - No military record for Eleanor Holmes Norton. Skip.
2025-09-26 15:23:33,074 - gen_cards.py - WARNING - No congressional stats found for Eleanor Holmes Norton. Skip.
2025-09-26 15:23:33,075 - gen_cards.py - WARNING - No awards found for Eleanor Holmes Norton. Skip.
2025-09-26 15:23:33,252 - gen_cards.py - ERROR - Text box 2 for Eleanor Holmes Norton exceeds card dimensions by 407.0 pixels
2025-09-26 15:23:33,429 - gen_cards.py - INFO - Created card: cards\eleanor_holmes_norton_card.png
2025-09-26 15:23:33,628 - gen_cards.py - DEBUG - Success image pull for Darrell Issa
2025-09-26 15:23:33,630 - gen_cards.py - WARNING - Having to expand picture, could be poor quality. Original photo: (175, 233)
2025-09-26 15:23:33,666 - gen_cards.py - INFO - Darrell Issa has never disagreed
2025-09-26 15:23:33,688 - gen_cards.py - WARNING - No awards found for Darrell Issa. Skip.
2025-09-26 15:23:33,832 - gen_cards.py - ERROR - Text box 2 for Darrell Issa exceeds card dimensions by 109.0 pixels
2025-09-26 15:23:34,046 - gen_cards.py - INFO - Created card: cards\darrell_issa_card.png
2025-09-26 15:23:34,407 - gen_cards.py - DEBUG - Success image pull for Ken Calvert
2025-09-26 15:23:34,409 - gen_cards.py - WARNING - Having to expand picture, could be poor quality. Original photo: (175, 245)
2025-09-26 15:23:34,453 - gen_cards.py - INFO - Ken Calvert has never disagreed
2025-09-26 15:23:34,453 - gen_cards.py - INFO - Ken Calvert has never been absent
2025-09-26 15:23:34,472 - gen_cards.py - WARNING - No military record for Ken Calvert. Skip.
2025-09-26 15:23:34,472 - gen_cards.py - WARNING - No congressional stats found for Ken Calvert. Skip.
2025-09-26 15:23:34,473 - gen_cards.py - WARNING - No awards found for Ken Calvert. Skip.
2025-09-26 15:23:34,663 - gen_cards.py - INFO - Created card: cards\ken_calvert_card.png
2025-09-26 15:23:34,855 - gen_cards.py - DEBUG - Success image pull for Rosa L. DeLauro
2025-09-26 15:23:35,222 - gen_cards.py - WARNING - Having to expand picture, could be poor quality. Original photo: (175, 263)
2025-09-26 15:23:35,281 - gen_cards.py - INFO - Rosa L. DeLauro has never disagreed
2025-09-26 15:23:35,307 - gen_cards.py - WARNING - No military record for Rosa L. DeLauro. Skip.
2025-09-26 15:23:35,307 - gen_cards.py - WARNING - No awards found for Rosa L. DeLauro. Skip.
2025-09-26 15:23:35,422 - gen_cards.py - ERROR - Text box 2 for Rosa L. DeLauro exceeds card dimensions by 40.0 pixels
2025-09-26 15:23:35,603 - gen_cards.py - INFO - Created card: cards\rosa_l_delauro_card.png
2025-09-26 15:23:36,049 - gen_cards.py - DEBUG - Success image pull for George Whitesides
2025-09-26 15:23:36,482 - gen_cards.py - INFO - George Whitesides has never disagreed
2025-09-26 15:23:36,508 - gen_cards.py - WARNING - No military record for George Whitesides. Skip.
2025-09-26 15:23:36,508 - gen_cards.py - WARNING - No congressional stats found for George Whitesides. Skip.
2025-09-26 15:23:36,508 - gen_cards.py - WARNING - No awards found for George Whitesides. Skip.
2025-09-26 15:23:36,803 - gen_cards.py - INFO - Created card: cards\george_whitesides_card.png
2025-09-26 15:23:37,059 - gen_cards.py - DEBUG - Success image pull for Luz M. Rivas
2025-09-26 15:23:37,491 - gen_cards.py - WARNING - No military record for Luz M. Rivas. Skip.
2025-09-26 15:23:37,492 - gen_cards.py - WARNING - No congressional stats found for Luz M. Rivas. Skip.
2025-09-26 15:23:37,492 - gen_cards.py - WARNING - No awards found for Luz M. Rivas. Skip.
2025-09-26 15:23:37,614 - gen_cards.py - ERROR - Text box 2 for Luz M. Rivas exceeds card dimensions by 139.0 pixels
2025-09-26 15:23:37,781 - gen_cards.py - INFO - Created card: cards\luz_m_rivas_card.png
2025-09-26 15:23:38,360 - gen_cards.py - DEBUG - Success image pull for Sam T. Liccardo
2025-09-26 15:23:38,821 - gen_cards.py - INFO - Sam T. Liccardo has never disagreed
2025-09-26 15:23:38,846 - gen_cards.py - WARNING - No military record for Sam T. Liccardo. Skip.
2025-09-26 15:23:38,846 - gen_cards.py - WARNING - No congressional stats found for Sam T. Liccardo. Skip.
2025-09-26 15:23:38,847 - gen_cards.py - WARNING - No awards found for Sam T. Liccardo. Skip.
2025-09-26 15:23:39,123 - gen_cards.py - INFO - Created card: cards\sam_t_liccardo_card.png
2025-09-26 15:23:39,271 - gen_cards.py - DEBUG - Success image pull for Adam Gray
2025-09-26 15:23:39,682 - gen_cards.py - INFO - Adam Gray has never disagreed
2025-09-26 15:23:39,707 - gen_cards.py - WARNING - No military record for Adam Gray. Skip.
2025-09-26 15:23:39,708 - gen_cards.py - WARNING - No congressional stats found for Adam Gray. Skip.
2025-09-26 15:23:39,708 - gen_cards.py - WARNING - No awards found for Adam Gray. Skip.
2025-09-26 15:23:39,974 - gen_cards.py - INFO - Created card: cards\adam_gray_card.png
2025-09-26 15:23:40,556 - gen_cards.py - DEBUG - Success image pull for Laura Friedman
2025-09-26 15:23:40,959 - gen_cards.py - INFO - Laura Friedman has never disagreed
2025-09-26 15:23:40,982 - gen_cards.py - WARNING - No military record for Laura Friedman. Skip.
2025-09-26 15:23:40,982 - gen_cards.py - WARNING - No congressional stats found for Laura Friedman. Skip.
2025-09-26 15:23:40,982 - gen_cards.py - WARNING - No awards found for Laura Friedman. Skip.
2025-09-26 15:23:41,309 - gen_cards.py - INFO - Created card: cards\laura_friedman_card.png
2025-09-26 15:23:41,507 - gen_cards.py - DEBUG - Success image pull for Vince Fong
2025-09-26 15:23:41,570 - gen_cards.py - INFO - Vince Fong has never disagreed
2025-09-26 15:23:41,592 - gen_cards.py - WARNING - No military record for Vince Fong. Skip.
2025-09-26 15:23:41,592 - gen_cards.py - WARNING - No congressional stats found for Vince Fong. Skip.
2025-09-26 15:23:41,592 - gen_cards.py - WARNING - No awards found for Vince Fong. Skip.
2025-09-26 15:23:41,737 - gen_cards.py - ERROR - Text box 2 for Vince Fong exceeds card dimensions by 103.0 pixels
2025-09-26 15:23:41,910 - gen_cards.py - INFO - Created card: cards\vince_fong_card.png
2025-09-26 15:23:42,216 - gen_cards.py - DEBUG - Success image pull for Kevin Mullin
2025-09-26 15:23:42,535 - gen_cards.py - WARNING - Having to expand picture, could be poor quality. Original photo: (175, 219)
2025-09-26 15:23:42,609 - gen_cards.py - WARNING - No military record for Kevin Mullin. Skip.
2025-09-26 15:23:42,609 - gen_cards.py - WARNING - No congressional stats found for Kevin Mullin. Skip.
2025-09-26 15:23:42,609 - gen_cards.py - WARNING - No awards found for Kevin Mullin. Skip.
2025-09-26 15:23:42,717 - gen_cards.py - ERROR - Text box 2 for Kevin Mullin exceeds card dimensions by 51.0 pixels
2025-09-26 15:23:42,882 - gen_cards.py - INFO - Created card: cards\kevin_mullin_card.png
2025-09-26 15:23:43,140 - gen_cards.py - DEBUG - Success image pull for Sydney Kamlager-Dove
2025-09-26 15:23:43,478 - gen_cards.py - WARNING - Having to expand picture, could be poor quality. Original photo: (175, 219)
2025-09-26 15:23:43,564 - gen_cards.py - WARNING - No military record for Sydney Kamlager-Dove. Skip.
2025-09-26 15:23:43,564 - gen_cards.py - WARNING - No congressional stats found for Sydney Kamlager-Dove. Skip.
2025-09-26 15:23:43,564 - gen_cards.py - WARNING - No awards found for Sydney Kamlager-Dove. Skip.
2025-09-26 15:23:43,685 - gen_cards.py - ERROR - Text box 2 for Sydney Kamlager-Dove exceeds card dimensions by 227.0 pixels
2025-09-26 15:23:43,848 - gen_cards.py - INFO - Created card: cards\sydney_kamlager-dove_card.png
2025-09-26 15:23:44,206 - gen_cards.py - DEBUG - Success image pull for Jay Obernolte
2025-09-26 15:23:44,209 - gen_cards.py - WARNING - Having to expand picture, could be poor quality. Original photo: (175, 219)
2025-09-26 15:23:44,266 - gen_cards.py - INFO - Jay Obernolte has never disagreed
2025-09-26 15:23:44,289 - gen_cards.py - WARNING - No military record for Jay Obernolte. Skip.
2025-09-26 15:23:44,289 - gen_cards.py - WARNING - No congressional stats found for Jay Obernolte. Skip.
2025-09-26 15:23:44,289 - gen_cards.py - WARNING - No awards found for Jay Obernolte. Skip.
2025-09-26 15:23:44,402 - gen_cards.py - ERROR - Text box 2 for Jay Obernolte exceeds card dimensions by 133.0 pixels
2025-09-26 15:23:44,579 - gen_cards.py - INFO - Created card: cards\jay_obernolte_card.png
2025-09-26 15:23:45,063 - gen_cards.py - DEBUG - Success image pull for Gilbert Ray Cisneros
2025-09-26 15:23:45,448 - gen_cards.py - INFO - Gilbert Ray Cisneros has never been absent
2025-09-26 15:23:45,475 - gen_cards.py - WARNING - No congressional stats found for Gilbert Ray Cisneros. Skip.
2025-09-26 15:23:45,475 - gen_cards.py - WARNING - No awards found for Gilbert Ray Cisneros. Skip.
2025-09-26 15:23:45,558 - gen_cards.py - ERROR - Text box 2 for Gilbert Ray Cisneros exceeds card dimensions by 55.0 pixels
2025-09-26 15:23:45,743 - gen_cards.py - INFO - Created card: cards\gilbert_ray_cisneros_card.png
2025-09-26 15:23:46,030 - gen_cards.py - DEBUG - Success image pull for Jimmy Gomez
2025-09-26 15:23:46,357 - gen_cards.py - WARNING - Having to expand picture, could be poor quality. Original photo: (175, 263)
2025-09-26 15:23:46,439 - gen_cards.py - WARNING - No military record for Jimmy Gomez. Skip.
2025-09-26 15:23:46,439 - gen_cards.py - WARNING - No congressional stats found for Jimmy Gomez. Skip.
2025-09-26 15:23:46,439 - gen_cards.py - WARNING - No awards found for Jimmy Gomez. Skip.
2025-09-26 15:23:46,537 - gen_cards.py - ERROR - Text box 2 for Jimmy Gomez exceeds card dimensions by 119.0 pixels
2025-09-26 15:23:46,688 - gen_cards.py - INFO - Created card: cards\jimmy_gomez_card.png
2025-09-26 15:23:47,040 - gen_cards.py - DEBUG - Success image pull for Salud O. Carbajal
2025-09-26 15:23:47,409 - gen_cards.py - WARNING - Having to expand picture, could be poor quality. Original photo: (175, 219)
2025-09-26 15:23:47,443 - gen_cards.py - INFO - Salud O. Carbajal has never disagreed
2025-09-26 15:23:47,465 - gen_cards.py - WARNING - No congressional stats found for Salud O. Carbajal. Skip.
2025-09-26 15:23:47,466 - gen_cards.py - WARNING - No awards found for Salud O. Carbajal. Skip.
2025-09-26 15:23:47,754 - gen_cards.py - INFO - Created card: cards\salud_o_carbajal_card.png
2025-09-26 15:23:48,107 - gen_cards.py - DEBUG - Success image pull for Jimmy Panetta
2025-09-26 15:23:48,459 - gen_cards.py - WARNING - Having to expand picture, could be poor quality. Original photo: (175, 263)
2025-09-26 15:23:48,510 - gen_cards.py - INFO - Jimmy Panetta has never disagreed
2025-09-26 15:23:48,510 - gen_cards.py - INFO - Jimmy Panetta has never been absent
2025-09-26 15:23:48,533 - gen_cards.py - WARNING - No congressional stats found for Jimmy Panetta. Skip.
2025-09-26 15:23:48,533 - gen_cards.py - WARNING - No awards found for Jimmy Panetta. Skip.
2025-09-26 15:23:48,798 - gen_cards.py - INFO - Created card: cards\jimmy_panetta_card.png
2025-09-26 15:23:49,169 - gen_cards.py - DEBUG - Success image pull for Ro Khanna
2025-09-26 15:23:49,542 - gen_cards.py - WARNING - Having to expand picture, could be poor quality. Original photo: (175, 263)
2025-09-26 15:23:49,586 - gen_cards.py - INFO - Ro Khanna has never disagreed
2025-09-26 15:23:49,613 - gen_cards.py - WARNING - No military record for Ro Khanna. Skip.
2025-09-26 15:23:49,613 - gen_cards.py - WARNING - No congressional stats found for Ro Khanna. Skip.
2025-09-26 15:23:49,613 - gen_cards.py - WARNING - No awards found for Ro Khanna. Skip.
2025-09-26 15:23:49,753 - gen_cards.py - ERROR - Text box 2 for Ro Khanna exceeds card dimensions by 1.0 pixels
2025-09-26 15:23:49,949 - gen_cards.py - INFO - Created card: cards\ro_khanna_card.png
2025-09-26 15:23:50,273 - gen_cards.py - DEBUG - Success image pull for Norma J. Torres
2025-09-26 15:23:50,631 - gen_cards.py - WARNING - Having to expand picture, could be poor quality. Original photo: (175, 219)
2025-09-26 15:23:50,682 - gen_cards.py - INFO - Norma J. Torres has never disagreed
2025-09-26 15:23:50,706 - gen_cards.py - WARNING - No military record for Norma J. Torres. Skip.
2025-09-26 15:23:50,706 - gen_cards.py - WARNING - No congressional stats found for Norma J. Torres. Skip.
2025-09-26 15:23:50,706 - gen_cards.py - WARNING - No awards found for Norma J. Torres. Skip.
2025-09-26 15:23:50,818 - gen_cards.py - ERROR - Text box 2 for Norma J. Torres exceeds card dimensions by 11.0 pixels
2025-09-26 15:23:50,987 - gen_cards.py - INFO - Created card: cards\norma_j_torres_card.png
2025-09-26 15:23:51,222 - gen_cards.py - DEBUG - Success image pull for Ted Lieu
2025-09-26 15:23:51,542 - gen_cards.py - WARNING - Having to expand picture, could be poor quality. Original photo: (175, 263)
2025-09-26 15:23:51,586 - gen_cards.py - INFO - Ted Lieu has never disagreed
2025-09-26 15:23:51,610 - gen_cards.py - WARNING - No awards found for Ted Lieu. Skip.
2025-09-26 15:23:51,743 - gen_cards.py - ERROR - Text box 2 for Ted Lieu exceeds card dimensions by 109.0 pixels
2025-09-26 15:23:51,912 - gen_cards.py - INFO - Created card: cards\ted_lieu_card.png
2025-09-26 15:23:52,269 - gen_cards.py - DEBUG - Success image pull for Pete Aguilar
2025-09-26 15:23:52,590 - gen_cards.py - WARNING - Having to expand picture, could be poor quality. Original photo: (175, 263)
2025-09-26 15:23:52,626 - gen_cards.py - INFO - Pete Aguilar has never disagreed
2025-09-26 15:23:52,649 - gen_cards.py - WARNING - No military record for Pete Aguilar. Skip.
2025-09-26 15:23:52,649 - gen_cards.py - WARNING - No awards found for Pete Aguilar. Skip.
2025-09-26 15:23:52,887 - gen_cards.py - INFO - Created card: cards\pete_aguilar_card.png
2025-09-26 15:23:53,407 - gen_cards.py - DEBUG - Success image pull for Raul Ruiz
2025-09-26 15:23:53,797 - gen_cards.py - INFO - Raul Ruiz has never disagreed
2025-09-26 15:23:53,821 - gen_cards.py - WARNING - No military record for Raul Ruiz. Skip.
2025-09-26 15:23:53,821 - gen_cards.py - WARNING - No congressional stats found for Raul Ruiz. Skip.
2025-09-26 15:23:53,821 - gen_cards.py - WARNING - No awards found for Raul Ruiz. Skip.
2025-09-26 15:23:54,042 - gen_cards.py - INFO - Created card: cards\raul_ruiz_card.png
2025-09-26 15:23:54,301 - gen_cards.py - DEBUG - Success image pull for Julia Brownley
2025-09-26 15:23:54,754 - gen_cards.py - INFO - Julia Brownley has never disagreed
2025-09-26 15:23:54,796 - gen_cards.py - WARNING - No military record for Julia Brownley. Skip.
2025-09-26 15:23:54,796 - gen_cards.py - WARNING - No congressional stats found for Julia Brownley. Skip.
2025-09-26 15:23:54,796 - gen_cards.py - WARNING - No awards found for Julia Brownley. Skip.
2025-09-26 15:23:55,108 - gen_cards.py - INFO - Created card: cards\julia_brownley_card.png
2025-09-26 15:23:55,339 - gen_cards.py - DEBUG - Success image pull for David G. Valadao
2025-09-26 15:23:55,344 - gen_cards.py - WARNING - Having to expand picture, could be poor quality. Original photo: (175, 219)
2025-09-26 15:23:55,385 - gen_cards.py - INFO - David G. Valadao has never disagreed
2025-09-26 15:23:55,410 - gen_cards.py - WARNING - No military record for David G. Valadao. Skip.
2025-09-26 15:23:55,410 - gen_cards.py - WARNING - No congressional stats found for David G. Valadao. Skip.
2025-09-26 15:23:55,410 - gen_cards.py - WARNING - No awards found for David G. Valadao. Skip.
2025-09-26 15:23:55,639 - gen_cards.py - INFO - Created card: cards\david_g_valadao_card.png
2025-09-26 15:23:55,999 - gen_cards.py - DEBUG - Success image pull for Eric Swalwell
2025-09-26 15:23:56,341 - gen_cards.py - WARNING - Having to expand picture, could be poor quality. Original photo: (175, 263)
2025-09-26 15:23:56,386 - gen_cards.py - INFO - Eric Swalwell has never disagreed
2025-09-26 15:23:56,408 - gen_cards.py - WARNING - No military record for Eric Swalwell. Skip.
2025-09-26 15:23:56,408 - gen_cards.py - WARNING - No awards found for Eric Swalwell. Skip.
2025-09-26 15:23:56,555 - gen_cards.py - ERROR - Text box 2 for Eric Swalwell exceeds card dimensions by 74.0 pixels
2025-09-26 15:23:56,721 - gen_cards.py - INFO - Created card: cards\eric_swalwell_card.png
2025-09-26 15:23:57,058 - gen_cards.py - DEBUG - Success image pull for Judy Chu
2025-09-26 15:23:57,417 - gen_cards.py - WARNING - Having to expand picture, could be poor quality. Original photo: (175, 263)
2025-09-26 15:23:57,507 - gen_cards.py - WARNING - No military record for Judy Chu. Skip.
2025-09-26 15:23:57,508 - gen_cards.py - WARNING - No congressional stats found for Judy Chu. Skip.
2025-09-26 15:23:57,508 - gen_cards.py - WARNING - No awards found for Judy Chu. Skip.
2025-09-26 15:23:57,623 - gen_cards.py - ERROR - Text box 2 for Judy Chu exceeds card dimensions by 27.0 pixels
2025-09-26 15:23:57,771 - gen_cards.py - INFO - Created card: cards\judy_chu_card.png
2025-09-26 15:23:58,061 - gen_cards.py - DEBUG - Success image pull for Brad Sherman
2025-09-26 15:23:58,384 - gen_cards.py - WARNING - Having to expand picture, could be poor quality. Original photo: (175, 214)
2025-09-26 15:23:58,458 - gen_cards.py - WARNING - No military record for Brad Sherman. Skip.
2025-09-26 15:23:58,459 - gen_cards.py - WARNING - No congressional stats found for Brad Sherman. Skip.
2025-09-26 15:23:58,459 - gen_cards.py - WARNING - No awards found for Brad Sherman. Skip.
2025-09-26 15:23:58,675 - gen_cards.py - INFO - Created card: cards\brad_sherman_card.png
2025-09-26 15:23:59,010 - gen_cards.py - DEBUG - Success image pull for Jim Costa
2025-09-26 15:23:59,360 - gen_cards.py - WARNING - Having to expand picture, could be poor quality. Original photo: (175, 229)
2025-09-26 15:23:59,400 - gen_cards.py - INFO - Jim Costa has never disagreed
2025-09-26 15:23:59,426 - gen_cards.py - WARNING - No military record for Jim Costa. Skip.
2025-09-26 15:23:59,426 - gen_cards.py - WARNING - No congressional stats found for Jim Costa. Skip.
2025-09-26 15:23:59,426 - gen_cards.py - WARNING - No awards found for Jim Costa. Skip.
2025-09-26 15:23:59,690 - gen_cards.py - INFO - Created card: cards\jim_costa_card.png
2025-09-26 15:24:00,077 - gen_cards.py - DEBUG - Success image pull for Linda T. Sánchez
2025-09-26 15:24:00,435 - gen_cards.py - WARNING - Having to expand picture, could be poor quality. Original photo: (175, 263)
2025-09-26 15:24:00,483 - gen_cards.py - INFO - Linda T. Sánchez has never been absent
2025-09-26 15:24:00,513 - gen_cards.py - WARNING - No military record for Linda T. Sánchez. Skip.
2025-09-26 15:24:00,513 - gen_cards.py - WARNING - No congressional stats found for Linda T. Sánchez. Skip.
2025-09-26 15:24:00,513 - gen_cards.py - WARNING - No awards found for Linda T. Sánchez. Skip.
2025-09-26 15:24:00,754 - gen_cards.py - INFO - Created card: cards\linda_t_sánchez_card.png
2025-09-26 15:24:01,628 - gen_cards.py - DEBUG - Success image pull for Zoe Lofgren
2025-09-26 15:24:02,395 - gen_cards.py - WARNING - No military record for Zoe Lofgren. Skip.
2025-09-26 15:24:02,396 - gen_cards.py - WARNING - No awards found for Zoe Lofgren. Skip.
2025-09-26 15:24:02,684 - gen_cards.py - ERROR - Text box 2 for Zoe Lofgren exceeds card dimensions by 738.0 pixels
2025-09-26 15:24:02,886 - gen_cards.py - INFO - Created card: cards\zoe_lofgren_card.png
2025-09-26 15:24:03,366 - gen_cards.py - DEBUG - Success image pull for Lateefah Simon
2025-09-26 15:24:03,799 - gen_cards.py - WARNING - No military record for Lateefah Simon. Skip.
2025-09-26 15:24:03,799 - gen_cards.py - WARNING - No congressional stats found for Lateefah Simon. Skip.
2025-09-26 15:24:03,800 - gen_cards.py - WARNING - No awards found for Lateefah Simon. Skip.
2025-09-26 15:24:04,104 - gen_cards.py - INFO - Created card: cards\lateefah_simon_card.png
2025-09-26 15:24:04,361 - gen_cards.py - DEBUG - Success image pull for Abraham J. Hamadeh
2025-09-26 15:24:04,466 - gen_cards.py - WARNING - No congressional stats found for Abraham J. Hamadeh. Skip.
2025-09-26 15:24:04,466 - gen_cards.py - WARNING - No awards found for Abraham J. Hamadeh. Skip.
2025-09-26 15:24:04,739 - gen_cards.py - INFO - Created card: cards\abraham_j_hamadeh_card.png
2025-09-26 15:24:05,190 - gen_cards.py - DEBUG - Success image pull for Yassamin Ansari
2025-09-26 15:24:05,655 - gen_cards.py - WARNING - No military record for Yassamin Ansari. Skip.
2025-09-26 15:24:05,656 - gen_cards.py - WARNING - No congressional stats found for Yassamin Ansari. Skip.
2025-09-26 15:24:05,656 - gen_cards.py - WARNING - No awards found for Yassamin Ansari. Skip.
2025-09-26 15:24:05,827 - gen_cards.py - ERROR - Text box 2 for Yassamin Ansari exceeds card dimensions by 139.0 pixels
2025-09-26 15:24:06,018 - gen_cards.py - INFO - Created card: cards\yassamin_ansari_card.png
2025-09-26 15:24:06,367 - gen_cards.py - DEBUG - Success image pull for Dale W. Strong
2025-09-26 15:24:06,370 - gen_cards.py - WARNING - Having to expand picture, could be poor quality. Original photo: (175, 219)
2025-09-26 15:24:06,408 - gen_cards.py - INFO - Dale W. Strong has never disagreed
2025-09-26 15:24:06,430 - gen_cards.py - WARNING - No military record for Dale W. Strong. Skip.
2025-09-26 15:24:06,431 - gen_cards.py - WARNING - No congressional stats found for Dale W. Strong. Skip.
2025-09-26 15:24:06,431 - gen_cards.py - WARNING - No awards found for Dale W. Strong. Skip.
2025-09-26 15:24:06,709 - gen_cards.py - INFO - Created card: cards\dale_w_strong_card.png
2025-09-26 15:24:07,085 - gen_cards.py - DEBUG - Success image pull for Kevin Kiley
2025-09-26 15:24:07,088 - gen_cards.py - WARNING - Having to expand picture, could be poor quality. Original photo: (175, 219)
2025-09-26 15:24:07,138 - gen_cards.py - INFO - Kevin Kiley has never disagreed
2025-09-26 15:24:07,163 - gen_cards.py - WARNING - No military record for Kevin Kiley. Skip.
2025-09-26 15:24:07,163 - gen_cards.py - WARNING - No congressional stats found for Kevin Kiley. Skip.
2025-09-26 15:24:07,163 - gen_cards.py - WARNING - No awards found for Kevin Kiley. Skip.
2025-09-26 15:24:07,353 - gen_cards.py - ERROR - Text box 2 for Kevin Kiley exceeds card dimensions by 469.0 pixels
2025-09-26 15:24:07,534 - gen_cards.py - INFO - Created card: cards\kevin_kiley_card.png
2025-09-26 15:24:07,950 - gen_cards.py - DEBUG - Success image pull for Elijah Crane
2025-09-26 15:24:07,953 - gen_cards.py - WARNING - Having to expand picture, could be poor quality. Original photo: (175, 219)
2025-09-26 15:24:08,063 - gen_cards.py - WARNING - No congressional stats found for Elijah Crane. Skip.
2025-09-26 15:24:08,063 - gen_cards.py - WARNING - No awards found for Elijah Crane. Skip.
2025-09-26 15:24:08,240 - gen_cards.py - ERROR - Text box 2 for Elijah Crane exceeds card dimensions by 22.0 pixels
2025-09-26 15:24:08,502 - gen_cards.py - INFO - Created card: cards\elijah_crane_card.png
2025-09-26 15:24:08,857 - gen_cards.py - DEBUG - Success image pull for Juan Ciscomani
2025-09-26 15:24:08,859 - gen_cards.py - WARNING - Having to expand picture, could be poor quality. Original photo: (175, 219)
2025-09-26 15:24:08,898 - gen_cards.py - INFO - Juan Ciscomani has never disagreed
2025-09-26 15:24:08,928 - gen_cards.py - WARNING - No military record for Juan Ciscomani. Skip.
2025-09-26 15:24:08,929 - gen_cards.py - WARNING - No congressional stats found for Juan Ciscomani. Skip.
2025-09-26 15:24:08,929 - gen_cards.py - WARNING - No awards found for Juan Ciscomani. Skip.
2025-09-26 15:24:09,237 - gen_cards.py - INFO - Created card: cards\juan_ciscomani_card.png
2025-09-26 15:24:09,521 - gen_cards.py - DEBUG - Success image pull for Josh Harder
2025-09-26 15:24:10,145 - gen_cards.py - WARNING - Having to expand picture, could be poor quality. Original photo: (175, 262)
2025-09-26 15:24:10,209 - gen_cards.py - INFO - Josh Harder has never disagreed
2025-09-26 15:24:10,209 - gen_cards.py - INFO - Josh Harder has never been absent
2025-09-26 15:24:10,267 - gen_cards.py - WARNING - No military record for Josh Harder. Skip.
2025-09-26 15:24:10,267 - gen_cards.py - WARNING - No congressional stats found for Josh Harder. Skip.
2025-09-26 15:24:10,267 - gen_cards.py - WARNING - No awards found for Josh Harder. Skip.
2025-09-26 15:24:10,515 - gen_cards.py - INFO - Created card: cards\josh_harder_card.png
2025-09-26 15:24:10,709 - gen_cards.py - DEBUG - Success image pull for Greg Stanton
2025-09-26 15:24:11,046 - gen_cards.py - WARNING - Having to expand picture, could be poor quality. Original photo: (175, 219)
2025-09-26 15:24:11,085 - gen_cards.py - INFO - Greg Stanton has never disagreed
2025-09-26 15:24:11,110 - gen_cards.py - WARNING - No military record for Greg Stanton. Skip.
2025-09-26 15:24:11,110 - gen_cards.py - WARNING - No congressional stats found for Greg Stanton. Skip.
2025-09-26 15:24:11,111 - gen_cards.py - WARNING - No awards found for Greg Stanton. Skip.
2025-09-26 15:24:11,270 - gen_cards.py - ERROR - Text box 2 for Greg Stanton exceeds card dimensions by 11.0 pixels
2025-09-26 15:24:11,520 - gen_cards.py - INFO - Created card: cards\greg_stanton_card.png
2025-09-26 15:24:11,884 - gen_cards.py - DEBUG - Success image pull for Andy Biggs
2025-09-26 15:24:11,886 - gen_cards.py - WARNING - Having to expand picture, could be poor quality. Original photo: (175, 263)
2025-09-26 15:24:11,958 - gen_cards.py - WARNING - No military record for Andy Biggs. Skip.
2025-09-26 15:24:11,958 - gen_cards.py - WARNING - No awards found for Andy Biggs. Skip.
2025-09-26 15:24:12,123 - gen_cards.py - ERROR - Text box 2 for Andy Biggs exceeds card dimensions by 246.0 pixels
2025-09-26 15:24:12,360 - gen_cards.py - INFO - Created card: cards\andy_biggs_card.png
2025-09-26 15:24:12,745 - gen_cards.py - DEBUG - Success image pull for Mark DeSaulnier
2025-09-26 15:24:13,639 - gen_cards.py - WARNING - Having to expand picture, could be poor quality. Original photo: (175, 263)
2025-09-26 15:24:13,714 - gen_cards.py - WARNING - No military record for Mark DeSaulnier. Skip.
2025-09-26 15:24:13,715 - gen_cards.py - WARNING - No congressional stats found for Mark DeSaulnier. Skip.
2025-09-26 15:24:13,715 - gen_cards.py - WARNING - No awards found for Mark DeSaulnier. Skip.
2025-09-26 15:24:13,892 - gen_cards.py - ERROR - Text box 2 for Mark DeSaulnier exceeds card dimensions by 305.0 pixels
2025-09-26 15:24:14,079 - gen_cards.py - INFO - Created card: cards\mark_desaulnier_card.png
2025-09-26 15:24:14,608 - gen_cards.py - DEBUG - Success image pull for Bruce Westerman
2025-09-26 15:24:14,611 - gen_cards.py - WARNING - Having to expand picture, could be poor quality. Original photo: (175, 262)
2025-09-26 15:24:14,653 - gen_cards.py - INFO - Bruce Westerman has never disagreed
2025-09-26 15:24:14,653 - gen_cards.py - INFO - Bruce Westerman has never been absent
2025-09-26 15:24:14,676 - gen_cards.py - WARNING - No military record for Bruce Westerman. Skip.
2025-09-26 15:24:14,677 - gen_cards.py - WARNING - No awards found for Bruce Westerman. Skip.
2025-09-26 15:24:15,151 - gen_cards.py - INFO - Created card: cards\bruce_westerman_card.png
2025-09-26 15:24:15,369 - gen_cards.py - DEBUG - Success image pull for J. French Hill
2025-09-26 15:24:15,376 - gen_cards.py - WARNING - Having to expand picture, could be poor quality. Original photo: (175, 263)
2025-09-26 15:24:15,420 - gen_cards.py - INFO - J. French Hill has never disagreed
2025-09-26 15:24:15,447 - gen_cards.py - WARNING - No military record for J. French Hill. Skip.
2025-09-26 15:24:15,447 - gen_cards.py - WARNING - No awards found for J. French Hill. Skip.
2025-09-26 15:24:15,745 - gen_cards.py - INFO - Created card: cards\j_french_hill_card.png
2025-09-26 15:24:16,192 - gen_cards.py - DEBUG - Success image pull for Aumua Amata Coleman Radewagen
2025-09-26 15:24:16,195 - gen_cards.py - WARNING - Having to expand picture, could be poor quality. Original photo: (175, 263)
2025-09-26 15:24:16,260 - gen_cards.py - INFO - Aumua Amata Coleman Radewagen has never disagreed
2025-09-26 15:24:16,287 - gen_cards.py - WARNING - No military record for Aumua Amata Coleman Radewagen. Skip.
2025-09-26 15:24:16,287 - gen_cards.py - WARNING - No congressional stats found for Aumua Amata Coleman Radewagen. Skip.
2025-09-26 15:24:16,288 - gen_cards.py - WARNING - No awards found for Aumua Amata Coleman Radewagen. Skip.
2025-09-26 15:24:16,452 - gen_cards.py - ERROR - Text box 2 for Aumua Amata Coleman Radewagen exceeds card dimensions by 79.0 pixels
2025-09-26 15:24:16,626 - gen_cards.py - INFO - Created card: cards\aumua_amata_coleman_radewagen_card.png
2025-09-26 15:24:17,061 - gen_cards.py - DEBUG - Success image pull for Gary J. Palmer
2025-09-26 15:24:17,065 - gen_cards.py - WARNING - Having to expand picture, could be poor quality. Original photo: (175, 263)
2025-09-26 15:24:17,198 - gen_cards.py - WARNING - No military record for Gary J. Palmer. Skip.
2025-09-26 15:24:17,199 - gen_cards.py - WARNING - No congressional stats found for Gary J. Palmer. Skip.
2025-09-26 15:24:17,199 - gen_cards.py - WARNING - No awards found for Gary J. Palmer. Skip.
2025-09-26 15:24:17,306 - gen_cards.py - ERROR - Text box 2 for Gary J. Palmer exceeds card dimensions by 95.0 pixels
2025-09-26 15:24:17,492 - gen_cards.py - INFO - Created card: cards\gary_j_palmer_card.png
2025-09-26 15:24:17,863 - gen_cards.py - DEBUG - Success image pull for Ami Bera
2025-09-26 15:24:18,319 - gen_cards.py - WARNING - Having to expand picture, could be poor quality. Original photo: (175, 219)
2025-09-26 15:24:18,359 - gen_cards.py - INFO - Ami Bera has never disagreed
2025-09-26 15:24:18,386 - gen_cards.py - WARNING - No military record for Ami Bera. Skip.
2025-09-26 15:24:18,387 - gen_cards.py - WARNING - No congressional stats found for Ami Bera. Skip.
2025-09-26 15:24:18,387 - gen_cards.py - WARNING - No awards found for Ami Bera. Skip.
2025-09-26 15:24:18,665 - gen_cards.py - INFO - Created card: cards\ami_bera_card.png
2025-09-26 15:24:18,926 - gen_cards.py - DEBUG - Success image pull for Jared Huffman
2025-09-26 15:24:19,459 - gen_cards.py - WARNING - Having to expand picture, could be poor quality. Original photo: (175, 263)
2025-09-26 15:24:19,564 - gen_cards.py - WARNING - No military record for Jared Huffman. Skip.
2025-09-26 15:24:19,564 - gen_cards.py - WARNING - No congressional stats found for Jared Huffman. Skip.
2025-09-26 15:24:19,564 - gen_cards.py - WARNING - No awards found for Jared Huffman. Skip.
2025-09-26 15:24:19,890 - gen_cards.py - INFO - Created card: cards\jared_huffman_card.png
2025-09-26 15:24:20,256 - gen_cards.py - DEBUG - Success image pull for Doug LaMalfa
2025-09-26 15:24:20,259 - gen_cards.py - WARNING - Having to expand picture, could be poor quality. Original photo: (175, 222)
2025-09-26 15:24:20,346 - gen_cards.py - WARNING - No military record for Doug LaMalfa. Skip.
2025-09-26 15:24:20,346 - gen_cards.py - WARNING - No congressional stats found for Doug LaMalfa. Skip.
2025-09-26 15:24:20,346 - gen_cards.py - WARNING - No awards found for Doug LaMalfa. Skip.
2025-09-26 15:24:20,534 - gen_cards.py - ERROR - Text box 2 for Doug LaMalfa exceeds card dimensions by 373.0 pixels
2025-09-26 15:24:20,731 - gen_cards.py - INFO - Created card: cards\doug_lamalfa_card.png
2025-09-26 15:24:20,907 - gen_cards.py - DEBUG - Success image pull for John Garamendi
2025-09-26 15:24:31,185 - gen_cards.py - WARNING - Having to expand picture, could be poor quality. Original photo: (175, 237)
2025-09-26 15:24:31,378 - gen_cards.py - INFO - John Garamendi has never disagreed
2025-09-26 15:24:31,556 - gen_cards.py - WARNING - No military record for John Garamendi. Skip.
2025-09-26 15:24:31,622 - gen_cards.py - WARNING - No congressional stats found for John Garamendi. Skip.
2025-09-26 15:24:31,634 - gen_cards.py - WARNING - No awards found for John Garamendi. Skip.
2025-09-26 15:24:32,125 - gen_cards.py - ERROR - Text box 2 for John Garamendi exceeds card dimensions by 55.0 pixels
2025-09-26 15:24:32,380 - gen_cards.py - INFO - Created card: cards\john_garamendi_card.png
2025-09-26 15:24:32,581 - gen_cards.py - DEBUG - Success image pull for David Schweikert
2025-09-26 15:24:32,585 - gen_cards.py - WARNING - Having to expand picture, could be poor quality. Original photo: (175, 263)
2025-09-26 15:24:32,685 - gen_cards.py - WARNING - No military record for David Schweikert. Skip.
2025-09-26 15:24:32,685 - gen_cards.py - WARNING - No congressional stats found for David Schweikert. Skip.
2025-09-26 15:24:32,686 - gen_cards.py - WARNING - No awards found for David Schweikert. Skip.
2025-09-26 15:24:32,771 - gen_cards.py - ERROR - Text box 2 for David Schweikert exceeds card dimensions by 27.0 pixels
2025-09-26 15:24:33,014 - gen_cards.py - INFO - Created card: cards\david_schweikert_card.png
2025-09-26 15:24:33,382 - gen_cards.py - DEBUG - Success image pull for Paul A. Gosar
2025-09-26 15:24:33,384 - gen_cards.py - WARNING - Having to expand picture, could be poor quality. Original photo: (175, 223)
2025-09-26 15:24:33,460 - gen_cards.py - WARNING - No military record for Paul A. Gosar. Skip.
2025-09-26 15:24:33,461 - gen_cards.py - WARNING - No congressional stats found for Paul A. Gosar. Skip.
2025-09-26 15:24:33,461 - gen_cards.py - WARNING - No awards found for Paul A. Gosar. Skip.
2025-09-26 15:24:33,719 - gen_cards.py - INFO - Created card: cards\paul_a_gosar_card.png
2025-09-26 15:24:34,172 - gen_cards.py - DEBUG - Success image pull for Steve Womack
2025-09-26 15:24:34,275 - gen_cards.py - INFO - Steve Womack has never disagreed
2025-09-26 15:24:34,275 - gen_cards.py - INFO - Steve Womack has never been absent
2025-09-26 15:24:34,298 - gen_cards.py - WARNING - No awards found for Steve Womack. Skip.
2025-09-26 15:24:34,706 - gen_cards.py - INFO - Created card: cards\steve_womack_card.png
2025-09-26 15:24:35,022 - gen_cards.py - DEBUG - Success image pull for Eric A. "Rick" Crawford
2025-09-26 15:24:35,028 - gen_cards.py - WARNING - Having to expand picture, could be poor quality. Original photo: (175, 218)
2025-09-26 15:24:35,073 - gen_cards.py - INFO - Eric A. "Rick" Crawford has never disagreed
2025-09-26 15:24:35,097 - gen_cards.py - WARNING - No awards found for Eric A. "Rick" Crawford. Skip.
2025-09-26 15:24:35,271 - gen_cards.py - ERROR - Text box 2 for Eric A. "Rick" Crawford exceeds card dimensions by 21.0 pixels
2025-09-26 15:24:35,435 - gen_cards.py - INFO - Created card: cards\eric_a_rick_crawford_card.png
2025-09-26 15:24:35,836 - gen_cards.py - DEBUG - Success image pull for Terri A. Sewell
2025-09-26 15:24:36,178 - gen_cards.py - WARNING - Having to expand picture, could be poor quality. Original photo: (175, 263)
2025-09-26 15:24:36,227 - gen_cards.py - INFO - Terri A. Sewell has never disagreed
2025-09-26 15:24:36,250 - gen_cards.py - WARNING - No military record for Terri A. Sewell. Skip.
2025-09-26 15:24:36,250 - gen_cards.py - WARNING - No congressional stats found for Terri A. Sewell. Skip.
2025-09-26 15:24:36,250 - gen_cards.py - WARNING - No awards found for Terri A. Sewell. Skip.
2025-09-26 15:24:36,521 - gen_cards.py - INFO - Created card: cards\terri_a_sewell_card.png
2025-09-26 15:24:36,826 - gen_cards.py - DEBUG - Success image pull for Tom McClintock
2025-09-26 15:24:36,828 - gen_cards.py - WARNING - Having to expand picture, could be poor quality. Original photo: (175, 263)
2025-09-26 15:24:36,897 - gen_cards.py - WARNING - No military record for Tom McClintock. Skip.
2025-09-26 15:24:36,897 - gen_cards.py - WARNING - No congressional stats found for Tom McClintock. Skip.
2025-09-26 15:24:36,897 - gen_cards.py - WARNING - No awards found for Tom McClintock. Skip.
2025-09-26 15:24:37,196 - gen_cards.py - INFO - Created card: cards\tom_mcclintock_card.png
2025-09-26 15:24:37,562 - gen_cards.py - DEBUG - Success image pull for Doris O. Matsui
2025-09-26 15:24:37,941 - gen_cards.py - WARNING - Having to expand picture, could be poor quality. Original photo: (175, 221)
2025-09-26 15:24:37,977 - gen_cards.py - INFO - Doris O. Matsui has never been absent
2025-09-26 15:24:38,004 - gen_cards.py - WARNING - No military record for Doris O. Matsui. Skip.
2025-09-26 15:24:38,004 - gen_cards.py - WARNING - No congressional stats found for Doris O. Matsui. Skip.
2025-09-26 15:24:38,005 - gen_cards.py - WARNING - No awards found for Doris O. Matsui. Skip.
2025-09-26 15:24:38,210 - gen_cards.py - INFO - Created card: cards\doris_o_matsui_card.png
2025-09-26 15:24:38,369 - gen_cards.py - DEBUG - Success image pull for Nancy Pelosi
2025-09-26 15:24:38,687 - gen_cards.py - WARNING - Having to expand picture, could be poor quality. Original photo: (175, 230)
2025-09-26 15:24:38,715 - gen_cards.py - INFO - Nancy Pelosi has never disagreed
2025-09-26 15:24:38,738 - gen_cards.py - WARNING - No military record for Nancy Pelosi. Skip.
2025-09-26 15:24:38,738 - gen_cards.py - WARNING - No work history found for Nancy Pelosi. Skip.
2025-09-26 15:24:38,738 - gen_cards.py - WARNING - No committees found for Nancy Pelosi. Skip.
2025-09-26 15:24:38,998 - gen_cards.py - INFO - Created card: cards\nancy_pelosi_card.png
2025-09-26 15:24:39,382 - gen_cards.py - DEBUG - Success image pull for Mike Thompson
2025-09-26 15:24:39,841 - gen_cards.py - WARNING - Having to expand picture, could be poor quality. Original photo: (175, 215)
2025-09-26 15:24:39,890 - gen_cards.py - INFO - Mike Thompson has never disagreed
2025-09-26 15:24:39,916 - gen_cards.py - WARNING - No congressional stats found for Mike Thompson. Skip.
2025-09-26 15:24:39,916 - gen_cards.py - WARNING - No awards found for Mike Thompson. Skip.
2025-09-26 15:24:40,125 - gen_cards.py - INFO - Created card: cards\mike_thompson_card.png
2025-09-26 15:24:40,427 - gen_cards.py - DEBUG - Success image pull for Robert B. Aderholt
2025-09-26 15:24:40,429 - gen_cards.py - WARNING - Having to expand picture, could be poor quality. Original photo: (175, 220)
2025-09-26 15:24:40,463 - gen_cards.py - INFO - Robert B. Aderholt has never disagreed
2025-09-26 15:24:40,485 - gen_cards.py - WARNING - No military record for Robert B. Aderholt. Skip.
2025-09-26 15:24:40,486 - gen_cards.py - WARNING - No congressional stats found for Robert B. Aderholt. Skip.
2025-09-26 15:24:40,486 - gen_cards.py - WARNING - No awards found for Robert B. Aderholt. Skip.
2025-09-26 15:24:40,725 - gen_cards.py - INFO - Created card: cards\robert_b_aderholt_card.png
2025-09-26 15:24:41,256 - gen_cards.py - DEBUG - Success image pull for Shomari Figures
2025-09-26 15:24:41,644 - gen_cards.py - INFO - Shomari Figures has never disagreed
2025-09-26 15:24:41,666 - gen_cards.py - WARNING - No military record for Shomari Figures. Skip.
2025-09-26 15:24:41,666 - gen_cards.py - WARNING - No congressional stats found for Shomari Figures. Skip.
2025-09-26 15:24:41,666 - gen_cards.py - WARNING - No awards found for Shomari Figures. Skip.
2025-09-26 15:24:41,837 - gen_cards.py - ERROR - Text box 2 for Shomari Figures exceeds card dimensions by 123.0 pixels
2025-09-26 15:24:41,995 - gen_cards.py - INFO - Created card: cards\shomari_figures_card.png
2025-09-26 15:24:42,884 - gen_cards.py - DEBUG - Success image pull for Nicholas J. Begich
2025-09-26 15:24:42,990 - gen_cards.py - WARNING - No military record for Nicholas J. Begich. Skip.
2025-09-26 15:24:42,990 - gen_cards.py - WARNING - No congressional stats found for Nicholas J. Begich. Skip.
2025-09-26 15:24:42,991 - gen_cards.py - WARNING - No awards found for Nicholas J. Begich. Skip.
2025-09-26 15:24:43,139 - gen_cards.py - ERROR - Text box 2 for Nicholas J. Begich exceeds card dimensions by 227.0 pixels
2025-09-26 15:24:43,308 - gen_cards.py - INFO - Created card: cards\nicholas_j_begich_card.png
2025-09-26 15:24:43,657 - gen_cards.py - DEBUG - Success image pull for Barry Moore
2025-09-26 15:24:43,660 - gen_cards.py - WARNING - Having to expand picture, could be poor quality. Original photo: (175, 219)
2025-09-26 15:24:43,736 - gen_cards.py - WARNING - No congressional stats found for Barry Moore. Skip.
2025-09-26 15:24:43,736 - gen_cards.py - WARNING - No awards found for Barry Moore. Skip.
2025-09-26 15:24:43,859 - gen_cards.py - ERROR - Text box 2 for Barry Moore exceeds card dimensions by 320.0 pixels
2025-09-26 15:24:44,021 - gen_cards.py - INFO - Created card: cards\barry_moore_card.png
2025-09-26 15:24:44,382 - gen_cards.py - DEBUG - Success image pull for Mike D. Rogers
2025-09-26 15:24:44,385 - gen_cards.py - WARNING - Having to expand picture, could be poor quality. Original photo: (457, 640)
2025-09-26 15:24:44,444 - gen_cards.py - INFO - Mike D. Rogers has never disagreed
2025-09-26 15:24:44,468 - gen_cards.py - WARNING - No military record for Mike D. Rogers. Skip.
2025-09-26 15:24:44,468 - gen_cards.py - WARNING - No awards found for Mike D. Rogers. Skip.
2025-09-26 15:24:44,656 - gen_cards.py - INFO - Created card: cards\mike_d_rogers_card.png
2025-09-26 15:24:45,021 - gen_cards.py - DEBUG - Success image pull for John R. Curtis
2025-09-26 15:24:45,024 - gen_cards.py - WARNING - Having to expand picture, could be poor quality. Original photo: (175, 219)
2025-09-26 15:24:45,099 - gen_cards.py - WARNING - No military record for John R. Curtis. Skip.
2025-09-26 15:24:45,099 - gen_cards.py - WARNING - No congressional stats found for John R. Curtis. Skip.
2025-09-26 15:24:45,100 - gen_cards.py - WARNING - No awards found for John R. Curtis. Skip.
2025-09-26 15:24:45,313 - gen_cards.py - INFO - Created card: cards\john_r_curtis_card.png
2025-09-26 15:24:45,676 - gen_cards.py - DEBUG - Success image pull for Jon Husted
2025-09-26 15:24:45,679 - gen_cards.py - WARNING - Having to expand picture, could be poor quality. Original photo: (180, 225)
2025-09-26 15:24:45,747 - gen_cards.py - INFO - Jon Husted has never been absent
2025-09-26 15:24:45,777 - gen_cards.py - WARNING - No military record for Jon Husted. Skip.
2025-09-26 15:24:45,777 - gen_cards.py - WARNING - No congressional stats found for Jon Husted. Skip.
2025-09-26 15:24:45,778 - gen_cards.py - WARNING - No awards found for Jon Husted. Skip.
2025-09-26 15:24:45,976 - gen_cards.py - INFO - Created card: cards\jon_husted_card.png
2025-09-26 15:24:46,319 - gen_cards.py - DEBUG - Success image pull for Eric Schmitt
2025-09-26 15:24:46,322 - gen_cards.py - WARNING - Having to expand picture, could be poor quality. Original photo: (180, 225)
2025-09-26 15:24:46,396 - gen_cards.py - WARNING - No military record for Eric Schmitt. Skip.
2025-09-26 15:24:46,396 - gen_cards.py - WARNING - No awards found for Eric Schmitt. Skip.
2025-09-26 15:24:46,613 - gen_cards.py - INFO - Created card: cards\eric_schmitt_card.png
2025-09-26 15:24:46,741 - gen_cards.py - DEBUG - Success image pull for Angela D. Alsobrooks
2025-09-26 15:24:47,091 - gen_cards.py - WARNING - Having to expand picture, could be poor quality. Original photo: (180, 225)
2025-09-26 15:24:47,169 - gen_cards.py - WARNING - No military record for Angela D. Alsobrooks. Skip.
2025-09-26 15:24:47,170 - gen_cards.py - WARNING - No congressional stats found for Angela D. Alsobrooks. Skip.
2025-09-26 15:24:47,170 - gen_cards.py - WARNING - No awards found for Angela D. Alsobrooks. Skip.
2025-09-26 15:24:47,390 - gen_cards.py - INFO - Created card: cards\angela_d_alsobrooks_card.png
2025-09-26 15:24:47,846 - gen_cards.py - DEBUG - Success image pull for Katie Boyd Britt
2025-09-26 15:24:47,849 - gen_cards.py - WARNING - Having to expand picture, could be poor quality. Original photo: (173, 216)
2025-09-26 15:24:47,889 - gen_cards.py - INFO - Katie Boyd Britt has never disagreed
2025-09-26 15:24:47,912 - gen_cards.py - WARNING - No military record for Katie Boyd Britt. Skip.
2025-09-26 15:24:47,912 - gen_cards.py - WARNING - No congressional stats found for Katie Boyd Britt. Skip.
2025-09-26 15:24:47,913 - gen_cards.py - WARNING - No awards found for Katie Boyd Britt. Skip.
2025-09-26 15:24:48,178 - gen_cards.py - INFO - Created card: cards\katie_boyd_britt_card.png
2025-09-26 15:24:48,463 - gen_cards.py - DEBUG - Success image pull for Ted Budd
2025-09-26 15:24:48,466 - gen_cards.py - WARNING - Having to expand picture, could be poor quality. Original photo: (180, 225)
2025-09-26 15:24:48,543 - gen_cards.py - WARNING - No military record for Ted Budd. Skip.
2025-09-26 15:24:48,543 - gen_cards.py - WARNING - No congressional stats found for Ted Budd. Skip.
2025-09-26 15:24:48,543 - gen_cards.py - WARNING - No awards found for Ted Budd. Skip.
2025-09-26 15:24:48,729 - gen_cards.py - INFO - Created card: cards\ted_budd_card.png
2025-09-26 15:24:48,829 - gen_cards.py - DEBUG - Success image pull for Elissa Slotkin
2025-09-26 15:24:49,173 - gen_cards.py - WARNING - Having to expand picture, could be poor quality. Original photo: (180, 225)
2025-09-26 15:24:49,209 - gen_cards.py - INFO - Elissa Slotkin has never disagreed
2025-09-26 15:24:49,232 - gen_cards.py - WARNING - No military record for Elissa Slotkin. Skip.
2025-09-26 15:24:49,232 - gen_cards.py - WARNING - No congressional stats found for Elissa Slotkin. Skip.
2025-09-26 15:24:49,233 - gen_cards.py - WARNING - No awards found for Elissa Slotkin. Skip.
2025-09-26 15:24:49,480 - gen_cards.py - INFO - Created card: cards\elissa_slotkin_card.png
2025-09-26 15:24:49,877 - gen_cards.py - DEBUG - Success image pull for Andy Kim
2025-09-26 15:24:50,345 - gen_cards.py - WARNING - Having to expand picture, could be poor quality. Original photo: (180, 225)
2025-09-26 15:24:50,396 - gen_cards.py - INFO - Andy Kim has never been absent
2025-09-26 15:24:50,422 - gen_cards.py - WARNING - No military record for Andy Kim. Skip.
2025-09-26 15:24:50,422 - gen_cards.py - WARNING - No congressional stats found for Andy Kim. Skip.
2025-09-26 15:24:50,423 - gen_cards.py - WARNING - No awards found for Andy Kim. Skip.
2025-09-26 15:24:50,694 - gen_cards.py - INFO - Created card: cards\andy_kim_card.png
2025-09-26 15:24:51,167 - gen_cards.py - DEBUG - Success image pull for David McCormick
2025-09-26 15:24:51,169 - gen_cards.py - WARNING - Having to expand picture, could be poor quality. Original photo: (180, 225)
2025-09-26 15:24:51,217 - gen_cards.py - INFO - David McCormick has never disagreed
2025-09-26 15:24:51,240 - gen_cards.py - WARNING - No work history found for David McCormick. Skip.
2025-09-26 15:24:51,240 - gen_cards.py - WARNING - No congressional stats found for David McCormick. Skip.
2025-09-26 15:24:51,240 - gen_cards.py - WARNING - No awards found for David McCormick. Skip.
2025-09-26 15:24:51,427 - gen_cards.py - INFO - Created card: cards\david_mccormick_card.png
2025-09-26 15:24:51,625 - gen_cards.py - DEBUG - Success image pull for Jim Banks
2025-09-26 15:24:51,628 - gen_cards.py - WARNING - Having to expand picture, could be poor quality. Original photo: (180, 225)
2025-09-26 15:24:51,639 - gen_cards.py - WARNING - Birthdate unknown for Jim Banks
2025-09-26 15:24:51,701 - gen_cards.py - WARNING - No congressional stats found for Jim Banks. Skip.
2025-09-26 15:24:51,701 - gen_cards.py - WARNING - No awards found for Jim Banks. Skip.
2025-09-26 15:24:51,923 - gen_cards.py - INFO - Created card: cards\jim_banks_card.png
2025-09-26 15:24:52,255 - gen_cards.py - DEBUG - Success image pull for Todd Young
2025-09-26 15:24:52,257 - gen_cards.py - WARNING - Having to expand picture, could be poor quality. Original photo: (180, 225)
2025-09-26 15:24:52,268 - gen_cards.py - WARNING - Birthdate unknown for Todd Young
2025-09-26 15:24:52,317 - gen_cards.py - INFO - Todd Young has never disagreed
2025-09-26 15:24:52,341 - gen_cards.py - WARNING - No congressional stats found for Todd Young. Skip.
2025-09-26 15:24:52,341 - gen_cards.py - WARNING - No awards found for Todd Young. Skip.
2025-09-26 15:24:52,416 - gen_cards.py - ERROR - Text box 2 for Todd Young exceeds card dimensions by 16.0 pixels
2025-09-26 15:24:52,567 - gen_cards.py - INFO - Created card: cards\todd_young_card.png
2025-09-26 15:24:52,723 - gen_cards.py - DEBUG - Success image pull for Ron Wyden
2025-09-26 15:24:53,088 - gen_cards.py - WARNING - Having to expand picture, could be poor quality. Original photo: (180, 225)
2025-09-26 15:24:53,099 - gen_cards.py - WARNING - Birthdate unknown for Ron Wyden
2025-09-26 15:24:53,153 - gen_cards.py - WARNING - No military record for Ron Wyden. Skip.
2025-09-26 15:24:53,153 - gen_cards.py - WARNING - No work history found for Ron Wyden. Skip.
2025-09-26 15:24:53,153 - gen_cards.py - WARNING - No awards found for Ron Wyden. Skip.
2025-09-26 15:24:53,368 - gen_cards.py - INFO - Created card: cards\ron_wyden_card.png
2025-09-26 15:24:53,620 - gen_cards.py - DEBUG - Success image pull for Raphael G. Warnock
2025-09-26 15:24:53,984 - gen_cards.py - WARNING - Having to expand picture, could be poor quality. Original photo: (180, 225)
2025-09-26 15:24:54,054 - gen_cards.py - WARNING - No military record for Raphael G. Warnock. Skip.
2025-09-26 15:24:54,054 - gen_cards.py - WARNING - No congressional stats found for Raphael G. Warnock. Skip.
2025-09-26 15:24:54,055 - gen_cards.py - WARNING - No awards found for Raphael G. Warnock. Skip.
2025-09-26 15:24:54,263 - gen_cards.py - INFO - Created card: cards\raphael_g_warnock_card.png
2025-09-26 15:24:54,406 - gen_cards.py - DEBUG - Success image pull for Elizabeth Warren
2025-09-26 15:24:54,759 - gen_cards.py - WARNING - Having to expand picture, could be poor quality. Original photo: (180, 225)
2025-09-26 15:24:54,772 - gen_cards.py - WARNING - Birthdate unknown for Elizabeth Warren
2025-09-26 15:24:54,831 - gen_cards.py - WARNING - No military record for Elizabeth Warren. Skip.
2025-09-26 15:24:54,832 - gen_cards.py - WARNING - No congressional stats found for Elizabeth Warren. Skip.
2025-09-26 15:24:54,832 - gen_cards.py - WARNING - No awards found for Elizabeth Warren. Skip.
2025-09-26 15:24:55,023 - gen_cards.py - INFO - Created card: cards\elizabeth_warren_card.png
2025-09-26 15:24:55,252 - gen_cards.py - DEBUG - Success image pull for Sheldon Whitehouse
2025-09-26 15:24:55,621 - gen_cards.py - WARNING - Having to expand picture, could be poor quality. Original photo: (180, 225)
2025-09-26 15:24:55,635 - gen_cards.py - WARNING - Birthdate unknown for Sheldon Whitehouse
2025-09-26 15:24:55,652 - gen_cards.py - INFO - Sheldon Whitehouse has never disagreed
2025-09-26 15:24:55,678 - gen_cards.py - WARNING - No military record for Sheldon Whitehouse. Skip.
2025-09-26 15:24:55,679 - gen_cards.py - WARNING - No awards found for Sheldon Whitehouse. Skip.
2025-09-26 15:24:55,912 - gen_cards.py - INFO - Created card: cards\sheldon_whitehouse_card.png
2025-09-26 15:24:56,115 - gen_cards.py - DEBUG - Success image pull for Mark R. Warner
2025-09-26 15:24:56,440 - gen_cards.py - WARNING - Having to expand picture, could be poor quality. Original photo: (180, 225)
2025-09-26 15:24:56,450 - gen_cards.py - WARNING - Birthdate unknown for Mark R. Warner
2025-09-26 15:24:56,468 - gen_cards.py - INFO - Mark R. Warner has never disagreed
2025-09-26 15:24:56,492 - gen_cards.py - WARNING - No military record for Mark R. Warner. Skip.
2025-09-26 15:24:56,493 - gen_cards.py - WARNING - No awards found for Mark R. Warner. Skip.
2025-09-26 15:24:56,717 - gen_cards.py - INFO - Created card: cards\mark_r_warner_card.png
2025-09-26 15:24:57,167 - gen_cards.py - DEBUG - Success image pull for Roger F. Wicker
2025-09-26 15:24:57,171 - gen_cards.py - WARNING - Having to expand picture, could be poor quality. Original photo: (180, 225)
2025-09-26 15:24:57,219 - gen_cards.py - INFO - Roger F. Wicker has never disagreed
2025-09-26 15:24:57,248 - gen_cards.py - WARNING - No awards found for Roger F. Wicker. Skip.
2025-09-26 15:24:57,387 - gen_cards.py - ERROR - Text box 2 for Roger F. Wicker exceeds card dimensions by 75.0 pixels
2025-09-26 15:24:57,574 - gen_cards.py - INFO - Created card: cards\roger_f_wicker_card.png
2025-09-26 15:24:57,855 - gen_cards.py - DEBUG - Success image pull for Chris Van Hollen
2025-09-26 15:24:58,274 - gen_cards.py - WARNING - Having to expand picture, could be poor quality. Original photo: (178, 225)
2025-09-26 15:24:58,286 - gen_cards.py - WARNING - Birthdate unknown for Chris Van Hollen
2025-09-26 15:24:58,346 - gen_cards.py - WARNING - No military record for Chris Van Hollen. Skip.
2025-09-26 15:24:58,346 - gen_cards.py - WARNING - No congressional stats found for Chris Van Hollen. Skip.
2025-09-26 15:24:58,346 - gen_cards.py - WARNING - No awards found for Chris Van Hollen. Skip.
2025-09-26 15:24:58,576 - gen_cards.py - INFO - Created card: cards\chris_van_hollen_card.png
2025-09-26 15:24:58,814 - gen_cards.py - DEBUG - Success image pull for Tommy Tuberville
2025-09-26 15:24:58,900 - gen_cards.py - WARNING - No military record for Tommy Tuberville. Skip.
2025-09-26 15:24:58,900 - gen_cards.py - WARNING - No work history found for Tommy Tuberville. Skip.
2025-09-26 15:24:58,901 - gen_cards.py - WARNING - No congressional stats found for Tommy Tuberville. Skip.
2025-09-26 15:24:58,901 - gen_cards.py - WARNING - No awards found for Tommy Tuberville. Skip.
2025-09-26 15:24:59,098 - gen_cards.py - INFO - Created card: cards\tommy_tuberville_card.png
2025-09-26 15:24:59,385 - gen_cards.py - DEBUG - Success image pull for Tina Smith
2025-09-26 15:24:59,778 - gen_cards.py - WARNING - Having to expand picture, could be poor quality. Original photo: (180, 225)
2025-09-26 15:24:59,791 - gen_cards.py - WARNING - Birthdate unknown for Tina Smith
2025-09-26 15:24:59,850 - gen_cards.py - WARNING - No military record for Tina Smith. Skip.
2025-09-26 15:24:59,851 - gen_cards.py - WARNING - No congressional stats found for Tina Smith. Skip.
2025-09-26 15:24:59,851 - gen_cards.py - WARNING - No awards found for Tina Smith. Skip.
2025-09-26 15:25:00,085 - gen_cards.py - INFO - Created card: cards\tina_smith_card.png
2025-09-26 15:25:00,348 - gen_cards.py - DEBUG - Success image pull for Thomas Tillis
2025-09-26 15:25:00,350 - gen_cards.py - WARNING - Having to expand picture, could be poor quality. Original photo: (180, 225)
2025-09-26 15:25:00,362 - gen_cards.py - WARNING - Birthdate unknown for Thomas Tillis
2025-09-26 15:25:00,386 - gen_cards.py - INFO - Thomas Tillis has never disagreed
2025-09-26 15:25:00,413 - gen_cards.py - WARNING - No military record for Thomas Tillis. Skip.
2025-09-26 15:25:00,413 - gen_cards.py - WARNING - No congressional stats found for Thomas Tillis. Skip.
2025-09-26 15:25:00,413 - gen_cards.py - WARNING - No awards found for Thomas Tillis. Skip.
2025-09-26 15:25:00,583 - gen_cards.py - INFO - Created card: cards\thomas_tillis_card.png
2025-09-26 15:25:00,878 - gen_cards.py - DEBUG - Success image pull for Dan Sullivan
2025-09-26 15:25:00,881 - gen_cards.py - WARNING - Having to expand picture, could be poor quality. Original photo: (180, 225)
2025-09-26 15:25:00,892 - gen_cards.py - WARNING - Birthdate unknown for Dan Sullivan
2025-09-26 15:25:00,918 - gen_cards.py - INFO - Dan Sullivan has never disagreed
2025-09-26 15:25:00,944 - gen_cards.py - WARNING - No congressional stats found for Dan Sullivan. Skip.
2025-09-26 15:25:00,945 - gen_cards.py - WARNING - No awards found for Dan Sullivan. Skip.
2025-09-26 15:25:01,210 - gen_cards.py - INFO - Created card: cards\dan_sullivan_card.png
2025-09-26 15:25:01,395 - gen_cards.py - DEBUG - Success image pull for John Thune
2025-09-26 15:25:01,398 - gen_cards.py - WARNING - Having to expand picture, could be poor quality. Original photo: (180, 225)
2025-09-26 15:25:01,415 - gen_cards.py - WARNING - Birthdate unknown for John Thune
2025-09-26 15:25:01,445 - gen_cards.py - INFO - John Thune has never disagreed
2025-09-26 15:25:01,445 - gen_cards.py - INFO - John Thune has never been absent
2025-09-26 15:25:01,467 - gen_cards.py - WARNING - No military record for John Thune. Skip.
2025-09-26 15:25:01,467 - gen_cards.py - WARNING - No awards found for John Thune. Skip.
2025-09-26 15:25:01,685 - gen_cards.py - INFO - Created card: cards\john_thune_card.png
2025-09-26 15:25:01,911 - gen_cards.py - DEBUG - Success image pull for Rick Scott
2025-09-26 15:25:01,913 - gen_cards.py - WARNING - Having to expand picture, could be poor quality. Original photo: (180, 225)
2025-09-26 15:25:01,950 - gen_cards.py - INFO - Rick Scott has never been absent
2025-09-26 15:25:01,978 - gen_cards.py - WARNING - No awards found for Rick Scott. Skip.
2025-09-26 15:25:02,203 - gen_cards.py - INFO - Created card: cards\rick_scott_card.png
2025-09-26 15:25:02,398 - gen_cards.py - DEBUG - Success image pull for Jeanne Shaheen
2025-09-26 15:25:02,751 - gen_cards.py - WARNING - Having to expand picture, could be poor quality. Original photo: (180, 225)
2025-09-26 15:25:02,764 - gen_cards.py - WARNING - Birthdate unknown for Jeanne Shaheen
2025-09-26 15:25:02,783 - gen_cards.py - INFO - Jeanne Shaheen has never disagreed
2025-09-26 15:25:02,809 - gen_cards.py - WARNING - No military record for Jeanne Shaheen. Skip.
2025-09-26 15:25:02,809 - gen_cards.py - WARNING - No awards found for Jeanne Shaheen. Skip.
2025-09-26 15:25:03,048 - gen_cards.py - INFO - Created card: cards\jeanne_shaheen_card.png
2025-09-26 15:25:03,379 - gen_cards.py - DEBUG - Success image pull for Mike Rounds
2025-09-26 15:25:03,381 - gen_cards.py - WARNING - Having to expand picture, could be poor quality. Original photo: (180, 225)
2025-09-26 15:25:03,394 - gen_cards.py - WARNING - Birthdate unknown for Mike Rounds
2025-09-26 15:25:03,414 - gen_cards.py - INFO - Mike Rounds has never disagreed
2025-09-26 15:25:03,437 - gen_cards.py - WARNING - No military record for Mike Rounds. Skip.
2025-09-26 15:25:03,437 - gen_cards.py - WARNING - No congressional stats found for Mike Rounds. Skip.
2025-09-26 15:25:03,437 - gen_cards.py - WARNING - No awards found for Mike Rounds. Skip.
2025-09-26 15:25:03,650 - gen_cards.py - INFO - Created card: cards\mike_rounds_card.png
2025-09-26 15:25:03,807 - gen_cards.py - DEBUG - Success image pull for Brian Schatz
2025-09-26 15:25:04,210 - gen_cards.py - WARNING - Having to expand picture, could be poor quality. Original photo: (180, 225)
2025-09-26 15:25:04,224 - gen_cards.py - WARNING - Birthdate unknown for Brian Schatz
2025-09-26 15:25:04,276 - gen_cards.py - WARNING - No military record for Brian Schatz. Skip.
2025-09-26 15:25:04,276 - gen_cards.py - WARNING - No awards found for Brian Schatz. Skip.
2025-09-26 15:25:04,490 - gen_cards.py - INFO - Created card: cards\brian_schatz_card.png
2025-09-26 15:25:04,671 - gen_cards.py - DEBUG - Success image pull for Tim Scott
2025-09-26 15:25:04,675 - gen_cards.py - WARNING - Having to expand picture, could be poor quality. Original photo: (180, 225)
2025-09-26 15:25:04,714 - gen_cards.py - INFO - Tim Scott has never disagreed
2025-09-26 15:25:04,738 - gen_cards.py - WARNING - No military record for Tim Scott. Skip.
2025-09-26 15:25:04,739 - gen_cards.py - WARNING - No awards found for Tim Scott. Skip.
2025-09-26 15:25:04,968 - gen_cards.py - INFO - Created card: cards\tim_scott_card.png
2025-09-26 15:25:05,085 - gen_cards.py - DEBUG - Success image pull for Charles E. Schumer
2025-09-26 15:25:05,444 - gen_cards.py - WARNING - Having to expand picture, could be poor quality. Original photo: (180, 225)
2025-09-26 15:25:05,456 - gen_cards.py - WARNING - Birthdate unknown for Charles E. Schumer
2025-09-26 15:25:05,482 - gen_cards.py - INFO - Charles E. Schumer has never been absent
2025-09-26 15:25:05,509 - gen_cards.py - WARNING - No military record for Charles E. Schumer. Skip.
2025-09-26 15:25:05,510 - gen_cards.py - WARNING - "to" not a registered number, adding whatever number we've found up until now.
2025-09-26 15:25:05,510 - gen_cards.py - WARNING - No awards found for Charles E. Schumer. Skip.
2025-09-26 15:25:05,725 - gen_cards.py - INFO - Created card: cards\charles_e_schumer_card.png
2025-09-26 15:25:05,860 - gen_cards.py - DEBUG - Success image pull for Bernard Sanders
2025-09-26 15:25:06,203 - gen_cards.py - WARNING - Having to expand picture, could be poor quality. Original photo: (180, 225)
2025-09-26 15:25:06,214 - gen_cards.py - WARNING - Birthdate unknown for Bernard Sanders
2025-09-26 15:25:06,264 - gen_cards.py - WARNING - No military record for Bernard Sanders. Skip.
2025-09-26 15:25:06,264 - gen_cards.py - WARNING - No awards found for Bernard Sanders. Skip.
2025-09-26 15:25:06,516 - gen_cards.py - INFO - Created card: cards\bernard_sanders_card.png
2025-09-26 15:25:06,687 - gen_cards.py - DEBUG - Success image pull for Adam B. Schiff
2025-09-26 15:25:07,051 - gen_cards.py - WARNING - Having to expand picture, could be poor quality. Original photo: (180, 225)
2025-09-26 15:25:07,127 - gen_cards.py - WARNING - No military record for Adam B. Schiff. Skip.
2025-09-26 15:25:07,127 - gen_cards.py - WARNING - No awards found for Adam B. Schiff. Skip.
2025-09-26 15:25:07,360 - gen_cards.py - ERROR - Text box 2 for Adam B. Schiff exceeds card dimensions by 314.0 pixels
2025-09-26 15:25:07,508 - gen_cards.py - INFO - Created card: cards\adam_b_schiff_card.png
2025-09-26 15:25:07,823 - gen_cards.py - DEBUG - Success image pull for Pete Ricketts
2025-09-26 15:25:07,826 - gen_cards.py - WARNING - Having to expand picture, could be poor quality. Original photo: (180, 225)
2025-09-26 15:25:07,865 - gen_cards.py - INFO - Pete Ricketts has never disagreed
2025-09-26 15:25:07,865 - gen_cards.py - INFO - Pete Ricketts has never been absent
2025-09-26 15:25:07,885 - gen_cards.py - WARNING - No military record for Pete Ricketts. Skip.
2025-09-26 15:25:07,885 - gen_cards.py - WARNING - No congressional stats found for Pete Ricketts. Skip.
2025-09-26 15:25:07,886 - gen_cards.py - WARNING - No awards found for Pete Ricketts. Skip.
2025-09-26 15:25:08,075 - gen_cards.py - INFO - Created card: cards\pete_ricketts_card.png
2025-09-26 15:25:08,248 - gen_cards.py - DEBUG - Success image pull for Jacky Rosen
2025-09-26 15:25:08,600 - gen_cards.py - WARNING - Having to expand picture, could be poor quality. Original photo: (180, 225)
2025-09-26 15:25:08,610 - gen_cards.py - WARNING - Birthdate unknown for Jacky Rosen
2025-09-26 15:25:08,634 - gen_cards.py - INFO - Jacky Rosen has never disagreed
2025-09-26 15:25:08,656 - gen_cards.py - WARNING - No military record for Jacky Rosen. Skip.
2025-09-26 15:25:08,657 - gen_cards.py - WARNING - No congressional stats found for Jacky Rosen. Skip.
2025-09-26 15:25:08,657 - gen_cards.py - WARNING - No awards found for Jacky Rosen. Skip.
2025-09-26 15:25:08,841 - gen_cards.py - INFO - Created card: cards\jacky_rosen_card.png
2025-09-26 15:25:09,168 - gen_cards.py - DEBUG - Success image pull for Gary C. Peters
2025-09-26 15:25:09,508 - gen_cards.py - WARNING - Having to expand picture, could be poor quality. Original photo: (180, 225)
2025-09-26 15:25:09,520 - gen_cards.py - WARNING - Birthdate unknown for Gary C. Peters
2025-09-26 15:25:09,573 - gen_cards.py - INFO - Gary C. Peters has never disagreed
2025-09-26 15:25:09,595 - gen_cards.py - WARNING - No awards found for Gary C. Peters. Skip.
2025-09-26 15:25:09,737 - gen_cards.py - ERROR - Text box 2 for Gary C. Peters exceeds card dimensions by 357.0 pixels
2025-09-26 15:25:09,873 - gen_cards.py - INFO - Created card: cards\gary_c_peters_card.png
2025-09-26 15:25:10,156 - gen_cards.py - DEBUG - Success image pull for James E. Risch
2025-09-26 15:25:10,162 - gen_cards.py - WARNING - Having to expand picture, could be poor quality. Original photo: (180, 225)
2025-09-26 15:25:10,173 - gen_cards.py - WARNING - Birthdate unknown for James E. Risch
2025-09-26 15:25:10,227 - gen_cards.py - WARNING - No military record for James E. Risch. Skip.
2025-09-26 15:25:10,228 - gen_cards.py - WARNING - No awards found for James E. Risch. Skip.
2025-09-26 15:25:10,497 - gen_cards.py - INFO - Created card: cards\james_e_risch_card.png
2025-09-26 15:25:10,706 - gen_cards.py - DEBUG - Success image pull for Jack Reed
2025-09-26 15:25:11,055 - gen_cards.py - WARNING - Having to expand picture, could be poor quality. Original photo: (180, 225)
2025-09-26 15:25:11,066 - gen_cards.py - WARNING - Birthdate unknown for Jack Reed
2025-09-26 15:25:11,134 - gen_cards.py - WARNING - No awards found for Jack Reed. Skip.
2025-09-26 15:25:11,222 - gen_cards.py - ERROR - Text box 2 for Jack Reed exceeds card dimensions by 159.0 pixels
2025-09-26 15:25:11,360 - gen_cards.py - INFO - Created card: cards\jack_reed_card.png
2025-09-26 15:25:11,722 - gen_cards.py - DEBUG - Success image pull for Alex Padilla
2025-09-26 15:25:12,066 - gen_cards.py - WARNING - Having to expand picture, could be poor quality. Original photo: (180, 225)
2025-09-26 15:25:12,136 - gen_cards.py - WARNING - No military record for Alex Padilla. Skip.
2025-09-26 15:25:12,136 - gen_cards.py - WARNING - No congressional stats found for Alex Padilla. Skip.
2025-09-26 15:25:12,136 - gen_cards.py - WARNING - No awards found for Alex Padilla. Skip.
2025-09-26 15:25:12,250 - gen_cards.py - ERROR - Text box 2 for Alex Padilla exceeds card dimensions by 159.0 pixels
2025-09-26 15:25:12,400 - gen_cards.py - INFO - Created card: cards\alex_padilla_card.png
2025-09-26 15:25:12,792 - gen_cards.py - DEBUG - Success image pull for Jon Ossoff
2025-09-26 15:25:13,130 - gen_cards.py - WARNING - Having to expand picture, could be poor quality. Original photo: (180, 225)
2025-09-26 15:25:13,204 - gen_cards.py - WARNING - No military record for Jon Ossoff. Skip.
2025-09-26 15:25:13,205 - gen_cards.py - WARNING - No congressional stats found for Jon Ossoff. Skip.
2025-09-26 15:25:13,205 - gen_cards.py - WARNING - No awards found for Jon Ossoff. Skip.
2025-09-26 15:25:13,396 - gen_cards.py - INFO - Created card: cards\jon_ossoff_card.png
2025-09-26 15:25:13,667 - gen_cards.py - DEBUG - Success image pull for Rand Paul
2025-09-26 15:25:13,670 - gen_cards.py - WARNING - Having to expand picture, could be poor quality. Original photo: (180, 225)
2025-09-26 15:25:13,728 - gen_cards.py - WARNING - No military record for Rand Paul. Skip.
2025-09-26 15:25:13,728 - gen_cards.py - WARNING - No work history found for Rand Paul. Skip.
2025-09-26 15:25:13,729 - gen_cards.py - WARNING - No awards found for Rand Paul. Skip.
2025-09-26 15:25:13,922 - gen_cards.py - INFO - Created card: cards\rand_paul_card.png
2025-09-26 15:25:14,111 - gen_cards.py - DEBUG - Success image pull for Patty Murray
2025-09-26 15:25:14,473 - gen_cards.py - WARNING - Having to expand picture, could be poor quality. Original photo: (180, 225)
2025-09-26 15:25:14,492 - gen_cards.py - WARNING - Birthdate unknown for Patty Murray
2025-09-26 15:25:14,568 - gen_cards.py - WARNING - No military record for Patty Murray. Skip.
2025-09-26 15:25:14,569 - gen_cards.py - WARNING - No awards found for Patty Murray. Skip.
2025-09-26 15:25:14,843 - gen_cards.py - INFO - Created card: cards\patty_murray_card.png
2025-09-26 15:25:15,138 - gen_cards.py - DEBUG - Success image pull for Markwayne Mullin
2025-09-26 15:25:15,141 - gen_cards.py - WARNING - Having to expand picture, could be poor quality. Original photo: (173, 216)
2025-09-26 15:25:15,186 - gen_cards.py - INFO - Markwayne Mullin has never disagreed
2025-09-26 15:25:15,210 - gen_cards.py - WARNING - No military record for Markwayne Mullin. Skip.
2025-09-26 15:25:15,210 - gen_cards.py - WARNING - No congressional stats found for Markwayne Mullin. Skip.
2025-09-26 15:25:15,210 - gen_cards.py - WARNING - No awards found for Markwayne Mullin. Skip.
2025-09-26 15:25:15,396 - gen_cards.py - INFO - Created card: cards\markwayne_mullin_card.png
2025-09-26 15:25:15,716 - gen_cards.py - DEBUG - Success image pull for Christopher Murphy
2025-09-26 15:25:16,103 - gen_cards.py - WARNING - Having to expand picture, could be poor quality. Original photo: (180, 225)
2025-09-26 15:25:16,116 - gen_cards.py - WARNING - Birthdate unknown for Christopher Murphy
2025-09-26 15:25:16,181 - gen_cards.py - WARNING - No military record for Christopher Murphy. Skip.
2025-09-26 15:25:16,182 - gen_cards.py - WARNING - No congressional stats found for Christopher Murphy. Skip.
2025-09-26 15:25:16,182 - gen_cards.py - WARNING - No awards found for Christopher Murphy. Skip.
2025-09-26 15:25:16,397 - gen_cards.py - INFO - Created card: cards\christopher_murphy_card.png
2025-09-26 15:25:16,701 - gen_cards.py - DEBUG - Success image pull for Jerry Moran
2025-09-26 15:25:16,704 - gen_cards.py - WARNING - Having to expand picture, could be poor quality. Original photo: (180, 225)
2025-09-26 15:25:16,761 - gen_cards.py - INFO - Jerry Moran has never disagreed
2025-09-26 15:25:16,785 - gen_cards.py - WARNING - No military record for Jerry Moran. Skip.
2025-09-26 15:25:16,785 - gen_cards.py - WARNING - No awards found for Jerry Moran. Skip.
2025-09-26 15:25:16,906 - gen_cards.py - ERROR - Text box 2 for Jerry Moran exceeds card dimensions by 138.0 pixels
2025-09-26 15:25:17,032 - gen_cards.py - INFO - Created card: cards\jerry_moran_card.png
2025-09-26 15:25:17,322 - gen_cards.py - DEBUG - Success image pull for Lisa Murkowski
2025-09-26 15:25:17,324 - gen_cards.py - WARNING - Having to expand picture, could be poor quality. Original photo: (180, 225)
2025-09-26 15:25:17,373 - gen_cards.py - INFO - Lisa Murkowski has never disagreed
2025-09-26 15:25:17,397 - gen_cards.py - WARNING - No military record for Lisa Murkowski. Skip.
2025-09-26 15:25:17,397 - gen_cards.py - WARNING - No awards found for Lisa Murkowski. Skip.
2025-09-26 15:25:17,654 - gen_cards.py - INFO - Created card: cards\lisa_murkowski_card.png
2025-09-26 15:25:18,117 - gen_cards.py - DEBUG - Success image pull for Roger Marshall
2025-09-26 15:25:18,187 - gen_cards.py - INFO - Roger Marshall has never disagreed
2025-09-26 15:25:18,210 - gen_cards.py - WARNING - No congressional stats found for Roger Marshall. Skip.
2025-09-26 15:25:18,210 - gen_cards.py - WARNING - No awards found for Roger Marshall. Skip.
2025-09-26 15:25:18,415 - gen_cards.py - INFO - Created card: cards\roger_marshall_card.png
2025-09-26 15:25:18,719 - gen_cards.py - DEBUG - Success image pull for Cynthia M. Lummis
2025-09-26 15:25:18,722 - gen_cards.py - WARNING - Having to expand picture, could be poor quality. Original photo: (175, 216)
2025-09-26 15:25:18,733 - gen_cards.py - WARNING - Birthdate unknown for Cynthia M. Lummis
2025-09-26 15:25:18,794 - gen_cards.py - WARNING - No military record for Cynthia M. Lummis. Skip.
2025-09-26 15:25:18,794 - gen_cards.py - WARNING - No congressional stats found for Cynthia M. Lummis. Skip.
2025-09-26 15:25:18,794 - gen_cards.py - WARNING - No awards found for Cynthia M. Lummis. Skip.
2025-09-26 15:25:18,865 - gen_cards.py - ERROR - Text box 2 for Cynthia M. Lummis exceeds card dimensions by 7.0 pixels
2025-09-26 15:25:18,998 - gen_cards.py - INFO - Created card: cards\cynthia_m_lummis_card.png
2025-09-26 15:25:19,294 - gen_cards.py - DEBUG - Success image pull for Jeff Merkley
2025-09-26 15:25:19,644 - gen_cards.py - WARNING - Having to expand picture, could be poor quality. Original photo: (178, 225)
2025-09-26 15:25:19,655 - gen_cards.py - WARNING - Birthdate unknown for Jeff Merkley
2025-09-26 15:25:19,703 - gen_cards.py - WARNING - No military record for Jeff Merkley. Skip.
2025-09-26 15:25:19,704 - gen_cards.py - WARNING - No congressional stats found for Jeff Merkley. Skip.
2025-09-26 15:25:19,704 - gen_cards.py - WARNING - No awards found for Jeff Merkley. Skip.
2025-09-26 15:25:19,896 - gen_cards.py - INFO - Created card: cards\jeff_merkley_card.png
2025-09-26 15:25:20,080 - gen_cards.py - DEBUG - Success image pull for Edward J. Markey
2025-09-26 15:25:20,442 - gen_cards.py - WARNING - Having to expand picture, could be poor quality. Original photo: (180, 225)
2025-09-26 15:25:20,531 - gen_cards.py - WARNING - No congressional stats found for Edward J. Markey. Skip.
2025-09-26 15:25:20,531 - gen_cards.py - WARNING - No awards found for Edward J. Markey. Skip.
2025-09-26 15:25:20,619 - gen_cards.py - ERROR - Text box 2 for Edward J. Markey exceeds card dimensions by 56.0 pixels
2025-09-26 15:25:20,769 - gen_cards.py - INFO - Created card: cards\edward_j_markey_card.png
2025-09-26 15:25:20,909 - gen_cards.py - DEBUG - Success image pull for Mitch McConnell
2025-09-26 15:25:20,911 - gen_cards.py - WARNING - Having to expand picture, could be poor quality. Original photo: (180, 225)
2025-09-26 15:25:20,953 - gen_cards.py - INFO - Mitch McConnell has never disagreed
2025-09-26 15:25:20,978 - gen_cards.py - WARNING - No military record for Mitch McConnell. Skip.
2025-09-26 15:25:20,978 - gen_cards.py - WARNING - No awards found for Mitch McConnell. Skip.
2025-09-26 15:25:21,251 - gen_cards.py - INFO - Created card: cards\mitch_mcconnell_card.png
2025-09-26 15:25:21,458 - gen_cards.py - DEBUG - Success image pull for Jr. Angus S. King
2025-09-26 15:25:21,794 - gen_cards.py - WARNING - Having to expand picture, could be poor quality. Original photo: (180, 225)
2025-09-26 15:25:21,808 - gen_cards.py - WARNING - Birthdate unknown for Jr. Angus S. King
2025-09-26 15:25:21,826 - gen_cards.py - INFO - Jr. Angus S. King has never disagreed
2025-09-26 15:25:21,850 - gen_cards.py - WARNING - No military record for Jr. Angus S. King. Skip.
2025-09-26 15:25:21,851 - gen_cards.py - WARNING - No congressional stats found for Jr. Angus S. King. Skip.
2025-09-26 15:25:21,851 - gen_cards.py - WARNING - No awards found for Jr. Angus S. King. Skip.
2025-09-26 15:25:22,029 - gen_cards.py - INFO - Created card: cards\jr_angus_s_king_card.png
2025-09-26 15:25:22,501 - gen_cards.py - DEBUG - Success image pull for Amy Klobuchar
2025-09-26 15:25:22,849 - gen_cards.py - WARNING - Having to expand picture, could be poor quality. Original photo: (180, 225)
2025-09-26 15:25:22,861 - gen_cards.py - WARNING - Birthdate unknown for Amy Klobuchar
2025-09-26 15:25:22,888 - gen_cards.py - INFO - Amy Klobuchar has never disagreed
2025-09-26 15:25:22,914 - gen_cards.py - WARNING - No military record for Amy Klobuchar. Skip.
2025-09-26 15:25:22,914 - gen_cards.py - WARNING - No awards found for Amy Klobuchar. Skip.
2025-09-26 15:25:23,172 - gen_cards.py - INFO - Created card: cards\amy_klobuchar_card.png
2025-09-26 15:25:23,329 - gen_cards.py - DEBUG - Success image pull for Mike Lee
2025-09-26 15:25:23,332 - gen_cards.py - WARNING - Having to expand picture, could be poor quality. Original photo: (180, 225)
2025-09-26 15:25:23,390 - gen_cards.py - WARNING - No military record for Mike Lee. Skip.
2025-09-26 15:25:23,390 - gen_cards.py - WARNING - No awards found for Mike Lee. Skip.
2025-09-26 15:25:23,490 - gen_cards.py - ERROR - Text box 2 for Mike Lee exceeds card dimensions by 42.0 pixels
2025-09-26 15:25:23,646 - gen_cards.py - INFO - Created card: cards\mike_lee_card.png
2025-09-26 15:25:23,773 - gen_cards.py - DEBUG - Success image pull for James Lankford
2025-09-26 15:25:23,776 - gen_cards.py - WARNING - Having to expand picture, could be poor quality. Original photo: (180, 225)
2025-09-26 15:25:23,815 - gen_cards.py - INFO - James Lankford has never disagreed
2025-09-26 15:25:23,815 - gen_cards.py - INFO - James Lankford has never been absent
2025-09-26 15:25:23,836 - gen_cards.py - WARNING - No military record for James Lankford. Skip.
2025-09-26 15:25:23,836 - gen_cards.py - WARNING - No work history found for James Lankford. Skip.
2025-09-26 15:25:23,836 - gen_cards.py - WARNING - No awards found for James Lankford. Skip.
2025-09-26 15:25:24,051 - gen_cards.py - INFO - Created card: cards\james_lankford_card.png
2025-09-26 15:25:24,336 - gen_cards.py - DEBUG - Success image pull for Mark Kelly
2025-09-26 15:25:24,725 - gen_cards.py - WARNING - Having to expand picture, could be poor quality. Original photo: (173, 216)
2025-09-26 15:25:24,773 - gen_cards.py - INFO - Mark Kelly has never disagreed
2025-09-26 15:25:24,798 - gen_cards.py - WARNING - No congressional stats found for Mark Kelly. Skip.
2025-09-26 15:25:24,799 - gen_cards.py - WARNING - No awards found for Mark Kelly. Skip.
2025-09-26 15:25:25,023 - gen_cards.py - INFO - Created card: cards\mark_kelly_card.png
2025-09-26 15:25:25,224 - gen_cards.py - DEBUG - Success image pull for John Kennedy
2025-09-26 15:25:25,226 - gen_cards.py - WARNING - Having to expand picture, could be poor quality. Original photo: (180, 225)
2025-09-26 15:25:25,238 - gen_cards.py - WARNING - Birthdate unknown for John Kennedy
2025-09-26 15:25:25,296 - gen_cards.py - WARNING - No military record for John Kennedy. Skip.
2025-09-26 15:25:25,297 - gen_cards.py - WARNING - No congressional stats found for John Kennedy. Skip.
2025-09-26 15:25:25,297 - gen_cards.py - WARNING - No awards found for John Kennedy. Skip.
2025-09-26 15:25:25,468 - gen_cards.py - INFO - Created card: cards\john_kennedy_card.png
2025-09-26 15:25:25,680 - gen_cards.py - DEBUG - Success image pull for Tim Kaine
2025-09-26 15:25:26,016 - gen_cards.py - WARNING - Having to expand picture, could be poor quality. Original photo: (180, 225)
2025-09-26 15:25:26,027 - gen_cards.py - WARNING - Birthdate unknown for Tim Kaine
2025-09-26 15:25:26,046 - gen_cards.py - INFO - Tim Kaine has never disagreed
2025-09-26 15:25:26,068 - gen_cards.py - WARNING - No military record for Tim Kaine. Skip.
2025-09-26 15:25:26,068 - gen_cards.py - WARNING - No congressional stats found for Tim Kaine. Skip.
2025-09-26 15:25:26,068 - gen_cards.py - WARNING - No awards found for Tim Kaine. Skip.
2025-09-26 15:25:26,265 - gen_cards.py - INFO - Created card: cards\tim_kaine_card.png
2025-09-26 15:25:26,565 - gen_cards.py - DEBUG - Success image pull for James C. Justice
2025-09-26 15:25:26,568 - gen_cards.py - WARNING - Having to expand picture, could be poor quality. Original photo: (180, 225)
2025-09-26 15:25:26,603 - gen_cards.py - INFO - James C. Justice has never disagreed
2025-09-26 15:25:26,626 - gen_cards.py - WARNING - No military record for James C. Justice. Skip.
2025-09-26 15:25:26,626 - gen_cards.py - WARNING - No congressional stats found for James C. Justice. Skip.
2025-09-26 15:25:26,626 - gen_cards.py - WARNING - No awards found for James C. Justice. Skip.
2025-09-26 15:25:26,827 - gen_cards.py - INFO - Created card: cards\james_c_justice_card.png
2025-09-26 15:25:27,073 - gen_cards.py - DEBUG - Success image pull for Cindy Hyde-Smith
2025-09-26 15:25:27,076 - gen_cards.py - WARNING - Having to expand picture, could be poor quality. Original photo: (180, 225)
2025-09-26 15:25:27,088 - gen_cards.py - WARNING - Birthdate unknown for Cindy Hyde-Smith
2025-09-26 15:25:27,106 - gen_cards.py - INFO - Cindy Hyde-Smith has never disagreed
2025-09-26 15:25:27,129 - gen_cards.py - WARNING - No military record for Cindy Hyde-Smith. Skip.
2025-09-26 15:25:27,130 - gen_cards.py - WARNING - No congressional stats found for Cindy Hyde-Smith. Skip.
2025-09-26 15:25:27,130 - gen_cards.py - WARNING - No awards found for Cindy Hyde-Smith. Skip.
2025-09-26 15:25:27,360 - gen_cards.py - INFO - Created card: cards\cindy_hyde-smith_card.png
2025-09-26 15:25:27,562 - gen_cards.py - DEBUG - Success image pull for Ron Johnson
2025-09-26 15:25:27,565 - gen_cards.py - WARNING - Having to expand picture, could be poor quality. Original photo: (180, 225)
2025-09-26 15:25:27,577 - gen_cards.py - WARNING - Birthdate unknown for Ron Johnson
2025-09-26 15:25:27,628 - gen_cards.py - WARNING - No military record for Ron Johnson. Skip.
2025-09-26 15:25:27,629 - gen_cards.py - WARNING - No work history found for Ron Johnson. Skip.
2025-09-26 15:25:27,629 - gen_cards.py - WARNING - No awards found for Ron Johnson. Skip.
2025-09-26 15:25:27,829 - gen_cards.py - INFO - Created card: cards\ron_johnson_card.png
2025-09-26 15:25:28,232 - gen_cards.py - DEBUG - Success image pull for John Hoeven
2025-09-26 15:25:28,234 - gen_cards.py - WARNING - Having to expand picture, could be poor quality. Original photo: (180, 225)
2025-09-26 15:25:28,246 - gen_cards.py - WARNING - Birthdate unknown for John Hoeven
2025-09-26 15:25:28,263 - gen_cards.py - INFO - John Hoeven has never disagreed
2025-09-26 15:25:28,285 - gen_cards.py - WARNING - No military record for John Hoeven. Skip.
2025-09-26 15:25:28,285 - gen_cards.py - WARNING - No awards found for John Hoeven. Skip.
2025-09-26 15:25:28,489 - gen_cards.py - INFO - Created card: cards\john_hoeven_card.png
2025-09-26 15:25:28,648 - gen_cards.py - DEBUG - Success image pull for Mazie K. Hirono
2025-09-26 15:25:28,990 - gen_cards.py - WARNING - Having to expand picture, could be poor quality. Original photo: (180, 225)
2025-09-26 15:25:29,001 - gen_cards.py - WARNING - Birthdate unknown for Mazie K. Hirono
2025-09-26 15:25:29,026 - gen_cards.py - INFO - Mazie K. Hirono has never been absent
2025-09-26 15:25:29,053 - gen_cards.py - WARNING - No military record for Mazie K. Hirono. Skip.
2025-09-26 15:25:29,054 - gen_cards.py - WARNING - No congressional stats found for Mazie K. Hirono. Skip.
2025-09-26 15:25:29,054 - gen_cards.py - WARNING - No awards found for Mazie K. Hirono. Skip.
2025-09-26 15:25:29,274 - gen_cards.py - INFO - Created card: cards\mazie_k_hirono_card.png
2025-09-26 15:25:29,637 - gen_cards.py - DEBUG - Success image pull for John W. Hickenlooper
2025-09-26 15:25:30,047 - gen_cards.py - INFO - John W. Hickenlooper has never disagreed
2025-09-26 15:25:30,071 - gen_cards.py - WARNING - No military record for John W. Hickenlooper. Skip.
2025-09-26 15:25:30,071 - gen_cards.py - WARNING - No congressional stats found for John W. Hickenlooper. Skip.
2025-09-26 15:25:30,072 - gen_cards.py - WARNING - No awards found for John W. Hickenlooper. Skip.
2025-09-26 15:25:30,318 - gen_cards.py - INFO - Created card: cards\john_w_hickenlooper_card.png
2025-09-26 15:25:30,741 - gen_cards.py - DEBUG - Success image pull for Bill Hagerty
2025-09-26 15:25:30,831 - gen_cards.py - WARNING - No military record for Bill Hagerty. Skip.
2025-09-26 15:25:30,831 - gen_cards.py - WARNING - No congressional stats found for Bill Hagerty. Skip.
2025-09-26 15:25:30,831 - gen_cards.py - WARNING - No awards found for Bill Hagerty. Skip.
2025-09-26 15:25:31,058 - gen_cards.py - INFO - Created card: cards\bill_hagerty_card.png
2025-09-26 15:25:31,430 - gen_cards.py - DEBUG - Success image pull for Margaret Wood Hassan
2025-09-26 15:25:31,829 - gen_cards.py - WARNING - Having to expand picture, could be poor quality. Original photo: (180, 225)
2025-09-26 15:25:31,843 - gen_cards.py - WARNING - Birthdate unknown for Margaret Wood Hassan
2025-09-26 15:25:31,865 - gen_cards.py - INFO - Margaret Wood Hassan has never disagreed
2025-09-26 15:25:31,891 - gen_cards.py - WARNING - No military record for Margaret Wood Hassan. Skip.
2025-09-26 15:25:31,891 - gen_cards.py - WARNING - No congressional stats found for Margaret Wood Hassan. Skip.
2025-09-26 15:25:31,892 - gen_cards.py - WARNING - No awards found for Margaret Wood Hassan. Skip.
2025-09-26 15:25:32,150 - gen_cards.py - INFO - Created card: cards\margaret_wood_hassan_card.png
2025-09-26 15:25:32,442 - gen_cards.py - DEBUG - Success image pull for Martin Heinrich
2025-09-26 15:25:32,812 - gen_cards.py - WARNING - Having to expand picture, could be poor quality. Original photo: (180, 225)
2025-09-26 15:25:32,825 - gen_cards.py - WARNING - Birthdate unknown for Martin Heinrich
2025-09-26 15:25:32,878 - gen_cards.py - WARNING - No military record for Martin Heinrich. Skip.
2025-09-26 15:25:32,879 - gen_cards.py - WARNING - No awards found for Martin Heinrich. Skip.
2025-09-26 15:25:33,129 - gen_cards.py - INFO - Created card: cards\martin_heinrich_card.png
2025-09-26 15:25:33,220 - gen_cards.py - DEBUG - Success image pull for Chuck Grassley
2025-09-26 15:25:33,222 - gen_cards.py - WARNING - Having to expand picture, could be poor quality. Original photo: (180, 225)
2025-09-26 15:25:33,234 - gen_cards.py - WARNING - Birthdate unknown for Chuck Grassley
2025-09-26 15:25:33,262 - gen_cards.py - INFO - Chuck Grassley has never disagreed
2025-09-26 15:25:33,262 - gen_cards.py - INFO - Chuck Grassley has never been absent
2025-09-26 15:25:33,286 - gen_cards.py - WARNING - No military record for Chuck Grassley. Skip.
2025-09-26 15:25:33,286 - gen_cards.py - WARNING - No work history found for Chuck Grassley. Skip.
2025-09-26 15:25:33,286 - gen_cards.py - WARNING - No awards found for Chuck Grassley. Skip.
2025-09-26 15:25:33,567 - gen_cards.py - INFO - Created card: cards\chuck_grassley_card.png
2025-09-26 15:25:33,918 - gen_cards.py - DEBUG - Success image pull for John Fetterman
2025-09-26 15:25:34,304 - gen_cards.py - WARNING - Having to expand picture, could be poor quality. Original photo: (180, 225)
2025-09-26 15:25:34,363 - gen_cards.py - INFO - John Fetterman has never disagreed
2025-09-26 15:25:34,391 - gen_cards.py - WARNING - No military record for John Fetterman. Skip.
2025-09-26 15:25:34,391 - gen_cards.py - WARNING - No congressional stats found for John Fetterman. Skip.
2025-09-26 15:25:34,392 - gen_cards.py - WARNING - No awards found for John Fetterman. Skip.
2025-09-26 15:25:34,625 - gen_cards.py - INFO - Created card: cards\john_fetterman_card.png
2025-09-26 15:25:34,937 - gen_cards.py - DEBUG - Success image pull for Ruben Gallego
2025-09-26 15:25:35,280 - gen_cards.py - WARNING - Having to expand picture, could be poor quality. Original photo: (175, 219)
2025-09-26 15:25:35,317 - gen_cards.py - INFO - Ruben Gallego has never disagreed
2025-09-26 15:25:35,352 - gen_cards.py - WARNING - No congressional stats found for Ruben Gallego. Skip.
2025-09-26 15:25:35,352 - gen_cards.py - WARNING - No awards found for Ruben Gallego. Skip.
2025-09-26 15:25:35,619 - gen_cards.py - INFO - Created card: cards\ruben_gallego_card.png
2025-09-26 15:25:36,019 - gen_cards.py - DEBUG - Success image pull for Deb Fischer
2025-09-26 15:25:36,022 - gen_cards.py - WARNING - Having to expand picture, could be poor quality. Original photo: (180, 225)
2025-09-26 15:25:36,033 - gen_cards.py - WARNING - Birthdate unknown for Deb Fischer
2025-09-26 15:25:36,052 - gen_cards.py - INFO - Deb Fischer has never disagreed
2025-09-26 15:25:36,075 - gen_cards.py - WARNING - No military record for Deb Fischer. Skip.
2025-09-26 15:25:36,075 - gen_cards.py - WARNING - No congressional stats found for Deb Fischer. Skip.
2025-09-26 15:25:36,076 - gen_cards.py - WARNING - No awards found for Deb Fischer. Skip.
2025-09-26 15:25:36,280 - gen_cards.py - INFO - Created card: cards\deb_fischer_card.png
2025-09-26 15:25:36,362 - gen_cards.py - DEBUG - Success image pull for Kirsten E. Gillibrand
2025-09-26 15:25:36,699 - gen_cards.py - WARNING - Having to expand picture, could be poor quality. Original photo: (180, 225)
2025-09-26 15:25:36,710 - gen_cards.py - WARNING - Birthdate unknown for Kirsten E. Gillibrand
2025-09-26 15:25:36,762 - gen_cards.py - WARNING - No military record for Kirsten E. Gillibrand. Skip.
2025-09-26 15:25:36,763 - gen_cards.py - WARNING - No congressional stats found for Kirsten E. Gillibrand. Skip.
2025-09-26 15:25:36,763 - gen_cards.py - WARNING - No awards found for Kirsten E. Gillibrand. Skip.
2025-09-26 15:25:36,913 - gen_cards.py - INFO - Created card: cards\kirsten_e_gillibrand_card.png
2025-09-26 15:25:37,150 - gen_cards.py - DEBUG - Success image pull for Lindsey Graham
2025-09-26 15:25:37,157 - gen_cards.py - WARNING - Having to expand picture, could be poor quality. Original photo: (180, 225)
2025-09-26 15:25:37,206 - gen_cards.py - INFO - Lindsey Graham has never disagreed
2025-09-26 15:25:37,229 - gen_cards.py - WARNING - No awards found for Lindsey Graham. Skip.
2025-09-26 15:25:37,375 - gen_cards.py - ERROR - Text box 2 for Lindsey Graham exceeds card dimensions by 231.0 pixels
2025-09-26 15:25:37,522 - gen_cards.py - INFO - Created card: cards\lindsey_graham_card.png
2025-09-26 15:25:37,850 - gen_cards.py - DEBUG - Success image pull for Joni Ernst
2025-09-26 15:25:37,853 - gen_cards.py - WARNING - Having to expand picture, could be poor quality. Original photo: (180, 225)
2025-09-26 15:25:37,916 - gen_cards.py - WARNING - No awards found for Joni Ernst. Skip.
2025-09-26 15:25:38,012 - gen_cards.py - ERROR - Text box 2 for Joni Ernst exceeds card dimensions by 27.0 pixels
2025-09-26 15:25:38,159 - gen_cards.py - INFO - Created card: cards\joni_ernst_card.png
2025-09-26 15:25:38,304 - gen_cards.py - DEBUG - Success image pull for Ted Cruz
2025-09-26 15:25:38,306 - gen_cards.py - WARNING - Having to expand picture, could be poor quality. Original photo: (180, 225)
2025-09-26 15:25:38,317 - gen_cards.py - WARNING - Birthdate unknown for Ted Cruz
2025-09-26 15:25:38,367 - gen_cards.py - WARNING - No military record for Ted Cruz. Skip.
2025-09-26 15:25:38,367 - gen_cards.py - WARNING - No awards found for Ted Cruz. Skip.
2025-09-26 15:25:38,622 - gen_cards.py - INFO - Created card: cards\ted_cruz_card.png
2025-09-26 15:25:38,908 - gen_cards.py - DEBUG - Success image pull for Steve Daines
2025-09-26 15:25:38,910 - gen_cards.py - WARNING - Having to expand picture, could be poor quality. Original photo: (180, 225)
2025-09-26 15:25:38,922 - gen_cards.py - WARNING - Birthdate unknown for Steve Daines
2025-09-26 15:25:38,946 - gen_cards.py - INFO - Steve Daines has never disagreed
2025-09-26 15:25:38,972 - gen_cards.py - WARNING - No military record for Steve Daines. Skip.
2025-09-26 15:25:38,972 - gen_cards.py - WARNING - No congressional stats found for Steve Daines. Skip.
2025-09-26 15:25:38,972 - gen_cards.py - WARNING - No awards found for Steve Daines. Skip.
2025-09-26 15:25:39,158 - gen_cards.py - INFO - Created card: cards\steve_daines_card.png
2025-09-26 15:25:39,413 - gen_cards.py - DEBUG - Success image pull for Tammy Duckworth
2025-09-26 15:25:39,792 - gen_cards.py - WARNING - Having to expand picture, could be poor quality. Original photo: (180, 225)
2025-09-26 15:25:39,804 - gen_cards.py - WARNING - Birthdate unknown for Tammy Duckworth
2025-09-26 15:25:39,870 - gen_cards.py - WARNING - No work history found for Tammy Duckworth. Skip.
2025-09-26 15:25:39,871 - gen_cards.py - WARNING - No congressional stats found for Tammy Duckworth. Skip.
2025-09-26 15:25:39,871 - gen_cards.py - WARNING - No awards found for Tammy Duckworth. Skip.
2025-09-26 15:25:40,085 - gen_cards.py - INFO - Created card: cards\tammy_duckworth_card.png
2025-09-26 15:25:40,328 - gen_cards.py - DEBUG - Success image pull for Richard J. Durbin
2025-09-26 15:25:40,655 - gen_cards.py - WARNING - Having to expand picture, could be poor quality. Original photo: (180, 225)
2025-09-26 15:25:40,666 - gen_cards.py - WARNING - Birthdate unknown for Richard J. Durbin
2025-09-26 15:25:40,729 - gen_cards.py - WARNING - No military record for Richard J. Durbin. Skip.
2025-09-26 15:25:40,730 - gen_cards.py - WARNING - No awards found for Richard J. Durbin. Skip.
2025-09-26 15:25:40,922 - gen_cards.py - INFO - Created card: cards\richard_j_durbin_card.png
2025-09-26 15:25:41,302 - gen_cards.py - DEBUG - Success image pull for Mike Crapo
2025-09-26 15:25:41,305 - gen_cards.py - WARNING - Having to expand picture, could be poor quality. Original photo: (180, 225)
2025-09-26 15:25:41,317 - gen_cards.py - WARNING - Birthdate unknown for Mike Crapo
2025-09-26 15:25:41,343 - gen_cards.py - INFO - Mike Crapo has never disagreed
2025-09-26 15:25:41,367 - gen_cards.py - WARNING - No military record for Mike Crapo. Skip.
2025-09-26 15:25:41,367 - gen_cards.py - WARNING - No awards found for Mike Crapo. Skip.
2025-09-26 15:25:41,584 - gen_cards.py - INFO - Created card: cards\mike_crapo_card.png
2025-09-26 15:25:41,945 - gen_cards.py - DEBUG - Success image pull for Catherine Cortez Masto
2025-09-26 15:25:42,287 - gen_cards.py - WARNING - Having to expand picture, could be poor quality. Original photo: (169, 225)
2025-09-26 15:25:42,300 - gen_cards.py - WARNING - Birthdate unknown for Catherine Cortez Masto
2025-09-26 15:25:42,320 - gen_cards.py - INFO - Catherine Cortez Masto has never disagreed
2025-09-26 15:25:42,344 - gen_cards.py - WARNING - No military record for Catherine Cortez Masto. Skip.
2025-09-26 15:25:42,344 - gen_cards.py - WARNING - No congressional stats found for Catherine Cortez Masto. Skip.
2025-09-26 15:25:42,344 - gen_cards.py - WARNING - No awards found for Catherine Cortez Masto. Skip.
2025-09-26 15:25:42,576 - gen_cards.py - INFO - Created card: cards\catherine_cortez_masto_card.png
2025-09-26 15:25:42,887 - gen_cards.py - DEBUG - Success image pull for Kevin Cramer
2025-09-26 15:25:42,892 - gen_cards.py - WARNING - Having to expand picture, could be poor quality. Original photo: (180, 225)
2025-09-26 15:25:42,905 - gen_cards.py - WARNING - Birthdate unknown for Kevin Cramer
2025-09-26 15:25:42,934 - gen_cards.py - INFO - Kevin Cramer has never disagreed
2025-09-26 15:25:42,956 - gen_cards.py - WARNING - No military record for Kevin Cramer. Skip.
2025-09-26 15:25:42,956 - gen_cards.py - WARNING - No work history found for Kevin Cramer. Skip.
2025-09-26 15:25:42,956 - gen_cards.py - WARNING - No congressional stats found for Kevin Cramer. Skip.
2025-09-26 15:25:42,957 - gen_cards.py - WARNING - No awards found for Kevin Cramer. Skip.
2025-09-26 15:25:43,135 - gen_cards.py - INFO - Created card: cards\kevin_cramer_card.png
2025-09-26 15:25:43,450 - gen_cards.py - DEBUG - Success image pull for Tom Cotton
2025-09-26 15:25:43,453 - gen_cards.py - WARNING - Having to expand picture, could be poor quality. Original photo: (180, 225)
2025-09-26 15:25:43,464 - gen_cards.py - WARNING - Birthdate unknown for Tom Cotton
2025-09-26 15:25:43,500 - gen_cards.py - INFO - Tom Cotton has never disagreed
2025-09-26 15:25:43,522 - gen_cards.py - WARNING - No awards found for Tom Cotton. Skip.
2025-09-26 15:25:43,712 - gen_cards.py - INFO - Created card: cards\tom_cotton_card.png
2025-09-26 15:25:43,845 - gen_cards.py - DEBUG - Success image pull for John Cornyn
2025-09-26 15:25:43,848 - gen_cards.py - WARNING - Having to expand picture, could be poor quality. Original photo: (180, 225)
2025-09-26 15:25:43,858 - gen_cards.py - WARNING - Birthdate unknown for John Cornyn
2025-09-26 15:25:43,875 - gen_cards.py - INFO - John Cornyn has never disagreed
2025-09-26 15:25:43,875 - gen_cards.py - INFO - John Cornyn has never been absent
2025-09-26 15:25:43,895 - gen_cards.py - WARNING - No military record for John Cornyn. Skip.
2025-09-26 15:25:43,895 - gen_cards.py - WARNING - No congressional stats found for John Cornyn. Skip.
2025-09-26 15:25:43,896 - gen_cards.py - WARNING - No awards found for John Cornyn. Skip.
2025-09-26 15:25:44,109 - gen_cards.py - INFO - Created card: cards\john_cornyn_card.png
2025-09-26 15:25:44,411 - gen_cards.py - DEBUG - Success image pull for Christopher A. Coons
2025-09-26 15:25:44,829 - gen_cards.py - WARNING - Having to expand picture, could be poor quality. Original photo: (180, 225)
2025-09-26 15:25:44,842 - gen_cards.py - WARNING - Birthdate unknown for Christopher A. Coons
2025-09-26 15:25:44,896 - gen_cards.py - WARNING - No military record for Christopher A. Coons. Skip.
2025-09-26 15:25:44,897 - gen_cards.py - WARNING - No awards found for Christopher A. Coons. Skip.
2025-09-26 15:25:45,096 - gen_cards.py - INFO - Created card: cards\christopher_a_coons_card.png
2025-09-26 15:25:45,186 - gen_cards.py - DEBUG - Success image pull for Bill Cassidy
2025-09-26 15:25:45,188 - gen_cards.py - WARNING - Having to expand picture, could be poor quality. Original photo: (180, 225)
2025-09-26 15:25:45,200 - gen_cards.py - WARNING - Birthdate unknown for Bill Cassidy
2025-09-26 15:25:45,227 - gen_cards.py - INFO - Bill Cassidy has never disagreed
2025-09-26 15:25:45,257 - gen_cards.py - WARNING - No military record for Bill Cassidy. Skip.
2025-09-26 15:25:45,258 - gen_cards.py - WARNING - No awards found for Bill Cassidy. Skip.
2025-09-26 15:25:45,483 - gen_cards.py - INFO - Created card: cards\bill_cassidy_card.png
2025-09-26 15:25:45,769 - gen_cards.py - DEBUG - Success image pull for Susan M. Collins
2025-09-26 15:25:45,772 - gen_cards.py - WARNING - Having to expand picture, could be poor quality. Original photo: (180, 225)
2025-09-26 15:25:45,783 - gen_cards.py - WARNING - Birthdate unknown for Susan M. Collins
2025-09-26 15:25:45,808 - gen_cards.py - INFO - Susan M. Collins has never disagreed
2025-09-26 15:25:45,808 - gen_cards.py - INFO - Susan M. Collins has never been absent
2025-09-26 15:25:45,830 - gen_cards.py - WARNING - No military record for Susan M. Collins. Skip.
2025-09-26 15:25:45,831 - gen_cards.py - WARNING - No awards found for Susan M. Collins. Skip.
2025-09-26 15:25:46,112 - gen_cards.py - INFO - Created card: cards\susan_m_collins_card.png
2025-09-26 15:25:46,430 - gen_cards.py - DEBUG - Success image pull for Shelley Moore Capito
2025-09-26 15:25:46,433 - gen_cards.py - WARNING - Having to expand picture, could be poor quality. Original photo: (180, 225)
2025-09-26 15:25:46,468 - gen_cards.py - INFO - Shelley Moore Capito has never disagreed
2025-09-26 15:25:46,493 - gen_cards.py - WARNING - No military record for Shelley Moore Capito. Skip.
2025-09-26 15:25:46,493 - gen_cards.py - WARNING - No awards found for Shelley Moore Capito. Skip.
2025-09-26 15:25:46,726 - gen_cards.py - INFO - Created card: cards\shelley_moore_capito_card.png
2025-09-26 15:25:46,862 - gen_cards.py - DEBUG - Success image pull for Maria Cantwell
2025-09-26 15:25:47,245 - gen_cards.py - WARNING - Having to expand picture, could be poor quality. Original photo: (180, 225)
2025-09-26 15:25:47,259 - gen_cards.py - WARNING - Birthdate unknown for Maria Cantwell
2025-09-26 15:25:47,277 - gen_cards.py - INFO - Maria Cantwell has never disagreed
2025-09-26 15:25:47,277 - gen_cards.py - INFO - Maria Cantwell has never been absent
2025-09-26 15:25:47,301 - gen_cards.py - WARNING - No military record for Maria Cantwell. Skip.
2025-09-26 15:25:47,301 - gen_cards.py - WARNING - No awards found for Maria Cantwell. Skip.
2025-09-26 15:25:47,574 - gen_cards.py - INFO - Created card: cards\maria_cantwell_card.png
2025-09-26 15:25:47,736 - gen_cards.py - DEBUG - Success image pull for Lisa Blunt Rochester
2025-09-26 15:25:48,097 - gen_cards.py - WARNING - Having to expand picture, could be poor quality. Original photo: (175, 219)
2025-09-26 15:25:48,141 - gen_cards.py - INFO - Lisa Blunt Rochester has never been absent
2025-09-26 15:25:48,167 - gen_cards.py - WARNING - No military record for Lisa Blunt Rochester. Skip.
2025-09-26 15:25:48,167 - gen_cards.py - WARNING - No congressional stats found for Lisa Blunt Rochester. Skip.
2025-09-26 15:25:48,167 - gen_cards.py - WARNING - No awards found for Lisa Blunt Rochester. Skip.
2025-09-26 15:25:48,390 - gen_cards.py - INFO - Created card: cards\lisa_blunt_rochester_card.png
2025-09-26 15:25:48,682 - gen_cards.py - DEBUG - Success image pull for Cory A. Booker
2025-09-26 15:25:49,040 - gen_cards.py - WARNING - Having to expand picture, could be poor quality. Original photo: (180, 225)
2025-09-26 15:25:49,053 - gen_cards.py - WARNING - Birthdate unknown for Cory A. Booker
2025-09-26 15:25:49,130 - gen_cards.py - WARNING - No military record for Cory A. Booker. Skip.
2025-09-26 15:25:49,131 - gen_cards.py - WARNING - No congressional stats found for Cory A. Booker. Skip.
2025-09-26 15:25:49,131 - gen_cards.py - WARNING - No awards found for Cory A. Booker. Skip.
2025-09-26 15:25:49,335 - gen_cards.py - INFO - Created card: cards\cory_a_booker_card.png
2025-09-26 15:25:49,533 - gen_cards.py - DEBUG - Success image pull for Richard Blumenthal
2025-09-26 15:25:49,854 - gen_cards.py - WARNING - Having to expand picture, could be poor quality. Original photo: (180, 225)
2025-09-26 15:25:49,866 - gen_cards.py - WARNING - Birthdate unknown for Richard Blumenthal
2025-09-26 15:25:49,922 - gen_cards.py - WARNING - No congressional stats found for Richard Blumenthal. Skip.
2025-09-26 15:25:49,922 - gen_cards.py - WARNING - No awards found for Richard Blumenthal. Skip.
2025-09-26 15:25:50,054 - gen_cards.py - ERROR - Text box 2 for Richard Blumenthal exceeds card dimensions by 120.0 pixels
2025-09-26 15:25:50,191 - gen_cards.py - INFO - Created card: cards\richard_blumenthal_card.png
2025-09-26 15:25:50,503 - gen_cards.py - DEBUG - Success image pull for John Boozman
2025-09-26 15:25:50,506 - gen_cards.py - WARNING - Having to expand picture, could be poor quality. Original photo: (180, 225)
2025-09-26 15:25:50,549 - gen_cards.py - INFO - John Boozman has never disagreed
2025-09-26 15:25:50,574 - gen_cards.py - WARNING - No military record for John Boozman. Skip.
2025-09-26 15:25:50,574 - gen_cards.py - WARNING - No awards found for John Boozman. Skip.
2025-09-26 15:25:50,794 - gen_cards.py - INFO - Created card: cards\john_boozman_card.png
2025-09-26 15:25:51,101 - gen_cards.py - DEBUG - Success image pull for John Barrasso
2025-09-26 15:25:51,104 - gen_cards.py - WARNING - Having to expand picture, could be poor quality. Original photo: (180, 225)
2025-09-26 15:25:51,115 - gen_cards.py - WARNING - Birthdate unknown for John Barrasso
2025-09-26 15:25:51,169 - gen_cards.py - WARNING - No military record for John Barrasso. Skip.
2025-09-26 15:25:51,169 - gen_cards.py - WARNING - No awards found for John Barrasso. Skip.
2025-09-26 15:25:51,389 - gen_cards.py - INFO - Created card: cards\john_barrasso_card.png
2025-09-26 15:25:51,574 - gen_cards.py - DEBUG - Success image pull for Michael F. Bennet
2025-09-26 15:25:51,952 - gen_cards.py - WARNING - Having to expand picture, could be poor quality. Original photo: (180, 225)
2025-09-26 15:25:51,963 - gen_cards.py - WARNING - Birthdate unknown for Michael F. Bennet
2025-09-26 15:25:51,985 - gen_cards.py - INFO - Michael F. Bennet has never disagreed
2025-09-26 15:25:52,008 - gen_cards.py - WARNING - No military record for Michael F. Bennet. Skip.
2025-09-26 15:25:52,008 - gen_cards.py - WARNING - No congressional stats found for Michael F. Bennet. Skip.
2025-09-26 15:25:52,008 - gen_cards.py - WARNING - No awards found for Michael F. Bennet. Skip.
2025-09-26 15:25:52,196 - gen_cards.py - INFO - Created card: cards\michael_f_bennet_card.png
2025-09-26 15:25:52,310 - gen_cards.py - DEBUG - Success image pull for Tammy Baldwin
2025-09-26 15:25:52,679 - gen_cards.py - WARNING - Having to expand picture, could be poor quality. Original photo: (180, 225)
2025-09-26 15:25:52,691 - gen_cards.py - WARNING - Birthdate unknown for Tammy Baldwin
2025-09-26 15:25:52,720 - gen_cards.py - INFO - Tammy Baldwin has never disagreed
2025-09-26 15:25:52,720 - gen_cards.py - INFO - Tammy Baldwin has never been absent
2025-09-26 15:25:52,742 - gen_cards.py - WARNING - No military record for Tammy Baldwin. Skip.
2025-09-26 15:25:52,742 - gen_cards.py - WARNING - No congressional stats found for Tammy Baldwin. Skip.
2025-09-26 15:25:52,742 - gen_cards.py - WARNING - No awards found for Tammy Baldwin. Skip.
2025-09-26 15:25:52,960 - gen_cards.py - INFO - Created card: cards\tammy_baldwin_card.png
2025-09-26 15:25:53,283 - gen_cards.py - DEBUG - Success image pull for Marsha Blackburn
2025-09-26 15:25:53,288 - gen_cards.py - WARNING - Having to expand picture, could be poor quality. Original photo: (180, 225)
2025-09-26 15:25:53,302 - gen_cards.py - WARNING - Birthdate unknown for Marsha Blackburn
2025-09-26 15:25:53,323 - gen_cards.py - INFO - Marsha Blackburn has never disagreed
2025-09-26 15:25:53,346 - gen_cards.py - WARNING - No military record for Marsha Blackburn. Skip.
2025-09-26 15:25:53,347 - gen_cards.py - WARNING - No congressional stats found for Marsha Blackburn. Skip.
2025-09-26 15:25:53,347 - gen_cards.py - WARNING - No awards found for Marsha Blackburn. Skip.
2025-09-26 15:25:53,571 - gen_cards.py - INFO - Created card: cards\marsha_blackburn_card.png
2025-09-26 15:25:53,571 - gen_cards.py - INFO - Card generation complete!
2025-10-03 13:03:30,057 - gen_cards.py - INFO - Running in debug mode. Just printing one card.
2025-10-03 13:03:30,437 - gen_cards.py - DEBUG - Success image pull for Abraham J. Hamadeh
2025-10-03 13:03:30,564 - gen_cards.py - WARNING - No congressional stats found for Abraham J. Hamadeh. Skip.
2025-10-03 13:03:30,564 - gen_cards.py - WARNING - No awards found for Abraham J. Hamadeh. Skip.
2025-10-03 13:03:31,516 - gen_cards.py - INFO - Card generation complete!
2025-10-14 12:31:13,729 - modify_votes.py - INFO - Success getting senate bioguide to senate_id dict
2025-10-14 12:31:13,865 - modify_votes.py - INFO - 282 house votes, 530 senate votes, for total of 812 votes
2025-10-14 12:31:13,933 - modify_votes.py - INFO - 444 house reps, 102 senators, for total of 546 people
2025-10-14 12:31:14,444 - modify_votes.py - WARNING - Some congressmen are missing voter information unexpectedly: ['H001104' 'J000312' 'M001244' 'W000831']
2025-10-14 12:31:15,432 - gen_committees.py - INFO - Success getting list of comcodes per bioguideID for House
2025-10-14 12:31:15,433 - gen_committees.py - INFO - Success getting list of (sub)committee names for comcode
2025-10-14 12:31:15,433 - gen_committees.py - WARNING - Comcode not found for None, Nonetype returned.
2025-10-14 12:31:15,433 - gen_committees.py - WARNING - Comcode not found for P000197, Nonetype returned.
2025-10-14 12:31:15,433 - gen_committees.py - WARNING - Comcode not found for S001176, Nonetype returned.
2025-10-14 12:31:15,434 - gen_committees.py - WARNING - Comcode not found for J000299, Nonetype returned.
2025-10-14 12:31:15,434 - gen_committees.py - WARNING - Comcode not found for C001101, Nonetype returned.
2025-10-14 12:31:15,434 - gen_committees.py - WARNING - Comcode not found for J000294, Nonetype returned.
2025-10-14 12:31:15,509 - gen_committees.py - INFO - Success getting list of comcodes per bioguideID for senate
2025-10-14 12:31:31,618 - gen_cards.py - INFO - Running in debug mode. Just printing one card.
2025-10-14 12:31:31,954 - gen_cards.py - DEBUG - Success image pull for Abraham J. Hamadeh
2025-10-14 12:32:28,951 - modify_votes.py - INFO - Success getting senate bioguide to senate_id dict
2025-10-14 12:32:29,070 - modify_votes.py - INFO - 282 house votes, 530 senate votes, for total of 812 votes
2025-10-14 12:32:29,131 - modify_votes.py - INFO - 444 house reps, 102 senators, for total of 546 people
2025-10-14 12:32:29,612 - modify_votes.py - WARNING - Some congressmen are missing voter information unexpectedly: ['H001104' 'J000312' 'M001244' 'W000831']
2025-10-14 12:32:30,143 - gen_committees.py - INFO - Success getting list of comcodes per bioguideID for House
2025-10-14 12:32:30,143 - gen_committees.py - INFO - Success getting list of (sub)committee names for comcode
2025-10-14 12:32:30,143 - gen_committees.py - WARNING - Comcode not found for None, Nonetype returned.
2025-10-14 12:32:30,144 - gen_committees.py - WARNING - Comcode not found for P000197, Nonetype returned.
2025-10-14 12:32:30,144 - gen_committees.py - WARNING - Comcode not found for S001176, Nonetype returned.
2025-10-14 12:32:30,144 - gen_committees.py - WARNING - Comcode not found for J000299, Nonetype returned.
2025-10-14 12:32:30,145 - gen_committees.py - WARNING - Comcode not found for C001101, Nonetype returned.
2025-10-14 12:32:30,145 - gen_committees.py - WARNING - Comcode not found for J000294, Nonetype returned.
2025-10-14 12:32:30,209 - gen_committees.py - INFO - Success getting list of comcodes per bioguideID for senate
2025-10-14 12:32:37,179 - gen_cards.py - INFO - Running in debug mode. Just printing one card.
2025-10-14 12:32:37,403 - gen_cards.py - DEBUG - Success image pull for Abraham J. Hamadeh
2025-10-14 12:32:37,501 - gen_cards.py - WARNING - No congressional stats found for Abraham J. Hamadeh. Skip.
2025-10-14 12:32:37,502 - gen_cards.py - WARNING - No awards found for Abraham J. Hamadeh. Skip.
2025-10-14 12:32:38,314 - gen_cards.py - INFO - Card generation complete!
